,close,open,high,low,volume
2025-07-14 20:00:00,1.100228537809816,1.1000170438100791,1.1020888916538787,1.0981510332370343,2008
2025-07-14 21:00:00,1.0994485497301356,1.1000441350840302,1.1022143126640624,1.097444666320781,2564
2025-07-14 22:00:00,1.1000113881269904,1.0994651788875698,1.1014407018282486,1.0978456501939517,2199
2025-07-14 23:00:00,1.1007168116642838,1.0998221852150019,1.1021877700439702,1.0979240795430432,4096
2025-07-15 00:00:00,1.0992535352727935,1.1009125123948145,1.1024925134384878,1.097902721591551,2116
2025-07-15 01:00:00,1.0982769006426467,1.0997029222914203,1.1014462883582288,1.0963109965913314,719
2025-07-15 02:00:00,1.098372780945022,1.0983566327947858,1.100052308619007,1.0964867922102834,2044
2025-07-15 03:00:00,1.0981355990007644,1.0982681923606223,1.1001144793934277,1.0967520330090486,2685
2025-07-15 04:00:00,1.0981229981326361,1.0977182587284455,1.0993995046640763,1.095896353206368,2306
2025-07-15 05:00:00,1.097483215186956,1.0978456974687918,1.0996225843704386,1.0954782051429932,2556
2025-07-15 06:00:00,1.0981427636681032,1.097739334227193,1.0995454602789418,1.0960662107459314,4936
2025-07-15 07:00:00,1.0987261076196748,1.0979731436759104,1.1003269513710157,1.0965961693442436,2038
2025-07-15 08:00:00,1.0987756306428458,1.0986649879700263,1.1009868112139405,1.0969582304000185,4108
2025-07-15 09:00:00,1.0996210615480717,1.0988837221794199,1.1008092319678906,1.0970520446440752,4961
2025-07-15 10:00:00,1.0999716935547608,1.099865633071213,1.101529429203727,1.098489574901114,4169
2025-07-15 11:00:00,1.0993272242075984,1.099938781854356,1.1011673968510507,1.0980105524955655,2743
2025-07-15 12:00:00,1.0996037872956603,1.0992604782242268,1.101303687213963,1.0974389991724904,4948
2025-07-15 13:00:00,1.0988846253450386,1.0996155927827227,1.101609485831091,1.0969648789753281,2124
2025-07-15 14:00:00,1.099543463071019,1.0987811080862693,1.101248741218696,1.0964226673999928,1468
2025-07-15 15:00:00,1.0995060186377794,1.0994488254208745,1.101116778730772,1.0975799752645043,4296
2025-07-15 16:00:00,1.0993673718651205,1.09957393977213,1.1016611114831085,1.0981170882989144,4602
2025-07-15 17:00:00,1.0988566747068176,1.0993979131882914,1.1011551506422885,1.0965359607679437,781
2025-07-15 18:00:00,1.099773580710823,1.099208317186916,1.101693642210803,1.0972105827178487,1665
2025-07-15 19:00:00,1.0996576835992715,1.0998459682317958,1.1017314162415532,1.0986697306128654,1509
2025-07-15 20:00:00,1.099336437732649,1.0998475080361945,1.100547925928803,1.0980272236816258,4117
2025-07-15 21:00:00,1.0990723375697828,1.0991598247471415,1.1007831538844723,1.097585806542243,1466
2025-07-15 22:00:00,1.0994715694589479,1.0991589468962653,1.1007651831446479,1.0972333000016679,3350
2025-07-15 23:00:00,1.099745652507221,1.0993523051200327,1.1011216596913118,1.0984877252170084,4675
2025-07-16 00:00:00,1.100055201965918,1.0998109055701344,1.1021919226042998,1.098200131837066,4558
2025-07-16 01:00:00,1.1003783177181738,1.1001688459461978,1.1019051568261211,1.098260443701934,4413
2025-07-16 02:00:00,1.1019845534188266,1.1003865609225418,1.1042632045243759,1.0996705285237767,2693
2025-07-16 03:00:00,1.101679742156538,1.1023823687158447,1.1035696417843153,1.0997804159564588,3072
2025-07-16 04:00:00,1.1012955601097345,1.101915636323485,1.1032095471179675,1.0993571884772395,3654
2025-07-16 05:00:00,1.1006852305635486,1.1014899265923237,1.1033926868720751,1.0993137721004227,1666
2025-07-16 06:00:00,1.1011472151304802,1.1008114693053923,1.1026861658636837,1.0995407302018263,2555
2025-07-16 07:00:00,1.1019939443500208,1.1014386970719066,1.103748537125706,1.1000707788384128,2393
2025-07-16 08:00:00,1.1019084837567796,1.1017564330510539,1.1035242209289866,1.1009868925238433,4022
2025-07-16 09:00:00,1.1012783663990577,1.1021348432298324,1.1037396559415005,1.099734216611579,2898
2025-07-16 10:00:00,1.1006600054872893,1.101114712953575,1.102665244819882,1.0989365052342397,2282
2025-07-16 11:00:00,1.1011479500781578,1.100566792357673,1.1028589666270348,1.099317871496994,2746
2025-07-16 12:00:00,1.1017053907065604,1.1012407234404464,1.1035700177006962,1.099266891674845,943
2025-07-16 13:00:00,1.1021127564077893,1.1019092628579408,1.1042997081164452,1.1002221815438724,1354
2025-07-16 14:00:00,1.1016136241273227,1.1019221370476988,1.1035076303134927,1.0998752719629674,4023
2025-07-16 15:00:00,1.1017877451196227,1.1015289167775653,1.1033103149822598,1.1000091096589093,739
2025-07-16 16:00:00,1.1018752594764782,1.101803865346277,1.103355366126766,1.0999054299341533,3444
2025-07-16 17:00:00,1.102039275924025,1.1018444520779476,1.1041782626985204,1.0997647185949286,4547
2025-07-16 18:00:00,1.1026928475074862,1.1021805361808448,1.1045752516766985,1.100661307277267,3449
2025-07-16 19:00:00,1.1028605441690673,1.1032612498575298,1.1042872299623603,1.10095445977892,3240
2025-07-16 20:00:00,1.1033697293413713,1.1029299440355684,1.1043815897662068,1.1010193399234,3615
2025-07-16 21:00:00,1.103420413643488,1.1032480447276853,1.10480077342133,1.101454588018872,810
2025-07-16 22:00:00,1.1036372531925054,1.103205782409573,1.1053689081980074,1.1009950686845125,771
2025-07-16 23:00:00,1.1041107193618842,1.1035833857426298,1.10575579901908,1.1021678571741274,4950
2025-07-17 00:00:00,1.1030178524969925,1.1039551525003695,1.105780022258945,1.1015028183133997,2191
2025-07-17 01:00:00,1.1027780990847245,1.1030951930476158,1.1046913176405426,1.1013809760713367,2115
2025-07-17 02:00:00,1.1024253195940048,1.1028528470991683,1.1049686500292526,1.100531896949089,876
2025-07-17 03:00:00,1.1019461612078223,1.1023487616302594,1.1042569284230306,1.1003833215240373,3691
2025-07-17 04:00:00,1.1017398045194022,1.1022741968001522,1.103952447277719,1.1003171551687245,266
2025-07-17 05:00:00,1.102861010502828,1.101618140093352,1.1048942470791006,1.0994135823759237,965
2025-07-17 06:00:00,1.1022116371660582,1.1028412647558965,1.1039493491229349,1.099959982200576,1200
2025-07-17 07:00:00,1.1029378459320018,1.1023173806701456,1.1045641030648008,1.1007717322550492,4670
2025-07-17 08:00:00,1.1016756936032899,1.1030852592110758,1.1047832209410504,1.100475112133085,4755
2025-07-17 09:00:00,1.1014245298308005,1.1018867667212244,1.103737832846641,1.0991566358865796,488
2025-07-17 10:00:00,1.1015465946296292,1.1014953311563873,1.1026321139406816,1.09968745177819,783
2025-07-17 11:00:00,1.1019862613781486,1.1017203083333555,1.1035531513200927,1.0999282398579544,4783
2025-07-17 12:00:00,1.1025196813129932,1.1018762671506692,1.104305915607834,1.1001877579248087,3208
2025-07-17 13:00:00,1.103114691739393,1.1026715937677958,1.1049272731425932,1.1012817744035635,3662
2025-07-17 14:00:00,1.1028531479352066,1.1032643592480849,1.10531107707884,1.1013356061631272,2881
2025-07-17 15:00:00,1.1025063840907081,1.1031033430178048,1.10500897194109,1.100628467312548,1213
2025-07-17 16:00:00,1.103149866001651,1.1022303038495191,1.10478445410729,1.1007236968960419,3678
2025-07-17 17:00:00,1.1030063877579899,1.1029997716859448,1.1048842474466247,1.101201987025071,986
2025-07-17 18:00:00,1.1020496230154864,1.1031424590872367,1.1047289597061645,1.100392129722183,242
2025-07-17 19:00:00,1.1011996576049838,1.1016116707668717,1.1033119584812374,1.0998970111930582,4201
2025-07-17 20:00:00,1.1005100683904827,1.1012808762671784,1.1031940477663793,1.0983240821095217,1961
2025-07-17 21:00:00,1.100882938948523,1.100685076481987,1.1025193020958435,1.0988375638590264,295
2025-07-17 22:00:00,1.100989758250576,1.1007877514618538,1.102760806966879,1.0990270549130514,2228
2025-07-17 23:00:00,1.1015076222661269,1.1009186796159542,1.1034775503805523,1.0990830101509828,659
2025-07-18 00:00:00,1.1011871827813744,1.1013301983242278,1.1032172471434019,1.1001276948181191,2407
2025-07-18 01:00:00,1.1013060875496818,1.1011010253286888,1.1033655757001173,1.0996120087067633,3396
2025-07-18 02:00:00,1.1017752803451573,1.1012246825797811,1.1041975712985488,1.1000768422535934,1756
2025-07-18 03:00:00,1.1015432704403672,1.1016624534635573,1.1035470599767219,1.0998497513548082,479
2025-07-18 04:00:00,1.1018858518685353,1.1014213448682673,1.1033861931255484,1.0996607806763594,4462
2025-07-18 05:00:00,1.1013894074127353,1.1018410795986202,1.1036622786547408,1.0996906225762313,2752
2025-07-18 06:00:00,1.1011171170278116,1.1013426477615542,1.1031491906320485,1.0990761119450654,213
2025-07-18 07:00:00,1.1008308136073128,1.1014265823494314,1.1032804400126104,1.099674066823767,2912
2025-07-18 08:00:00,1.099933933873121,1.1007657769650414,1.1029090035964595,1.0985477699521689,4626
2025-07-18 09:00:00,1.1002991632337102,1.0999907341023565,1.1013937040333226,1.0982035133303716,187
2025-07-18 10:00:00,1.0999471114785582,1.1002039821208147,1.1023534453057755,1.0982100959022143,3954
2025-07-18 11:00:00,1.099956482067604,1.0998498320242427,1.1022170301992698,1.0986339722695455,1948
2025-07-18 12:00:00,1.1003170420617834,1.0996751798753057,1.1021550349744436,1.097629735650691,3567
2025-07-18 13:00:00,1.1006519404438058,1.1000576129653132,1.1024984387423173,1.0978970699275528,239
2025-07-18 14:00:00,1.1011509792755354,1.1004525773431622,1.1027228795196036,1.0986602602092999,4544
2025-07-18 15:00:00,1.1010771151621532,1.1011813189326678,1.1028350235655502,1.09992398068404,4837
2025-07-18 16:00:00,1.1007596414281202,1.1012548064411891,1.1031364291738626,1.0990557562348258,2794
2025-07-18 17:00:00,1.1006998527699403,1.1004646542208647,1.1025601078567284,1.0987012199380513,1155
2025-07-18 18:00:00,1.0994343519444718,1.1006093016853515,1.1024961651237521,1.0978748622508332,840
2025-07-18 19:00:00,1.0983490175901545,1.0992091534843067,1.1010631672536844,1.0962575706196573,3479
2025-07-18 20:00:00,1.0973569928808886,1.0983055166425586,1.1002473084880178,1.095749125221566,3988
2025-07-18 21:00:00,1.0966090577601875,1.0975339476665178,1.0994376550701925,1.0942717861111777,3401
2025-07-18 22:00:00,1.09690888843023,1.0965355293684265,1.0982171666161427,1.0946324635657898,2517
2025-07-18 23:00:00,1.09622977913871,1.096901075002239,1.0988191267750027,1.094494640292034,3883
2025-07-19 00:00:00,1.0959461572231803,1.0964690069340461,1.0987239994279192,1.0939996163309962,3713
2025-07-19 01:00:00,1.09692057844652,1.096021499366215,1.0985571970845425,1.0938723406307436,1743
2025-07-19 02:00:00,1.096653380468224,1.0967955448510478,1.09893384784792,1.0947126158672775,3906
2025-07-19 03:00:00,1.0972065171445742,1.0966795349013179,1.0985503882059282,1.095058687127961,1003
2025-07-19 04:00:00,1.0965063038845668,1.0970704052384077,1.0987053742242276,1.0950786264486727,4119
2025-07-19 05:00:00,1.0963522257161662,1.0965754533431473,1.0980091011316897,1.0950767648406028,2699
2025-07-19 06:00:00,1.0956397091749832,1.0964369197866464,1.098533718221977,1.09479849424393,3761
2025-07-19 07:00:00,1.0953854343680578,1.095415074151626,1.0975972385401145,1.0936851004044181,3502
2025-07-19 08:00:00,1.0960156654711508,1.0954142293438458,1.0976270728188866,1.093897673444561,570
2025-07-19 09:00:00,1.0947201751537565,1.0959963589985129,1.0980230346638047,1.09318782806716,3800
2025-07-19 10:00:00,1.095045992886416,1.0948096421739348,1.0972308154981367,1.0928290792885382,3941
2025-07-19 11:00:00,1.0952242945881652,1.0951825696095425,1.0968563149701505,1.0935765565285802,339
2025-07-19 12:00:00,1.0947786821213925,1.0953026998354225,1.0969874826481745,1.0925140983758574,1206
2025-07-19 13:00:00,1.0936941387306012,1.0947289420023685,1.0966101884594175,1.0922416363005039,3788
2025-07-19 14:00:00,1.0937482358613866,1.0938472629401705,1.0952114279646825,1.092426206343896,1868
2025-07-19 15:00:00,1.0933511163295888,1.0936050512372208,1.095281190510305,1.0921236010952442,650
2025-07-19 16:00:00,1.0935256234881048,1.0931345126341694,1.0958688697052306,1.0912571201586385,4287
2025-07-19 17:00:00,1.0935420125972473,1.093001496453326,1.095018289878765,1.090983423920739,2670
2025-07-19 18:00:00,1.094743346765738,1.0935304946462097,1.0966658779647787,1.0920835925834702,2031
2025-07-19 19:00:00,1.0945638300451332,1.0946084615131322,1.0964223084784275,1.0932713633945281,2821
2025-07-19 20:00:00,1.0937962069256668,1.094629089395716,1.0962160457471757,1.0916533695171067,2058
2025-07-19 21:00:00,1.093930663651884,1.0934727490119605,1.0956443022382283,1.0923078447439314,722
2025-07-19 22:00:00,1.0940956611648627,1.0938244523652032,1.0963120648131428,1.0918517256194284,2852
2025-07-19 23:00:00,1.095115051846293,1.094172911112714,1.096939600194426,1.0927178256195487,4823
2025-07-20 00:00:00,1.095741385280729,1.094945786733451,1.0976183306511151,1.0931716405105234,4763
2025-07-20 01:00:00,1.0960090385750911,1.0958086676450656,1.0981794199968156,1.0938105593047525,3226
2025-07-20 02:00:00,1.0971065157435058,1.0959173716073214,1.0986569212942747,1.0941149607030454,896
2025-07-20 03:00:00,1.0962149434527637,1.0971011209995882,1.098401150284161,1.0946677202700368,1197
2025-07-20 04:00:00,1.0957351298032014,1.0963127637830758,1.098537658585379,1.0936326012643762,1645
2025-07-20 05:00:00,1.0950401978471473,1.0958916324593064,1.0975790418080318,1.0933026642590513,349
2025-07-20 06:00:00,1.0947478404947806,1.0950553862272807,1.0969909882683124,1.0918962929352558,786
2025-07-20 07:00:00,1.0937153258841132,1.0946142961645402,1.096004737819262,1.092634239033084,3897
2025-07-20 08:00:00,1.094191689094224,1.0936401485366385,1.095960513304124,1.0925634399429864,2202
2025-07-20 09:00:00,1.0940250220714,1.094296215859998,1.0955772318188544,1.0920576607563595,4222
2025-07-20 10:00:00,1.0929219173505231,1.093857599507716,1.095517881184096,1.0912929449380857,402
2025-07-20 11:00:00,1.0921602330396174,1.0928927457621707,1.0943186953306552,1.0902622957514896,544
2025-07-20 12:00:00,1.092395368425205,1.0920970023393475,1.0937463378186818,1.0908183691457698,3479
2025-07-20 13:00:00,1.0930239633511258,1.0923784218892956,1.094564103193717,1.090721135426641,1361
2025-07-20 14:00:00,1.0945215115198947,1.0928582611352062,1.0954102441692604,1.0910663157217237,1207
2025-07-20 15:00:00,1.0967069083694003,1.0942168554951468,1.0979703468269908,1.09275068256413,3247
2025-07-20 16:00:00,1.0970177154443572,1.0967925979506346,1.0989207386745934,1.095070774989185,4574
2025-07-20 17:00:00,1.0962755618543334,1.0971762585020552,1.0989350132947986,1.0950789308752285,2152
2025-07-20 18:00:00,1.0946765271437848,1.0959812840755572,1.0972705326952916,1.0929048513585107,3836
2025-07-20 19:00:00,1.0948773107405427,1.0947371164762254,1.096699583008762,1.0926200240363932,1778
2025-07-20 20:00:00,1.09426760491906,1.0950551045366304,1.0964082059094873,1.0930324759542216,4211
2025-07-20 21:00:00,1.0939560869739253,1.094365389996595,1.0962432631582402,1.0927411240318534,2179
2025-07-20 22:00:00,1.0934970143746305,1.093887742834471,1.0954900530615603,1.091466416313918,843
2025-07-20 23:00:00,1.0933914212098184,1.0933422727491364,1.0949248622825904,1.0921337377455855,2575
2025-07-21 00:00:00,1.0941909063829092,1.0934047120315245,1.095802300445788,1.091487492287987,1533
2025-07-21 01:00:00,1.094308692808493,1.094231579384486,1.0967904301195919,1.0925719458464818,1004
2025-07-21 02:00:00,1.094189716680714,1.0943244175475162,1.0957166202766384,1.0926855850476664,1000
2025-07-21 03:00:00,1.0934129763660947,1.0941601724494046,1.095874608569635,1.0912918017184141,2001
2025-07-21 04:00:00,1.0921569641575664,1.093235612523056,1.0951298611525864,1.0902146237835109,148
2025-07-21 05:00:00,1.0917922332257615,1.0922261873265953,1.0935486492142963,1.0900629274707785,442
2025-07-21 06:00:00,1.0917518963126478,1.0918693416688359,1.0929848093081451,1.0908193217943034,2988
2025-07-21 07:00:00,1.0930778437478328,1.0917848234450294,1.0945203463948576,1.0899116420524502,129
2025-07-21 08:00:00,1.0931755496389375,1.0930960440786763,1.0950643809440868,1.091807472120616,3883
2025-07-21 09:00:00,1.0939126042722047,1.093451092465992,1.095441236612648,1.09188287531097,4878
2025-07-21 10:00:00,1.0935381325733005,1.0938101869706895,1.0953746772249673,1.0918954193493922,1000
2025-07-21 11:00:00,1.0926494247484877,1.0937481564716138,1.0956856761894054,1.0903885329192775,368
2025-07-21 12:00:00,1.0919255871768134,1.0925291997335542,1.0939029481221565,1.0903706552408954,1131
2025-07-21 13:00:00,1.0913816676284116,1.092107130425658,1.0937151431512537,1.090210431256695,313
2025-07-21 14:00:00,1.092978019927738,1.0915838741718211,1.0941211084624825,1.0894625206608326,1419
2025-07-21 15:00:00,1.0923619799183195,1.092930002228823,1.094673647591152,1.0904856082646623,4460
2025-07-21 16:00:00,1.0929908468211218,1.092634292530569,1.0947055878308887,1.0907446285889941,4116
2025-07-21 17:00:00,1.0923136514375564,1.093067696966438,1.0949668599912048,1.09018743516911,4882
2025-07-21 18:00:00,1.0930123311972122,1.0921698209981585,1.0942763159717193,1.0899652559451274,4077
2025-07-21 19:00:00,1.0933010444217917,1.0929509713278986,1.0948780587206832,1.0916034998962718,4238
2025-07-21 20:00:00,1.093183565998548,1.0934867919923743,1.0947072865050713,1.091999972791001,3001
2025-07-21 21:00:00,1.0931529941039464,1.0933349236399392,1.094893943452843,1.0912369802799915,783
2025-07-21 22:00:00,1.0926619033323743,1.0929795820381303,1.0951043029067828,1.0911089468887594,3867
2025-07-21 23:00:00,1.0929964574834858,1.092639072170039,1.0945307776819089,1.0910559033084493,3233
2025-07-22 00:00:00,1.0926552198732302,1.09302981455091,1.094221053552953,1.0913839164185573,4814
2025-07-22 01:00:00,1.0917360155504048,1.0925720943414974,1.0939870237608833,1.089907173237635,3514
2025-07-22 02:00:00,1.0907775623696652,1.0921217908056275,1.093230800114997,1.089009805327654,2773
2025-07-22 03:00:00,1.0909070033079566,1.09081579818178,1.0921192935004624,1.0892303278623356,3881
2025-07-22 04:00:00,1.0920913217502646,1.090896877624367,1.0939492924396002,1.0897135995978202,3314
2025-07-22 05:00:00,1.0922113154604447,1.0922864208980996,1.093450843796128,1.0901768042841886,653
2025-07-22 06:00:00,1.0921223367158623,1.0921514867815845,1.0938920005956347,1.090400375029274,3095
2025-07-22 07:00:00,1.0923367063205642,1.092287404239568,1.0939836472809807,1.0902825806585732,2014
2025-07-22 08:00:00,1.0933162076268443,1.0920632024918528,1.094781843403421,1.0911130054832445,897
2025-07-22 09:00:00,1.0934807445028671,1.0932417983322091,1.0951955464672583,1.0915829367083727,1452
2025-07-22 10:00:00,1.093172549079742,1.0936527667503804,1.094985017827296,1.091767898485553,4189
2025-07-22 11:00:00,1.0940022656122868,1.0934302190593095,1.0959192347145648,1.0917773520967209,3307
2025-07-22 12:00:00,1.094323832941133,1.0938753302229887,1.0957360555608753,1.0919241911332018,384
2025-07-22 13:00:00,1.09547564993513,1.0941776162508434,1.0969918867545096,1.0924128222765128,1783
2025-07-22 14:00:00,1.0956130757630465,1.0955689051944661,1.097090394625882,1.0939195290938333,3459
2025-07-22 15:00:00,1.0946947239892562,1.0955107709754015,1.0973792419833717,1.093048484700833,2593
2025-07-22 16:00:00,1.0936686045898218,1.0946506637037758,1.09646979897521,1.0925398615445543,3902
2025-07-22 17:00:00,1.0949068005389953,1.0938125418630635,1.0956880052091384,1.0924679639204369,3169
2025-07-22 18:00:00,1.0961995498295827,1.0948173338540133,1.0979274594520156,1.092804288058802,281
2025-07-22 19:00:00,1.0960649104196207,1.0958764146995386,1.0971353516894702,1.094398547688606,4342
2025-07-22 20:00:00,1.0957775199287687,1.0958510555582108,1.0973825180403198,1.0937589599831083,2895
2025-07-22 21:00:00,1.0968736031479505,1.0957791579316458,1.0984833175839723,1.0938619201872628,4612
2025-07-22 22:00:00,1.0960433188864178,1.0965672442741292,1.0980955479313577,1.0941101598419434,1179
2025-07-22 23:00:00,1.095372273622201,1.095994493694129,1.0978021271515577,1.0936198156541457,3497
2025-07-23 00:00:00,1.0958547687182176,1.0951434432813245,1.097735280672929,1.0936430016387308,243
2025-07-23 01:00:00,1.0955588148760729,1.0961242661634423,1.097513391205558,1.0939651554453247,866
2025-07-23 02:00:00,1.0955549734760328,1.09591461978677,1.0972917991069064,1.0937011676283193,4425
2025-07-23 03:00:00,1.0954323913021393,1.0953810959686896,1.0970637192248411,1.0944364873506764,4455
2025-07-23 04:00:00,1.0956855722137384,1.0954745903193281,1.096821667081647,1.0934222256064687,4775
2025-07-23 05:00:00,1.0967411836097236,1.0955275750648723,1.0982293589684193,1.0940470137664824,1102
2025-07-23 06:00:00,1.0968091222899,1.0966902945836237,1.0988979111928996,1.0950734720760653,4470
2025-07-23 07:00:00,1.0972920763848575,1.0971059621804353,1.0984421589969768,1.0954855896126403,360
2025-07-23 08:00:00,1.0957544473090841,1.0972153699771054,1.0987471961153468,1.0941239096561568,2063
2025-07-23 09:00:00,1.0957179085076365,1.0957074348536024,1.0971667869880126,1.0944956722064163,2242
2025-07-23 10:00:00,1.0950854858049168,1.0955630859895633,1.0978644961438881,1.093393012011545,3983
2025-07-23 11:00:00,1.094171376009599,1.095273604946196,1.0967383083092292,1.0923350179154103,3454
2025-07-23 12:00:00,1.0935127617344025,1.093636112441976,1.0951189777866701,1.0925431827373384,1859
2025-07-23 13:00:00,1.0932621691538769,1.0934401477003675,1.0947419720638414,1.0920489058578375,831
2025-07-23 14:00:00,1.093949096060644,1.0932546395961966,1.0955930789783108,1.0913197066230922,1889
2025-07-23 15:00:00,1.0929543015223393,1.093840716963949,1.0955687324897079,1.0910821373175008,1566
2025-07-23 16:00:00,1.0929772751417852,1.0930958768647394,1.0944448884884568,1.0912398540146764,3383
2025-07-23 17:00:00,1.092614148066785,1.0931742779443094,1.095137286922585,1.0911988242426762,492
2025-07-23 18:00:00,1.0923683932460135,1.0923827779667024,1.0941101609441823,1.0904953268769677,2115
2025-07-23 19:00:00,1.0931204616149919,1.0927116582106167,1.095039510863991,1.0914664521257338,3129
2025-07-23 20:00:00,1.0935240481927448,1.0928870064523069,1.0950566870378062,1.091291774459718,3267
2025-07-23 21:00:00,1.094527096773327,1.093735614372569,1.0962487389703883,1.0925228213037625,3570
2025-07-23 22:00:00,1.0944112175138896,1.0945516927404226,1.0961233450083725,1.0928227897106637,1502
2025-07-23 23:00:00,1.0938892605551365,1.0943285685307902,1.0964477650793123,1.0925865667171424,2646
2025-07-24 00:00:00,1.093721366442476,1.0938221005514812,1.0955008307725032,1.0918327904465752,582
2025-07-24 01:00:00,1.0939032390359296,1.0937158674799383,1.0955469666862083,1.0919328549190481,2277
2025-07-24 02:00:00,1.09403566905477,1.0939374415221716,1.0955263226307557,1.0924836570295953,4912
2025-07-24 03:00:00,1.093222378000595,1.0938847790555497,1.0953553937264306,1.0912249625829447,4253
2025-07-24 04:00:00,1.0932902453368158,1.0931840133595363,1.095008150472473,1.0918577370668265,3150
2025-07-24 05:00:00,1.09346141658442,1.0931638401873136,1.095370464888599,1.0915352227238992,2154
2025-07-24 06:00:00,1.0953495221125704,1.0932617809965965,1.096767597280118,1.0918207899876,4513
2025-07-24 07:00:00,1.0967571555710316,1.09521506324387,1.0984439393227852,1.0933256670459044,2264
2025-07-24 08:00:00,1.0961172230581124,1.096568079520885,1.0982728167607925,1.094261460716239,3840
2025-07-24 09:00:00,1.0959016855369506,1.096048155786552,1.0978098276693466,1.0938297880988128,2928
2025-07-24 10:00:00,1.0948041040355727,1.0959727068321605,1.097054100767699,1.0931346423650572,204
2025-07-24 11:00:00,1.0943610737751002,1.0948239191424949,1.0961618633120944,1.0936911924103314,3548
2025-07-24 12:00:00,1.0945977775277929,1.0946852407857912,1.0958786223392307,1.0930973691623145,4477
2025-07-24 13:00:00,1.095502167743459,1.0942345441175592,1.097156228483279,1.0920768672458585,3907
2025-07-24 14:00:00,1.0949553548651514,1.0955792538540912,1.0969257292016033,1.0934196782199994,3112
2025-07-24 15:00:00,1.0944647450351006,1.0949564088738593,1.0964351704686655,1.0934526506507936,300
2025-07-24 16:00:00,1.0928542782627966,1.0945984563585975,1.0958461854019912,1.0910676805735768,213
2025-07-24 17:00:00,1.0927322788223879,1.092971713961107,1.0944786235052915,1.0909213834265001,4270
2025-07-24 18:00:00,1.0919354680134932,1.0927052547708025,1.093974923395255,1.0905357811185596,2427
2025-07-24 19:00:00,1.0915383884429686,1.0919637363392785,1.0938492297697642,1.0899818816964608,2311
2025-07-24 20:00:00,1.0908807428593428,1.0914166348266094,1.0932097901100053,1.089521711391447,3240
2025-07-24 21:00:00,1.0908100459436534,1.090981154102314,1.0926665306540577,1.0890028235914875,4538
2025-07-24 22:00:00,1.089491749650136,1.090502992950043,1.09203854160214,1.0878390126355286,2240
2025-07-24 23:00:00,1.0883914657160927,1.0896185733400612,1.0905858202727614,1.0871395244391995,2728
2025-07-25 00:00:00,1.089988401050114,1.0883876768982783,1.091473551679567,1.0867558150949952,2837
2025-07-25 01:00:00,1.0890228341141583,1.0899088377979897,1.0912935989801826,1.0876287839468282,2431
2025-07-25 02:00:00,1.0882002449303174,1.0889848777114695,1.0906979032380029,1.086090966581468,3317
2025-07-25 03:00:00,1.0895779300765585,1.0881742264247536,1.0914148627479452,1.0862477335317597,1057
2025-07-25 04:00:00,1.0917567304534888,1.0897903810933505,1.0935006915174295,1.0881927957866886,1928
2025-07-25 05:00:00,1.0908780554818698,1.0922858325454554,1.094335495861076,1.0892152090664469,2401
2025-07-25 06:00:00,1.0908861567337242,1.0910776665111301,1.092528005906941,1.0889180531626987,2645
2025-07-25 07:00:00,1.0917460233948528,1.090793577906924,1.093183926311867,1.0892128204075031,2515
2025-07-25 08:00:00,1.0942704605681395,1.0918493961418905,1.0962525821052582,1.0899590244899275,2150
2025-07-25 09:00:00,1.0935362320740256,1.094380907044019,1.0960757404870676,1.0914112551474915,4482
2025-07-25 10:00:00,1.093691898658895,1.093384455955961,1.0952513943504305,1.0919049802295575,4023
2025-07-25 11:00:00,1.0950747037501691,1.0934847982463611,1.0973239393845087,1.0913013906331201,4446
2025-07-25 12:00:00,1.096046423039529,1.0950642999248013,1.0978804585240702,1.0929746489840502,3014
2025-07-25 13:00:00,1.096045035754053,1.0961792156257713,1.0977606296806226,1.0943192387079892,2483
2025-07-25 14:00:00,1.0963344481966337,1.095779973614904,1.0977533423902996,1.0942814747485023,2211
2025-07-25 15:00:00,1.0951345732265898,1.0962160261698386,1.0982945409962208,1.0934142991942009,4351
2025-07-25 16:00:00,1.0952987647338202,1.0952286569330119,1.097009729955306,1.0936660492446806,3362
2025-07-25 17:00:00,1.0954290997458094,1.0953056205228386,1.0970803003595577,1.093923004481356,4286
2025-07-25 18:00:00,1.096157703613361,1.095661968631756,1.098024331853499,1.0938426948095958,4264
2025-07-25 19:00:00,1.095941310950778,1.0959256872286829,1.097874580309082,1.0946182920309746,4747
2025-07-25 20:00:00,1.0969571571778323,1.0963283445745695,1.0987835480581003,1.094794322802977,2771
2025-07-25 21:00:00,1.098622416159216,1.096703706231674,1.1005616963982727,1.095163020685957,1871
2025-07-25 22:00:00,1.0992589313524181,1.0982878297080512,1.1010566729380689,1.0970891734064632,4552
2025-07-25 23:00:00,1.1001310390424972,1.09924920958582,1.1019643713072922,1.0973816913739651,1139
2025-07-26 00:00:00,1.1006448254595906,1.0999437435901367,1.102054210672067,1.098368172076744,1682
2025-07-26 01:00:00,1.1010949267313004,1.1006384244098313,1.1033445805637885,1.0985577370859252,4725
2025-07-26 02:00:00,1.100679057091049,1.1010827542865589,1.1023264082536635,1.0991088238363675,3598
2025-07-26 03:00:00,1.101508850205057,1.1006467100369572,1.1032633481344918,1.0991288072169367,2965
2025-07-26 04:00:00,1.1018421062869608,1.1013696196131457,1.1030529975770917,1.1000158884840248,2698
2025-07-26 05:00:00,1.1048039082576775,1.1019138063182061,1.1064285902158104,1.1002436645700124,2386
2025-07-26 06:00:00,1.1071419341406479,1.1047512076736248,1.1086128960989015,1.1030756552290883,4492
2025-07-26 07:00:00,1.1080549500037158,1.1073253723391256,1.1097621599182919,1.105416714423303,2116
2025-07-26 08:00:00,1.107589281352082,1.1080249832476827,1.1097999253131183,1.1059056285754518,2449
2025-07-26 09:00:00,1.1067043875857019,1.107429144421778,1.1087716873916267,1.1043491266340493,515
2025-07-26 10:00:00,1.1085837591294085,1.1064237423095191,1.1102368522519899,1.1046091401559335,661
2025-07-26 11:00:00,1.109349058199585,1.108555119714056,1.11147690314272,1.1072195201305808,1100
2025-07-26 12:00:00,1.110375230283655,1.1091376642018544,1.111603661131131,1.1078290235937482,1568
2025-07-26 13:00:00,1.1087317270992858,1.1101507184529686,1.1115297410904619,1.1068907454322523,1528
2025-07-26 14:00:00,1.1102946532771556,1.1088195720538125,1.1122468026420804,1.1074933233521624,3367
2025-07-26 15:00:00,1.1112899576830129,1.109998327244099,1.1129827483850765,1.1081330789302972,2801
2025-07-26 16:00:00,1.1104074408617155,1.1115251741882983,1.113241138417231,1.1084434724224526,120
2025-07-26 17:00:00,1.1102916110927756,1.1104340406259778,1.112439994159143,1.108319819069363,2631
2025-07-26 18:00:00,1.1110580717380034,1.1102843043364126,1.1124599819134162,1.10890743248187,502
2025-07-26 19:00:00,1.111571031896031,1.110885539361357,1.1130652050445893,1.1089108986140732,2760
2025-07-26 20:00:00,1.1116704264730668,1.11169849140753,1.1131516752599102,1.1098953369585056,345
2025-07-26 21:00:00,1.1119962405513877,1.1116699419317808,1.113548074768339,1.11020473267123,474
2025-07-26 22:00:00,1.1121438676975395,1.1118817848253069,1.1142590058808117,1.110266752125813,4147
2025-07-26 23:00:00,1.1127769427120624,1.1121772217447923,1.1138782313137288,1.1103507275557378,147
2025-07-27 00:00:00,1.1149927330796543,1.1124954986789404,1.1162657585905122,1.1110480768046767,4865
2025-07-27 01:00:00,1.1123627429505367,1.1147198715336035,1.1159326751592087,1.110593465673566,2369
2025-07-27 02:00:00,1.1125285226331252,1.1121758071049537,1.114665142767117,1.1100245323009668,4148
2025-07-27 03:00:00,1.1131903375387722,1.1125868861896766,1.1146549398238728,1.1105951472926212,1048
2025-07-27 04:00:00,1.1139955303263966,1.113189793075383,1.115557349727402,1.1114914001039562,2387
2025-07-27 05:00:00,1.113999232828811,1.114170814640959,1.1153022031195512,1.1122499835736348,4469
2025-07-27 06:00:00,1.1123411666898368,1.1138457314409855,1.1154266843541427,1.1108522078066672,477
2025-07-27 07:00:00,1.1131847612702939,1.1124371234122592,1.1151439180446847,1.1109376289434614,2211
2025-07-27 08:00:00,1.115707581527291,1.113165704334501,1.1174658107285496,1.1120066614305666,701
2025-07-27 09:00:00,1.1143169478413917,1.115549953840829,1.1171853708404635,1.1125615276745595,1824
2025-07-27 10:00:00,1.1158035414578296,1.1143814369909215,1.1169534153266338,1.1124792714286302,4856
2025-07-27 11:00:00,1.115859311190082,1.1157924924658287,1.1174233156397932,1.1141424189079845,2765
2025-07-27 12:00:00,1.1162357219750874,1.1157539743923992,1.1179592730103238,1.1143734109913452,1736
2025-07-27 13:00:00,1.1154222437622425,1.11624274898249,1.117583991295898,1.1137269820448341,3180
2025-07-27 14:00:00,1.1154708963554154,1.1154005706558865,1.11736325630805,1.1132783545138076,1479
2025-07-27 15:00:00,1.117480949869054,1.1154451348320968,1.1194538854659188,1.113467870189711,501
2025-07-27 16:00:00,1.1186301361594393,1.1174117189993347,1.1201306726505957,1.1157436650686152,2869
2025-07-27 17:00:00,1.1211589100859312,1.1184106779572016,1.1230847804204425,1.1160402911407632,3732
2025-07-27 18:00:00,1.1230218043527045,1.1211715045647703,1.124669365071001,1.1185777564512143,975
2025-07-27 19:00:00,1.1239987083674199,1.1228864668648169,1.1260715209128551,1.1213623727058373,774
2025-07-27 20:00:00,1.1265414297988212,1.1238262919562068,1.1289187084414218,1.1222195796249985,3029
2025-07-27 21:00:00,1.1275182215893071,1.1265007207797972,1.1288395605939303,1.1245749203453654,1994
2025-07-27 22:00:00,1.1289618074014636,1.1276425247794055,1.1309158656634644,1.1262582967031707,4684
2025-07-27 23:00:00,1.1290559222572218,1.1289932426059799,1.1311915195321363,1.1270120427120707,1848
2025-07-28 00:00:00,1.129585777236253,1.1289659266545842,1.130951215890096,1.1272371630497149,2022
2025-07-28 01:00:00,1.1291988686482926,1.1294890027379303,1.1309879733585362,1.1273791742167576,2888
2025-07-28 02:00:00,1.1308363693698065,1.1293067187624442,1.1323336949592082,1.1278056820212168,4892
2025-07-28 03:00:00,1.1298724050220685,1.1304301685286022,1.1320799693789374,1.1284445977004425,3478
2025-07-28 04:00:00,1.1312612254329697,1.1300077092362883,1.1328371745273385,1.1289846414269469,3364
2025-07-28 05:00:00,1.1314824441639635,1.1309431630405566,1.1331123611711096,1.1287419383189792,4024
2025-07-28 06:00:00,1.1333379406761244,1.1312418238413582,1.135322864777023,1.129221723838438,4098
2025-07-28 07:00:00,1.134688983462602,1.1332504109101285,1.1357456699351327,1.1313191615210394,2683
2025-07-28 08:00:00,1.1373237588517782,1.135059203524714,1.1386974548519493,1.1332343700042689,1503
2025-07-28 09:00:00,1.1386506884811445,1.1376102580581509,1.140587508733429,1.1366893951764643,861
2025-07-28 10:00:00,1.1372142401743606,1.1387712026716046,1.1406656115042182,1.1357646676997124,2879
2025-07-28 11:00:00,1.1375838963668827,1.1372750797045488,1.138929018045366,1.135656097930705,3510
2025-07-28 12:00:00,1.136627487735769,1.1372663890881396,1.1391621821062397,1.1352912729005724,1894
2025-07-28 13:00:00,1.1364555519249293,1.1366542100384462,1.1388112709622566,1.13532825232544,2446
2025-07-28 14:00:00,1.1387190260448614,1.1363617405760247,1.140410356356488,1.1349875445385111,2282
2025-07-28 15:00:00,1.1399340666179387,1.1385793836656777,1.1412992649858036,1.1368526766493787,2985
2025-07-28 16:00:00,1.1395453501036443,1.139960527389143,1.1419689604305994,1.1378191443645815,4111
2025-07-28 17:00:00,1.138778889263916,1.1394648765836526,1.1417616952461582,1.136760680576576,2274
2025-07-28 18:00:00,1.1392682277753674,1.1389274440668873,1.1406742646691124,1.1365133872007986,2644
2025-07-28 19:00:00,1.13825835559611,1.1389376852718238,1.1406584765055625,1.1363167959286566,2139
2025-07-28 20:00:00,1.1379029872632342,1.138271158954345,1.1403501608412958,1.1362560603352416,1579
2025-07-28 21:00:00,1.1387273986290958,1.137752829449063,1.1404748983658592,1.1354297140133904,3536
2025-07-28 22:00:00,1.1405637730724238,1.1386573162611038,1.1416767478625571,1.137487760415796,3122
2025-07-28 23:00:00,1.1417442868390932,1.140615943893533,1.1436087841634839,1.1396153796325987,2668
2025-07-29 00:00:00,1.1394447394287754,1.1415533202541372,1.1429278978578108,1.1380386840171786,1544
2025-07-29 01:00:00,1.1402599795036117,1.1394728295291463,1.141535683235462,1.1374846081070829,4352
2025-07-29 02:00:00,1.1407964197914908,1.1402236443039686,1.1419163118044524,1.1384547617946736,4043
2025-07-29 03:00:00,1.141743088133938,1.1406832867183767,1.1438634445558498,1.139357148823768,3742
2025-07-29 04:00:00,1.1441325397519195,1.1416623285399046,1.1455622324471313,1.140195697485503,4096
2025-07-29 05:00:00,1.1421066538197537,1.1441060625404267,1.1459334341619822,1.1408188658089795,2433
2025-07-29 06:00:00,1.1418473297095244,1.141975141009025,1.1438862352747636,1.140559842633756,3177
2025-07-29 07:00:00,1.1430064172968764,1.141848546064148,1.1447764149659614,1.1396021757411612,1149
2025-07-29 08:00:00,1.1415585040175316,1.1429587840636641,1.1447726876884672,1.1398952880840103,3936
2025-07-29 09:00:00,1.1437796428751958,1.1414536281392402,1.1456260628531059,1.1391307550842227,186
2025-07-29 10:00:00,1.1446716708104365,1.1440526199801269,1.1464361012695645,1.1426412447476144,2591
2025-07-29 11:00:00,1.1461375715934485,1.1447430591219074,1.1475954037369103,1.1428549837155142,1106
2025-07-29 12:00:00,1.1459024391996224,1.1460717889613175,1.147498665362373,1.144105521168516,3018
2025-07-29 13:00:00,1.1473289556275819,1.1459275416839874,1.1490138145513913,1.143903763008416,1478
2025-07-29 14:00:00,1.1490611214947688,1.1471519737628917,1.1507412221162479,1.1453406345435246,4825
2025-07-29 15:00:00,1.1497905751189335,1.1489857921132258,1.151663349316229,1.1469213143701602,678
2025-07-29 16:00:00,1.150521856190172,1.149735336703573,1.1526278807185013,1.1478182689795355,4129
2025-07-29 17:00:00,1.15129626807731,1.150306541813841,1.1531419935668845,1.14895651058802,3378
2025-07-29 18:00:00,1.1507102537596228,1.1513631279185395,1.1528092656361204,1.148731245661231,4979
2025-07-29 19:00:00,1.1509832193433343,1.1506229609991936,1.151956552049891,1.148932085746473,1697
2025-07-29 20:00:00,1.1512501923043914,1.1509218346829457,1.1527114958610065,1.1494632189639513,3554
2025-07-29 21:00:00,1.1521602649416156,1.1511519038408566,1.1534237848276836,1.149183791357724,248
2025-07-29 22:00:00,1.153810054037908,1.1526723992127597,1.1552879558818827,1.1506226930763495,3416
2025-07-29 23:00:00,1.1529898107395338,1.153695455760419,1.15550874334639,1.1514275897356074,2240
2025-07-30 00:00:00,1.1532897999031502,1.152631943135002,1.1550489326165745,1.1510232993184923,3659
2025-07-30 01:00:00,1.155517546560341,1.1530124874832883,1.1578949699324808,1.1517600637176568,3943
2025-07-30 02:00:00,1.1550752406857658,1.1556491043092905,1.1575491158323317,1.1539680065112046,2484
2025-07-30 03:00:00,1.1545385406650175,1.1553066886068144,1.157699758580561,1.152890659134317,1764
2025-07-30 04:00:00,1.155231308095215,1.1544203956458308,1.1572120004861004,1.1524130468430398,3593
2025-07-30 05:00:00,1.1566945703237974,1.1554532112160028,1.1588063615077666,1.153917097355339,4521
2025-07-30 06:00:00,1.1571582815904702,1.1568232908752767,1.1587694269920896,1.1545918984741226,1860
2025-07-30 07:00:00,1.1592030342989945,1.1571253346990533,1.1605681665239578,1.155457846865681,4278
2025-07-30 08:00:00,1.1606811870780744,1.159157690033722,1.16226587906899,1.1574866605757343,2274
2025-07-30 09:00:00,1.1621413711583426,1.1607127165940136,1.163880444993283,1.1590702941683384,4457
2025-07-30 10:00:00,1.1632563109599314,1.162294477061749,1.16478198249054,1.1602070394684305,3279
2025-07-30 11:00:00,1.1664994946803466,1.1633258275464322,1.1678988942826927,1.1619116489131225,3372
2025-07-30 12:00:00,1.1667033006537073,1.166381049508404,1.168599253378163,1.1646761320332848,3472
2025-07-30 13:00:00,1.1647490739032276,1.1666728645292037,1.1680686775145885,1.1631932155848994,4052
2025-07-30 14:00:00,1.1671241791370481,1.1650959309757145,1.1683379327464054,1.1635418705977427,4320
2025-07-30 15:00:00,1.1670249398199,1.167168155052049,1.1685258417179156,1.1652620946111454,2005
2025-07-30 16:00:00,1.1676043963531115,1.1671771940484434,1.1692737125981194,1.1654654824856716,3754
2025-07-30 17:00:00,1.1696258571749443,1.1676991158692596,1.1710325945774636,1.1655756585002508,3496
2025-07-30 18:00:00,1.1681531457256735,1.1696737557312282,1.1713460522683958,1.1664046917818418,2998
2025-07-30 19:00:00,1.167101169068746,1.1681721751176661,1.1701330606464648,1.1651561929590004,1197
2025-07-30 20:00:00,1.1656296355442035,1.1672580728348767,1.1692073936399998,1.1638207805353298,2380
2025-07-30 21:00:00,1.165126671996173,1.165755231929601,1.1672719381699275,1.162888314872519,1103
2025-07-30 22:00:00,1.1661042359233935,1.1651728310915543,1.1673972327348658,1.163529458455552,769
2025-07-30 23:00:00,1.1671832613347688,1.1659827737223194,1.1687324788047648,1.1643368952451614,4723
2025-07-31 00:00:00,1.167964790349963,1.1672508092011924,1.1699464685513288,1.165237808364275,3647
2025-07-31 01:00:00,1.166719471289292,1.167953063430332,1.1700143754035328,1.165079998082932,2789
2025-07-31 02:00:00,1.1643973471653328,1.1666656314344794,1.1685354986815952,1.1624766533579154,2265
2025-07-31 03:00:00,1.1649125714678012,1.1648654281367403,1.1670798107128888,1.162301019514931,451
2025-07-31 04:00:00,1.1647964402274353,1.1646436692451194,1.1671478854297863,1.1632385587577774,1820
2025-07-31 05:00:00,1.1657977031534952,1.164964055040865,1.1673773959056115,1.1626796731126237,1066
2025-07-31 06:00:00,1.1670900475049608,1.1656466809524986,1.1693611685298326,1.1640683807184062,2737
2025-07-31 07:00:00,1.1677059372234313,1.1671130271677372,1.1693662225625556,1.1648928636675342,2360
2025-07-31 08:00:00,1.1690680969258824,1.1681563652818407,1.1711793808439688,1.1661621528397401,4820
2025-07-31 09:00:00,1.1697931505748205,1.1688992310271118,1.1717965052668444,1.166933863546059,4244
2025-07-31 10:00:00,1.1708792282215423,1.1696660154565082,1.1719410780730497,1.1679627244981472,3044
2025-07-31 11:00:00,1.1704836203060984,1.1708761532901724,1.1722925928101533,1.1688158578677121,4490
2025-07-31 12:00:00,1.1707180866095006,1.1703348424737612,1.1720452285836402,1.168832345543634,1714
2025-07-31 13:00:00,1.1714042179254889,1.1708734247102568,1.1725350750295607,1.1691141128489244,655
2025-07-31 14:00:00,1.1728388520959898,1.1713101803919583,1.1749074988068609,1.1696156316606714,2846
2025-07-31 15:00:00,1.1728163626893204,1.1729539070770885,1.1754410184658293,1.1709899293454398,403
2025-07-31 16:00:00,1.173891763396199,1.172582314063248,1.1755618571520172,1.1713182633395602,4720
2025-07-31 17:00:00,1.1740227568459005,1.1735735742010016,1.176084630790085,1.1718045642999309,696
2025-07-31 18:00:00,1.1743317062451069,1.1739824211977448,1.176616236579212,1.1717760916078854,4296
2025-07-31 19:00:00,1.1757771290955357,1.174055073898691,1.177614280283681,1.1719584110022967,3389
2025-07-31 20:00:00,1.1738354566502707,1.1760444587779157,1.177796297950957,1.1720666033750817,1309
2025-07-31 21:00:00,1.1727296898565809,1.1735663497543283,1.1752390066309224,1.1700690881859044,2710
2025-07-31 22:00:00,1.1714010673796496,1.1725473577625494,1.1744933684781371,1.1698468594618718,2765
2025-07-31 23:00:00,1.1690507280358315,1.1714735987738862,1.1735339433807397,1.1673275491482051,3715
2025-08-01 00:00:00,1.1686868107076454,1.1689479366636248,1.1708628784705288,1.1674423398152918,2191
2025-08-01 01:00:00,1.1700361313873187,1.168420325389714,1.1719412297574616,1.166806951562179,3007
2025-08-01 02:00:00,1.1701442705076595,1.170394189243411,1.172131431214728,1.1677614539638346,2136
2025-08-01 03:00:00,1.1708316186059897,1.169968358828609,1.1720283415764117,1.1683404864779443,569
2025-08-01 04:00:00,1.1725886796020426,1.1707970991534866,1.1746633582439305,1.169575671402515,3582
2025-08-01 05:00:00,1.174631902960764,1.172551820970846,1.1759411623205518,1.1704825898041058,1362
2025-08-01 06:00:00,1.1749989374390926,1.174757094835586,1.176979769086646,1.1728573999431167,1466
2025-08-01 07:00:00,1.1770732405065758,1.1750805708454632,1.1791057175836086,1.1730216416077082,1724
2025-08-01 08:00:00,1.1776337924966966,1.1769271901803202,1.1789973397701528,1.1752656847079261,2876
2025-08-01 09:00:00,1.1770789146281038,1.177576263844577,1.1791272533680446,1.1756689355357943,3567
2025-08-01 10:00:00,1.1768156342054652,1.1770388577479722,1.1795530565251737,1.1751152379863254,4091
2025-08-01 11:00:00,1.1754889903903871,1.1769476932521223,1.1786828975890438,1.173530092652941,3024
2025-08-01 12:00:00,1.1748732297659068,1.1752830958691598,1.17661532679925,1.173136412416964,2049
2025-08-01 13:00:00,1.1748936097402174,1.175228889545439,1.177273514330323,1.1729945275094207,4739
2025-08-01 14:00:00,1.1763079117634718,1.1747596547264452,1.1777997024438553,1.1731846319385506,2427
2025-08-01 15:00:00,1.178822835560871,1.1763063646651677,1.1799118825420387,1.17438779636314,813
2025-08-01 16:00:00,1.1776142177424185,1.178617932552379,1.1805679802819113,1.175848861192663,4027
2025-08-01 17:00:00,1.1785356107043303,1.1773847287488821,1.1799793340991949,1.1758664945968949,4699
2025-08-01 18:00:00,1.1777369579773413,1.178381133706159,1.180261221757457,1.175920905199398,1524
2025-08-01 19:00:00,1.1787565944834972,1.1775653563809032,1.1802373402527173,1.1759339662642982,1178
2025-08-01 20:00:00,1.179049290502672,1.178683330065935,1.1810680130194742,1.1766964559317883,1824
2025-08-01 21:00:00,1.177302203511655,1.1788764098498432,1.1807071730496805,1.1752278593397059,1782
2025-08-01 22:00:00,1.178866159901537,1.17742519799344,1.1797187600254544,1.175479524974476,1043
2025-08-01 23:00:00,1.1785901590461667,1.17872773733448,1.1806306934393813,1.1774003678296194,269
2025-08-02 00:00:00,1.1783994787601184,1.178432168289428,1.1800973417336473,1.1769729451479853,1019
2025-08-02 01:00:00,1.1775657758665707,1.1783300667573136,1.1805968988839666,1.1760243105422594,1552
2025-08-02 02:00:00,1.1772306359345457,1.177741095918253,1.1796465171083819,1.1757460235672872,1023
2025-08-02 03:00:00,1.1781941044633797,1.1772686108106862,1.1802286658341408,1.1756931933856607,1078
2025-08-02 04:00:00,1.178417011254256,1.1781764830877002,1.1799334427610033,1.1760817590083754,4722
2025-08-02 05:00:00,1.179261405656995,1.1781635210957857,1.1807507888435624,1.1761474601227222,1164
2025-08-02 06:00:00,1.1801457118817096,1.1790591212836692,1.181906849465113,1.177438964614626,4125
2025-08-02 07:00:00,1.1821805058683434,1.179919015185266,1.1838258826205867,1.177935862347962,2903
2025-08-02 08:00:00,1.1822191624873062,1.1824122535522152,1.1846601282782774,1.1803292047308183,2237
2025-08-02 09:00:00,1.1808969331070913,1.182313143542045,1.1840301727398357,1.1791372285681727,3925
2025-08-02 10:00:00,1.1826276000069778,1.1807440866779035,1.1839669890050024,1.1785627686106,182
2025-08-02 11:00:00,1.182679814200461,1.1825274793643488,1.1841602049493907,1.1809880901812466,3750
2025-08-02 12:00:00,1.184467325133954,1.182533184813335,1.186586947564698,1.1807377362412406,2138
2025-08-02 13:00:00,1.185377377669773,1.184309813157106,1.187095964814636,1.1829054468283224,4162
2025-08-02 14:00:00,1.185670012633529,1.1854592424391974,1.1873700102550713,1.1840374804340452,4815
2025-08-02 15:00:00,1.1865385437063845,1.185618836712228,1.1886957375462746,1.1843234089419554,3683
2025-08-02 16:00:00,1.189329758778536,1.18690982291608,1.190787366891878,1.1854775810522356,660
2025-08-02 17:00:00,1.1922721354134005,1.189553374155238,1.1932610620910151,1.187735242407067,4884
2025-08-02 18:00:00,1.1928053927755597,1.1925064286951768,1.1942894096841954,1.1908254620340821,3823
2025-08-02 19:00:00,1.1934476214875402,1.1929255771832978,1.1953244691138456,1.1912320289259595,190
2025-08-02 20:00:00,1.1951891096765,1.1933718478598139,1.1968924293054606,1.191686331145563,1032
2025-08-02 21:00:00,1.194624316437179,1.1952962300055205,1.1965289283297038,1.1921970515285194,4940
2025-08-02 22:00:00,1.195474000884321,1.194561763374634,1.197631613711572,1.19317639316397,4199
2025-08-02 23:00:00,1.1958929654667763,1.1957664462334463,1.1977454623692858,1.1944189475200817,2108
2025-08-03 00:00:00,1.1967196553205253,1.1959655368293667,1.1986543972629178,1.1944739774964612,4786
2025-08-03 01:00:00,1.196169612753386,1.196766729443808,1.198711561375524,1.1944011578592109,2441
2025-08-03 02:00:00,1.1947121317614153,1.196192385041099,1.1975190444377701,1.192735562504104,4349
2025-08-03 03:00:00,1.1926745516382258,1.195023467483563,1.1969208501037762,1.1906642076992564,2929
2025-08-03 04:00:00,1.1917836907026382,1.1924182435985649,1.1945303657202848,1.1896582738048656,3334
2025-08-03 05:00:00,1.1916832803607111,1.1921122892329468,1.1943074807442748,1.1899344513742545,141
2025-08-03 06:00:00,1.1917814504567326,1.1916500021625127,1.1938269991079111,1.1900040284345663,4853
2025-08-03 07:00:00,1.1945561278516479,1.1915294918753727,1.1965318506968414,1.1891522795387672,990
2025-08-03 08:00:00,1.1963333198955366,1.1944211438168209,1.197504259390458,1.1936258962122395,1144
2025-08-03 09:00:00,1.1956288105559267,1.1960372569869384,1.1978253433124313,1.1938128563914858,2285
2025-08-03 10:00:00,1.196496060698868,1.1957461252140982,1.1979474435576563,1.1937970306385017,3800
2025-08-03 11:00:00,1.1964575668152475,1.196309719680316,1.198712471004755,1.1938424983093539,3870
2025-08-03 12:00:00,1.1965663302095995,1.1964878401228038,1.1987669519171953,1.1952890838985875,3170
2025-08-03 13:00:00,1.197238720988898,1.1967700194915774,1.1986931761010984,1.1951250629247558,4363
2025-08-03 14:00:00,1.1984317263292683,1.1971179160277243,1.2002128434045405,1.1958083693793307,3498
2025-08-03 15:00:00,1.1984746161486075,1.1983835290086804,1.2003616777508053,1.1972323736582655,823
2025-08-03 16:00:00,1.2002012379878888,1.1982399708157916,1.2023258790795928,1.196513310555657,3939
2025-08-03 17:00:00,1.199280912116518,1.2001313755977112,1.201327435870968,1.1971822567158907,1388
2025-08-03 18:00:00,1.1997385189913528,1.199744135410323,1.20074845248811,1.1975048567625097,2646
2025-08-03 19:00:00,1.2033057274632677,1.1998789327061463,1.2051244573509392,1.1982659757936567,3076
2025-08-03 20:00:00,1.204023423154418,1.2032579162194923,1.2049150927447776,1.2012111271230366,2021
2025-08-03 21:00:00,1.2061932805623454,1.2039127510545615,1.2080599511757484,1.2021750072233288,1868
2025-08-03 22:00:00,1.2067531047761533,1.2061855633649592,1.2087776290041505,1.204173939566997,1412
2025-08-03 23:00:00,1.207900037290549,1.206776668022417,1.2101598056366938,1.2045464707580715,1559
2025-08-04 00:00:00,1.2082818974572778,1.2078240841394114,1.2098686489190864,1.2060820668303658,4931
2025-08-04 01:00:00,1.2085274083598807,1.2083779861171993,1.2103986372035442,1.2061747290868807,1978
2025-08-04 02:00:00,1.2080420294838101,1.208354637663746,1.2104028160886513,1.206669582823576,2416
2025-08-04 03:00:00,1.2090083911145593,1.2078682246726606,1.2103954670944987,1.2058165940688277,3537
2025-08-04 04:00:00,1.2084365464875364,1.2090754947725058,1.2112199915117021,1.2062491530998156,1318
2025-08-04 05:00:00,1.2096852487711125,1.2082244931839787,1.2115993370034517,1.2060723872041652,1073
2025-08-04 06:00:00,1.2114375931764476,1.2098177226070412,1.213034711432512,1.2084312400272161,1129
2025-08-04 07:00:00,1.2123274308651324,1.2114349962597268,1.2141973418752003,1.209691358209487,403
2025-08-04 08:00:00,1.2124339323848656,1.2119949979908187,1.214201903126108,1.2100664368778198,2311
2025-08-04 09:00:00,1.213428691080036,1.212453862791956,1.2155328033503745,1.2104724359924852,116
2025-08-04 10:00:00,1.2135082834133804,1.2131219501718804,1.2151973194469305,1.2112595028194384,1955
2025-08-04 11:00:00,1.2150809399639386,1.2136346570577445,1.21698634137293,1.2112910625444928,2680
2025-08-04 12:00:00,1.2133332526628804,1.2150356739590247,1.2166296547440385,1.211984867900414,1364
2025-08-04 13:00:00,1.213380523821138,1.2136701630933198,1.2151488458085893,1.2116479077402422,1325
2025-08-04 14:00:00,1.2114415494269892,1.2135751987549541,1.2154547016644572,1.210237778277234,3043
2025-08-04 15:00:00,1.2100974764307166,1.2112490182282303,1.2127386115556351,1.2080567987308315,2852
2025-08-04 16:00:00,1.2152119597925188,1.2097291323431911,1.2173266401556904,1.2077041203478034,3964
2025-08-04 17:00:00,1.2185689034749128,1.2150739383559437,1.2206132596743262,1.2120219338212714,4416
2025-08-04 18:00:00,1.2158708526000948,1.2183461695641125,1.219890891733101,1.2136726700833198,1316
2025-08-04 19:00:00,1.2102364646399415,1.2162022888212378,1.2180952609804216,1.2083008008899012,1538
2025-08-04 20:00:00,1.1991194814980353,1.2102346093636083,1.211756399942236,1.1972291073804946,2669
2025-08-04 21:00:00,1.197081373343288,1.1992870882376376,1.2005065624046,1.1953994539903854,999
2025-08-04 22:00:00,1.2061579296392158,1.197029804498983,1.2077510621722256,1.1951733509744855,3668
2025-08-04 23:00:00,1.2077887456572045,1.20612537958367,1.2095821971456564,1.2042136013491405,107
2025-08-05 00:00:00,1.2056903495845188,1.2077828449442782,1.2097799777090001,1.2045924814720588,1900
2025-08-05 01:00:00,1.207434400370145,1.2058907606303133,1.2092996981337647,1.2040082809568344,4908
2025-08-05 02:00:00,1.2015808065464157,1.2074905667189344,1.2096201312475563,1.199742023989005,3696
2025-08-05 03:00:00,1.2004658439362996,1.201390412571706,1.2028377543948072,1.198033455261839,2632
2025-08-05 04:00:00,1.2008388844601086,1.2007581006464396,1.2025044365652233,1.1990042772904963,118
2025-08-05 05:00:00,1.2005160070157797,1.2007861550060632,1.2031791555806493,1.1989909478406666,4030
2025-08-05 06:00:00,1.2034815299721175,1.2004337755074372,1.2045895465140886,1.1985316011921825,2284
2025-08-05 07:00:00,1.2047739495705028,1.2029701928303693,1.2064177596626058,1.2011361601199526,4304
2025-08-05 08:00:00,1.2072801721384077,1.204888834277646,1.2087030143773052,1.2031252154822683,3940
2025-08-05 09:00:00,1.2046987760800423,1.207298425608913,1.2090348549074972,1.2033539667924182,4976
2025-08-05 10:00:00,1.208065583861582,1.2047168835920452,1.2097202299201042,1.2029613297523296,677
2025-08-05 11:00:00,1.2141740974151718,1.2079922189693626,1.2162146950219586,1.2063819297538498,4312
2025-08-05 12:00:00,1.210536036716479,1.2140696491265053,1.2159782482714823,1.208798850258119,3587
2025-08-05 13:00:00,1.2072071780075495,1.210469112694861,1.2118070781905095,1.205131209052607,1540
2025-08-05 14:00:00,1.2122163692687504,1.2072913956859872,1.2138207999147863,1.2057183683290862,4238
2025-08-05 15:00:00,1.211498829318644,1.2123325128338245,1.2141497185363388,1.2097619879429142,2865
2025-08-05 16:00:00,1.2167631595388935,1.2114566627098304,1.2188581997043717,1.2094339624908619,3333
2025-08-05 17:00:00,1.2151036506192978,1.2169361181509266,1.219645661845849,1.2133792006530455,4817
2025-08-05 18:00:00,1.2205600715303129,1.215089191709493,1.22264825298114,1.2123029511316459,2907
2025-08-05 19:00:00,1.2210531433433334,1.2204677184423918,1.2225138281951617,1.218544974960413,3203
2025-08-05 20:00:00,1.2220215014307936,1.2210895135581468,1.2238201294069682,1.2197117687688017,4340
2025-08-05 21:00:00,1.2278891940120558,1.2217711250467302,1.2297976934173505,1.2202384624863307,3868
2025-08-05 22:00:00,1.2265325547216401,1.2279320094993806,1.2295806933881326,1.225038614074813,3241
2025-08-05 23:00:00,1.2230033468619215,1.2262496406401608,1.2282566837216176,1.2214715448144648,4542
2025-08-06 00:00:00,1.2213212310818151,1.222815069148524,1.2238148266765898,1.21929250240227,4561
2025-08-06 01:00:00,1.223017483396727,1.2209508968492155,1.2250549631191676,1.2195223547473004,3106
2025-08-06 02:00:00,1.2171458868760499,1.2229855119649269,1.2246372808977097,1.2154411057629457,582
2025-08-06 03:00:00,1.2195364027609916,1.2174403379103114,1.2213255705080452,1.21519294687004,3493
2025-08-06 04:00:00,1.2175160103199252,1.2195150213545964,1.2218766577135638,1.215879585580411,1729
2025-08-06 05:00:00,1.2218203077976761,1.2176339621728842,1.2231906340682344,1.2155551009355314,2982
2025-08-06 06:00:00,1.2128418316542993,1.2222482555020524,1.2241667478543508,1.2116349219243931,1947
2025-08-06 07:00:00,1.2098922099976586,1.212915161257756,1.2150181674328893,1.20821189296273,1759
2025-08-06 08:00:00,1.2035679544305307,1.209754062293377,1.2116209176758221,1.2020824911421946,4876
2025-08-06 09:00:00,1.2004695939316659,1.2034549478766772,1.2046743156331141,1.1985609297652084,1319
2025-08-06 10:00:00,1.2013983410608244,1.200469712547206,1.2036871478527598,1.1990405692534132,886
2025-08-06 11:00:00,1.2007262412153878,1.201284351079551,1.2030093069350212,1.1981796244556477,3204
2025-08-06 12:00:00,1.1997760753318327,1.2006258043008384,1.202235589146631,1.19856647965109,3257
2025-08-06 13:00:00,1.1991791320641576,1.199953299720998,1.2016403710411376,1.196971761852162,4907
2025-08-06 14:00:00,1.1999418379664823,1.1993638312421961,1.2016041846905934,1.1972477540591433,381
2025-08-06 15:00:00,1.1961598278091956,1.1996463459723201,1.2010134921803084,1.19425439502719,4589
2025-08-06 16:00:00,1.198810513962567,1.1960127032761563,1.200668053082573,1.1941949109582266,4214
2025-08-06 17:00:00,1.2012955113515127,1.19872690300448,1.2028822186190486,1.196256453680012,1128
2025-08-06 18:00:00,1.202739403617723,1.2014035935337863,1.2047855838512516,1.1987079067379462,4111
2025-08-06 19:00:00,1.2048264040280403,1.2029459847653476,1.2068207274492764,1.2012136612729176,4229
2025-08-06 20:00:00,1.2059379715310727,1.2053151648875104,1.2083350154302102,1.2034491799066365,663
2025-08-06 21:00:00,1.2135694964163142,1.2058532024949231,1.2153128012027703,1.2042339610665223,203
2025-08-06 22:00:00,1.2132428932748673,1.2134938394300834,1.2150213426544016,1.2118486178226735,3337
2025-08-06 23:00:00,1.2120913312061128,1.2133499033669317,1.2146336017806774,1.210104793722859,2988
2025-08-07 00:00:00,1.2092656027797726,1.2119675840243318,1.2145771828420608,1.207361146439919,4329
2025-08-07 01:00:00,1.2053946177651056,1.2092401155794,1.2112876379306614,1.2041688114600637,4658
2025-08-07 02:00:00,1.2007278485616015,1.205319865592791,1.2068715350009556,1.198762496503974,609
2025-08-07 03:00:00,1.1973948586369856,1.2002569753225194,1.202661280170104,1.1954970572877328,4800
2025-08-07 04:00:00,1.1971298072057903,1.1974169875629435,1.1996997329977006,1.1955500428760457,4280
2025-08-07 05:00:00,1.1983834139376568,1.1970970264534435,1.1996951844945924,1.1955390762430802,3054
2025-08-07 06:00:00,1.1985751966572273,1.1986119638385655,1.2001388977445773,1.1966249542868226,1868
2025-08-07 07:00:00,1.1957044393668659,1.1985761813929272,1.2003222716305384,1.1933337586265609,3190
2025-08-07 08:00:00,1.1990801314819408,1.1954787579511748,1.2004938163458805,1.193536825268755,2867
2025-08-07 09:00:00,1.2018529290030693,1.1990336019489714,1.2036208861034596,1.196949414370444,2010
2025-08-07 10:00:00,1.2012542478502368,1.2014761406808805,1.2035345962463964,1.199752270314333,483
2025-08-07 11:00:00,1.198805812307744,1.2010364995493772,1.2023408263382074,1.1971565932338333,3645
2025-08-07 12:00:00,1.2008624170108557,1.1989202855926853,1.2027692666402396,1.1968999486197276,1597
2025-08-07 13:00:00,1.2015673179639286,1.200817837582497,1.2037908776343906,1.1995051294515264,1303
2025-08-07 14:00:00,1.1961368407411221,1.2017328348776013,1.2036706555904935,1.194268283004569,1938
2025-08-07 15:00:00,1.1958819147811806,1.19578401511045,1.1976486091840093,1.193813169533757,265
2025-08-07 16:00:00,1.1968645490764596,1.1958383857635342,1.1984199577067105,1.1940569249693718,2019
2025-08-07 17:00:00,1.1934906936271306,1.1967794211152303,1.1988671377683389,1.1915861073221339,4192
2025-08-07 18:00:00,1.1942026063502709,1.1936619151574255,1.1955722659402142,1.1918498966640234,3683
2025-08-07 19:00:00,1.1887470220305543,1.1943225680608496,1.1961922740066193,1.1871857793232479,395
2025-08-07 20:00:00,1.1937577199056,1.1888620260498983,1.1955574943664518,1.1874933016841636,1717
2025-08-07 21:00:00,1.1984375323495728,1.194034812451957,1.2006398809982881,1.192269626625674,3357
2025-08-07 22:00:00,1.1974905923459367,1.1983714152219926,1.1999583002627872,1.195225716357401,4662
2025-08-07 23:00:00,1.1988535461128331,1.1977306773049987,1.2004728127290678,1.195563972244277,2240
2025-08-08 00:00:00,1.1898163387410836,1.1986671840819336,1.2000086312559695,1.1881548788352172,4942
2025-08-08 01:00:00,1.1854800350150887,1.1896241348921877,1.1915578724778597,1.183832017813384,311
2025-08-08 02:00:00,1.1843783640645182,1.1856137655280246,1.1872397455796708,1.1827580322705595,4560
2025-08-08 03:00:00,1.1803578652341675,1.1841119441796604,1.1855772142376664,1.1787429883195446,883
2025-08-08 04:00:00,1.1830368520440324,1.180459505661068,1.1845392557514307,1.1785828249314967,3673
2025-08-08 05:00:00,1.1905267140343374,1.1830549444535738,1.192504335637927,1.180891466427289,593
2025-08-08 06:00:00,1.1861144088364775,1.1907174150291786,1.1921041154401035,1.1835300520318106,4948
2025-08-08 07:00:00,1.182973921071158,1.1861038607374315,1.1875184020525755,1.1814939665821234,1150
2025-08-08 08:00:00,1.1838568524523203,1.1829838741605299,1.1859509868157605,1.1809768175870885,1903
2025-08-08 09:00:00,1.189898538009194,1.1839477485029013,1.1916240858271139,1.1819693038219128,3212
2025-08-08 10:00:00,1.1853146343371694,1.1897807207778255,1.191898443642148,1.1836539183626515,345
2025-08-08 11:00:00,1.1862485197958206,1.18518897390913,1.187900006984317,1.183774731715332,2896
2025-08-08 12:00:00,1.1930783904863698,1.1863334245226937,1.1948676050862272,1.184445244429614,1531
2025-08-08 13:00:00,1.1868842936806976,1.1930731763002718,1.1949091554860853,1.1843491516331166,2221
2025-08-08 14:00:00,1.1820802841550258,1.1868120720180315,1.1890771575677261,1.180211753145465,1731
2025-08-08 15:00:00,1.1804917593807975,1.1820656252629007,1.184298834535014,1.1789998178692043,4230
2025-08-08 16:00:00,1.1785395528325897,1.1807736470981975,1.1829491970664368,1.1768273468728623,2337
2025-08-08 17:00:00,1.1815868076616658,1.1784610331268464,1.183136286648821,1.1770928172920148,3790
2025-08-08 18:00:00,1.1824930316109938,1.1815030836761424,1.1839166954316553,1.1797227776435013,303
2025-08-08 19:00:00,1.1758369238873358,1.1821918802162683,1.184224005610193,1.1738320955836015,3445
2025-08-08 20:00:00,1.1777697128982139,1.1758294415861639,1.1800228192313538,1.1743075040376487,1978
2025-08-08 21:00:00,1.1756039420706301,1.1778855481250081,1.1800590583237318,1.1749887285546787,3034
2025-08-08 22:00:00,1.1803831191341598,1.1757519971916304,1.1821583147497832,1.1738833747896402,4248
2025-08-08 23:00:00,1.1780296658725213,1.1804022416659234,1.1824265001818135,1.1764398745122184,3510
2025-08-09 00:00:00,1.175642358560888,1.1781982236379587,1.1802245799653546,1.1741436507995666,1832
2025-08-09 01:00:00,1.1776716021014049,1.175771530952721,1.1794907312132805,1.1742732859302827,1210
2025-08-09 02:00:00,1.1805325764101684,1.177868683201716,1.182371506274037,1.1759561312059839,4447
2025-08-09 03:00:00,1.1822129490249291,1.180707124711928,1.1840210947880772,1.1790784747838514,1373
2025-08-09 04:00:00,1.175891959084736,1.1824898677354403,1.1839756907611279,1.1737998900848503,273
2025-08-09 05:00:00,1.177909588234467,1.1758619766035427,1.17943402029355,1.1737585416358862,1560
2025-08-09 06:00:00,1.174030933040688,1.177675887155716,1.1791898621401844,1.172365205744685,152
2025-08-09 07:00:00,1.174913218459144,1.1741479048294823,1.1761118989582864,1.172569126697519,3731
2025-08-09 08:00:00,1.1695742143263974,1.1750501556916153,1.1768546425992912,1.1677750436324585,4459
2025-08-09 09:00:00,1.171247922379684,1.169850042402794,1.1729905378196614,1.1681442579578587,2218
2025-08-09 10:00:00,1.1682231764885311,1.1714724473431672,1.1734918253567876,1.1670850398572108,3107
2025-08-09 11:00:00,1.163413296550054,1.1685626847670147,1.1707478252869024,1.1610001084783925,4801
2025-08-09 12:00:00,1.1660901220618631,1.163521717390591,1.168302531218221,1.1615226882498308,4632
2025-08-09 13:00:00,1.166996289018151,1.1661301752286153,1.1692433866294625,1.1645419463921316,296
2025-08-09 14:00:00,1.1646938760129275,1.1667543268141825,1.168236837337363,1.1636164351361968,438
2025-08-09 15:00:00,1.1701357966967565,1.1647479532305085,1.1713883243486263,1.1630560884696648,1977
2025-08-09 16:00:00,1.16848335011587,1.1700389580507484,1.1721179505881814,1.1669367374280357,1467
2025-08-09 17:00:00,1.168603753893261,1.1685204258252224,1.1708412094213798,1.1667887560161327,858
2025-08-09 18:00:00,1.1696121793220557,1.1686133177862572,1.1719125699061959,1.167618166299141,840
2025-08-09 19:00:00,1.1672884320690735,1.1696947766962482,1.1716155484839033,1.1657028738336173,4099
2025-08-09 20:00:00,1.1690551931693232,1.1672713643233574,1.1701084988233268,1.1656620389354373,1050
2025-08-09 21:00:00,1.1670547468674555,1.169218876132125,1.171097464130366,1.1653714834791924,2450
2025-08-09 22:00:00,1.1655111031591447,1.1665786668793647,1.1685211452837125,1.1638454273068892,320
2025-08-09 23:00:00,1.1706210130584074,1.1655444647298587,1.1728166561769382,1.163770183433398,3138
2025-08-10 00:00:00,1.1667188153614858,1.170831458176,1.1730819288079175,1.1644363012577514,3732
2025-08-10 01:00:00,1.1576708891205003,1.1670435504694083,1.1690959736363504,1.1561132478664375,3029
2025-08-10 02:00:00,1.1637119028517948,1.1577986579387862,1.1652524436728002,1.156371187692094,1496
2025-08-10 03:00:00,1.1732718826740711,1.1640084267331934,1.174669560175341,1.1628565074090085,487
2025-08-10 04:00:00,1.171752122928636,1.1733015753408216,1.1752469045591751,1.170174163419282,2061
2025-08-10 05:00:00,1.1644889802763103,1.1717526229443544,1.1732225288156004,1.1632317691837641,3940
2025-08-10 06:00:00,1.1633246653655755,1.16458136261771,1.1668411686301141,1.161244607257334,686
2025-08-10 07:00:00,1.1622513293036731,1.163324108481645,1.1644731477083565,1.1605414620485404,4127
2025-08-10 08:00:00,1.1615391148998397,1.1621150184835327,1.1640548654480853,1.159469438629341,4574
2025-08-10 09:00:00,1.1573639097426327,1.161449666830329,1.163296658169243,1.1551189604152934,3076
2025-08-10 10:00:00,1.1595372640269195,1.1571704723319491,1.1612046438261716,1.1557320864857135,4236
2025-08-10 11:00:00,1.1615041666842423,1.1596293208565094,1.162924065012087,1.1580081025491078,1476
2025-08-10 12:00:00,1.1559001456099198,1.1615061418539014,1.1625250298138536,1.153704506301164,3144
2025-08-10 13:00:00,1.1585221333537756,1.155837535693829,1.160075214985272,1.15403398866768,3648
2025-08-10 14:00:00,1.1662197020360727,1.1584230016894685,1.1677892413819768,1.1564912135874141,3603
2025-08-10 15:00:00,1.1668645532827118,1.1663081018882413,1.1690040239425743,1.164196201584572,3533
2025-08-10 16:00:00,1.1655995839249549,1.167001006793901,1.1684756573079127,1.1635376914168793,1051
2025-08-10 17:00:00,1.1650670718709266,1.1654020152302123,1.1673078682779108,1.1631760423421702,4571
2025-08-10 18:00:00,1.1673742847470587,1.1648415903753728,1.1686727879193,1.1626015060012498,3441
2025-08-10 19:00:00,1.1608842662264067,1.1675404960854743,1.1694490762565324,1.1591667104329497,674
2025-08-10 20:00:00,1.1615007313625716,1.160644683487073,1.1624632552809255,1.158721442328992,3233
2025-08-10 21:00:00,1.160036491552086,1.1615959970684533,1.1640652378138843,1.15835795070933,4558
2025-08-10 22:00:00,1.166965835350671,1.1603195232211576,1.168666897808422,1.1582117897888258,216
2025-08-10 23:00:00,1.1663126875989025,1.167249115464981,1.168020806001268,1.1648084117739723,4446
2025-08-11 00:00:00,1.1725672661406008,1.166442468385856,1.1740736341777125,1.16527559616334,1718
2025-08-11 01:00:00,1.1684282385239182,1.1726914950986163,1.1741371929122382,1.166446026381413,1557
2025-08-11 02:00:00,1.1706304603994286,1.1688236612421983,1.1721560898855343,1.1674259771236015,2489
2025-08-11 03:00:00,1.1718282113886458,1.1702201337952802,1.1734577645833375,1.1688558595158562,3609
2025-08-11 04:00:00,1.1685692842091528,1.1717468201273513,1.1732673798378952,1.1663729828024059,604
2025-08-11 05:00:00,1.1692345196390415,1.1687180971030888,1.1707019982636726,1.166625303101568,1392
2025-08-11 06:00:00,1.1737814652771599,1.169175134453299,1.175134125303119,1.1675350685582964,4056
2025-08-11 07:00:00,1.1725672463860852,1.1739995237927778,1.1760474556709362,1.1718796986104438,1251
2025-08-11 08:00:00,1.1662223864516985,1.1725603620481655,1.1747299330009389,1.1642864898956997,1812
2025-08-11 09:00:00,1.166156525852408,1.1662454315460695,1.1679056044572647,1.1641755157494647,3243
2025-08-11 10:00:00,1.162772439246936,1.1661086182330063,1.1678466246687031,1.1608480003951247,1328
2025-08-11 11:00:00,1.1614886607269466,1.162681405663872,1.1640311724982602,1.159582360438694,345
2025-08-11 12:00:00,1.1611827065906273,1.161393366532775,1.1631598809946764,1.159504120321699,2684
2025-08-11 13:00:00,1.154786510780569,1.161229677467892,1.163041524949214,1.1531965322834925,572
2025-08-11 14:00:00,1.1487277920081165,1.1546530461351256,1.156300529038986,1.1473859039847296,1992
2025-08-11 15:00:00,1.1505355426413373,1.1488922964227979,1.1523980554571416,1.147407207007645,3334
2025-08-11 16:00:00,1.148575347530701,1.1506480845203424,1.1524773201306275,1.1467417097028993,3723
2025-08-11 17:00:00,1.1389575562488738,1.148763175830137,1.1501114261577472,1.137133654578246,4764
2025-08-11 18:00:00,1.1419007213861543,1.138764188318399,1.144022275013206,1.1367807668696084,4371
2025-08-11 19:00:00,1.1429221079684326,1.1416093659885598,1.1445652940800863,1.1403772152391372,266
2025-08-11 20:00:00,1.1402450773782957,1.1429213920503445,1.1452049283476762,1.139102286924316,2484
2025-08-11 21:00:00,1.1353069640868274,1.1407387316569066,1.1425848840299409,1.1337333281982243,212
2025-08-11 22:00:00,1.1384412436980063,1.1355231897312448,1.140822043032809,1.1341638730054941,4025
2025-08-11 23:00:00,1.1397513085326079,1.1383464540621615,1.1418627898674854,1.1365732332652918,466
2025-08-12 00:00:00,1.148686067092673,1.1398244532087278,1.150487387061442,1.1385528152141424,3908
2025-08-12 01:00:00,1.1502617743378916,1.1488116044037442,1.1517376383431683,1.1466789389666974,108
2025-08-12 02:00:00,1.151715661117624,1.1500253752127905,1.1532008327348937,1.1485818356578736,643
2025-08-12 03:00:00,1.151089681379717,1.1519521454484034,1.1538628510500524,1.1488130535921597,4648
2025-08-12 04:00:00,1.1541525908817198,1.1510606964312549,1.1559333765701714,1.1491479302431806,1012
2025-08-12 05:00:00,1.1564966603864004,1.1541368600676274,1.158027043314539,1.152768226779579,2422
2025-08-12 06:00:00,1.16119062916852,1.1565008031649484,1.1632226175336828,1.1540292977364977,2649
2025-08-12 07:00:00,1.15923566822363,1.1613896479314998,1.1631419849665512,1.1574044981838993,3491
2025-08-12 08:00:00,1.15760289020009,1.1591045380662859,1.1611323144577155,1.1558087957733802,4681
2025-08-12 09:00:00,1.1558062533091702,1.1573069512092289,1.1587024242682897,1.1540951556785837,2140
2025-08-12 10:00:00,1.1587717597635914,1.155862388030132,1.1608573652663083,1.1539620417463212,3057
2025-08-12 11:00:00,1.1643906639147041,1.1584148173042252,1.1663122562796593,1.156484692851965,4986
2025-08-12 12:00:00,1.1626700120653943,1.1643381512966158,1.1664998698155826,1.1612277108298117,630
2025-08-12 13:00:00,1.1610771105861701,1.162876719951059,1.1649587972714095,1.1594098798306338,2451
2025-08-12 14:00:00,1.162254900175682,1.1611780687952225,1.1639686612740676,1.1593943442434287,1586
2025-08-12 15:00:00,1.1613332945506336,1.1624364785962675,1.1641208620500574,1.1593882678377023,4702
2025-08-12 16:00:00,1.1649034957499083,1.1614416919717212,1.167273968704423,1.1594847626875318,3113
2025-08-12 17:00:00,1.1564593309100868,1.1653216138214335,1.166955493632493,1.1546675561457624,3283
2025-08-12 18:00:00,1.1533591869841484,1.156357563173281,1.1583465658184782,1.151819564214675,1017
2025-08-12 19:00:00,1.150425125731793,1.1534278900868353,1.1550219006219002,1.1489071139779734,4743
2025-08-12 20:00:00,1.141723790685345,1.1503500938470175,1.1514249526706253,1.1404193101961289,429
2025-08-12 21:00:00,1.138110146518962,1.1418871324703688,1.1431752435660174,1.1362006476797775,2526
2025-08-12 22:00:00,1.1346783110845398,1.1380996663675076,1.1399398607213551,1.1331859743725579,3527
2025-08-12 23:00:00,1.133924168630094,1.1349706670471789,1.1369100623539965,1.132288512894908,4406
2025-08-13 00:00:00,1.1380977907238201,1.1338335505601755,1.1399446548729963,1.132045231129503,1439
2025-08-13 01:00:00,1.137178813281855,1.138337813894718,1.1404345269628635,1.1354717029061052,1736
2025-08-13 02:00:00,1.1333132618308381,1.1372796452162672,1.1391126412058394,1.1316151997519914,286
2025-08-13 03:00:00,1.1330996823012873,1.1333077445867776,1.1347438686503928,1.1317076563968156,3339
2025-08-13 04:00:00,1.1370340833816923,1.1331921986152498,1.138942357057614,1.1313949357223878,1065
2025-08-13 05:00:00,1.1333742378212615,1.1370784999306052,1.1388362300753714,1.1317805420468838,3124
2025-08-13 06:00:00,1.129959582006556,1.133434569981518,1.1349344021697199,1.1282939313375941,515
2025-08-13 07:00:00,1.1320541406038342,1.129924453618326,1.1339126970442623,1.1278331074999202,2485
2025-08-13 08:00:00,1.1312233801698437,1.1319350926053835,1.1336588632918843,1.1293550567729682,2444
2025-08-13 09:00:00,1.1336514477600041,1.1311664020908065,1.1351461670065215,1.1296600532994667,2557
2025-08-13 10:00:00,1.1336002722907719,1.133365245719208,1.1352401840924053,1.131715487970751,1612
2025-08-13 11:00:00,1.1362315109711076,1.1337437695246768,1.1384177000942473,1.1314942230750047,933
2025-08-13 12:00:00,1.1323499680434552,1.1360217152884444,1.1381893347228291,1.1307558624442868,3901
2025-08-13 13:00:00,1.1323046506029992,1.1323130016275302,1.1340753695485986,1.1305926463119584,4539
2025-08-13 14:00:00,1.1315145630491374,1.1324146414632914,1.1341313528948054,1.1295918440896875,1456
2025-08-13 15:00:00,1.126954972083747,1.1316564573947203,1.1328623963626745,1.1251917862904486,2325
2025-08-13 16:00:00,1.1210919297792394,1.1266565398890638,1.1289164476896143,1.1195356808997978,634
2025-08-13 17:00:00,1.1236634886615193,1.1210764488299443,1.1256983337566935,1.119641559959711,842
2025-08-13 18:00:00,1.122347417228202,1.123740887652921,1.1256775940497414,1.120667296458711,1827
2025-08-13 19:00:00,1.1185138661720244,1.122356144339123,1.123270619783719,1.1166152942445022,3551
2025-08-13 20:00:00,1.118153195158562,1.1187392984282927,1.1204302555588062,1.1160328747298613,3397
2025-08-13 21:00:00,1.122383265873622,1.1180148378117254,1.1240240346319834,1.1168246695846618,3663
2025-08-13 22:00:00,1.1138304989534773,1.1220409231979596,1.1239398311444904,1.1115707203209342,536
2025-08-13 23:00:00,1.10821810386634,1.11396520164775,1.1154775766496576,1.1066516627506047,321
2025-08-14 00:00:00,1.1047572797092327,1.108129101396268,1.1097094422513087,1.1027936310914015,1447
2025-08-14 01:00:00,1.1102367004594338,1.1044644202626295,1.112108364003393,1.1030447168317326,1730
2025-08-14 02:00:00,1.1112964016453812,1.110210277322046,1.1127054437911283,1.109080368736509,2618
2025-08-14 03:00:00,1.114173841297111,1.1115020599714287,1.1156532270565638,1.1102696542928048,2962
2025-08-14 04:00:00,1.1098982378503877,1.1139635290189405,1.115692748244756,1.1083435889876028,1021
2025-08-14 05:00:00,1.1056999783181232,1.1102856744517322,1.1123882135031613,1.1038675814144157,4125
2025-08-14 06:00:00,1.1073792797558333,1.1055608004106214,1.1093089334660602,1.1038893689268254,3758
2025-08-14 07:00:00,1.1075978084968412,1.107393735710535,1.109616539766586,1.1058154867963481,1621
2025-08-14 08:00:00,1.1096555790675817,1.1073948859334781,1.1113411403903628,1.1053582163209958,3264
2025-08-14 09:00:00,1.1089518128516,1.1096625006483247,1.1118233192130507,1.107287724478363,1568
2025-08-14 10:00:00,1.109994851825805,1.1089295439425608,1.1110800330453579,1.1071713838017283,396
2025-08-14 11:00:00,1.1105877983941992,1.1097467197627482,1.1129274423522078,1.1070443173699258,3709
2025-08-14 12:00:00,1.1135044261032676,1.1110597840197984,1.1158934806852536,1.109392212654469,522
2025-08-14 13:00:00,1.1165307071605595,1.1134214672293266,1.1183584510739952,1.1119797508993685,1174
2025-08-14 14:00:00,1.1104561871815903,1.1164483453096459,1.1183912869489483,1.1086302774759584,1584
2025-08-14 15:00:00,1.1020289300990622,1.110616373017593,1.1122568533278996,1.1001331905259017,4490
2025-08-14 16:00:00,1.1057854753402554,1.102329856603848,1.1073746322576725,1.1005713314498922,2971
2025-08-14 17:00:00,1.1102394444399877,1.1059730675366348,1.111701339890797,1.104255445248494,3973
2025-08-14 18:00:00,1.1064121081168126,1.1100400944051658,1.1116834443208696,1.1042605024694043,4549
2025-08-14 19:00:00,1.0994377253422665,1.1064473850620369,1.1082799059208088,1.0973409061179156,4475
2025-08-14 20:00:00,1.0998091059210435,1.099127352754103,1.101597357203487,1.0975162757692434,3085
2025-08-14 21:00:00,1.103299749269858,1.0999583335695642,1.1056122444950314,1.0985163741622963,1833
2025-08-14 22:00:00,1.1100407287289866,1.1030274804549225,1.1117391824710487,1.1012194895707954,2078
2025-08-14 23:00:00,1.111976844624367,1.1099067575379729,1.1131481470255542,1.1084553720092862,912
2025-08-15 00:00:00,1.1105829070121707,1.1119763112940189,1.1141900286354618,1.108622119026089,2984
2025-08-15 01:00:00,1.1072336671812275,1.1106568159491625,1.1119121019450409,1.1054319578647103,2966
2025-08-15 02:00:00,1.1067974087312322,1.107190346916474,1.1086648033015258,1.1042506575877507,4864
2025-08-15 03:00:00,1.10598829108657,1.1070494220451794,1.1087985679015644,1.103840473915207,1030
2025-08-15 04:00:00,1.1043202095996953,1.1061080942996195,1.1079027830763044,1.1030211117651434,3808
2025-08-15 05:00:00,1.1063287163807314,1.1044272012261327,1.1075084704793055,1.102939893396421,1403
2025-08-15 06:00:00,1.108020918463218,1.1061243860932448,1.1094348177850266,1.1050985638177757,485
2025-08-15 07:00:00,1.1089341768834844,1.108303591534321,1.1101049510648593,1.1073513764176202,2062
2025-08-15 08:00:00,1.1073791564061135,1.108800782243183,1.1106683926040688,1.1056802728214132,4822
2025-08-15 09:00:00,1.1079551795952702,1.1076679242768728,1.1100104519264689,1.1064023238185152,2367
2025-08-15 10:00:00,1.1082727312866678,1.1082913511411103,1.1095475213020942,1.1060646577717355,1010
2025-08-15 11:00:00,1.1083537860357127,1.108357962007955,1.110351555730578,1.1063062413626719,1679
2025-08-15 12:00:00,1.1094033843561653,1.1085255238592024,1.1113772721594117,1.1069517778356976,3504
2025-08-15 13:00:00,1.1097158297275989,1.1088902096267386,1.1111609890856475,1.1073349359357905,1495
2025-08-15 14:00:00,1.110153846811164,1.1096833573253448,1.1111587872583981,1.1075234288045501,1234
2025-08-15 15:00:00,1.1104681343512106,1.1103374347844501,1.1117769578508232,1.1081005275546085,1308
2025-08-15 16:00:00,1.110427084040813,1.1106221245374222,1.1120894681195381,1.1090721180074075,501
2025-08-15 17:00:00,1.107836750685156,1.1102243958898708,1.112398526902365,1.1065276808634732,3481
2025-08-15 18:00:00,1.1074870959780487,1.1077879566798123,1.109409881751204,1.1059259017021061,1670
2025-08-15 19:00:00,1.1063696656274298,1.107066172299664,1.1083915496187629,1.1045669939021203,1598
2025-08-15 20:00:00,1.1043838564782618,1.106438081021259,1.1081436412731642,1.1028974678989807,1709
2025-08-15 21:00:00,1.1059520364214228,1.1040714258461737,1.1071811867577146,1.1022624596388155,3502
2025-08-15 22:00:00,1.1075768308304856,1.1061398500813886,1.1094090974135644,1.1038304531594896,4383
2025-08-15 23:00:00,1.1087578955508404,1.1077735341596233,1.1100958345706924,1.106578081773671,3740
2025-08-16 00:00:00,1.1086141516510675,1.1086790120863117,1.1100650490338,1.107099455199897,2881
2025-08-16 01:00:00,1.1097849017962107,1.1087009272746606,1.1115745937707333,1.1074980287279852,3599
2025-08-16 02:00:00,1.109349365612933,1.1097487760464388,1.1119952862825655,1.107963761013632,1212
2025-08-16 03:00:00,1.1091427223452104,1.1093896122533038,1.1117846243601306,1.107577059747701,4580
2025-08-16 04:00:00,1.107380556700656,1.1089521544283918,1.1102677672106376,1.1059610757169467,3101
2025-08-16 05:00:00,1.1074069462660547,1.1074839595989023,1.1089468642211842,1.1055730878159928,4776
2025-08-16 06:00:00,1.107029409380164,1.10713442021864,1.1089661771530166,1.1053187313526092,1412
2025-08-16 07:00:00,1.1050162268399626,1.1067260940016603,1.108771077700612,1.1032595762188329,819
2025-08-16 08:00:00,1.1045047903057827,1.1049960262784877,1.1059357112234147,1.1029496578703581,3602
2025-08-16 09:00:00,1.1039591148291545,1.1044698097141867,1.106154673269618,1.1023742516899893,1670
2025-08-16 10:00:00,1.105666188229128,1.1040042760516247,1.1071631022560657,1.1024621007735849,1118
2025-08-16 11:00:00,1.1062892442233443,1.1055584067565545,1.1073101209022358,1.1039814991018622,3959
2025-08-16 12:00:00,1.105852978750254,1.1066020388851863,1.1078172050615336,1.104055190473652,2711
2025-08-16 13:00:00,1.1057015235220153,1.1058796159274704,1.107349831487241,1.104681013211183,3930
2025-08-16 14:00:00,1.1053045783757405,1.1057401343164175,1.1074175937372404,1.1035511426482212,1294
2025-08-16 15:00:00,1.1046110815939858,1.1053372583847378,1.1073282434843792,1.10324204779383,447
2025-08-16 16:00:00,1.1028621689571199,1.1047769922969863,1.1065485246896516,1.1013199896852623,2107
2025-08-16 17:00:00,1.1022309067039915,1.1029574045866766,1.1049240731226226,1.1010939112907052,4813
2025-08-16 18:00:00,1.1008855887960085,1.1023038983743583,1.1039640528884136,1.099352717366087,2970
2025-08-16 19:00:00,1.0989352101493006,1.1010069086230505,1.102422904461572,1.097195194369577,4295
2025-08-16 20:00:00,1.0990986763267576,1.0986343954194429,1.1006867365419255,1.0968350331614387,4230
2025-08-16 21:00:00,1.0991181939186776,1.0988040828123797,1.1009962079407924,1.0975465810879927,4506
2025-08-16 22:00:00,1.0965241449050358,1.0991056838810795,1.1010901389033718,1.0947448682628957,2348
2025-08-16 23:00:00,1.0959269233400417,1.096491649485525,1.0980869219161464,1.0939082995577138,1101
2025-08-17 00:00:00,1.0966717650031217,1.0960223025027975,1.0980110923082196,1.094539719633405,4508
2025-08-17 01:00:00,1.0974928334897973,1.096675060264126,1.099249587467394,1.0950285203727221,2554
2025-08-17 02:00:00,1.0982738377012595,1.0975886905449854,1.1000787346540635,1.0966228289611428,1668
2025-08-17 03:00:00,1.0978705335495413,1.0980687123497825,1.1001215279383234,1.0965191759264006,2258
2025-08-17 04:00:00,1.0964064791559784,1.0978687664870495,1.0992901162022664,1.094672889401581,3934
2025-08-17 05:00:00,1.0946560405631487,1.096186279777137,1.0976089613485056,1.0927002840526314,1865
2025-08-17 06:00:00,1.0946195664488492,1.0947195599028086,1.096609801576761,1.0931744314578324,4174
2025-08-17 07:00:00,1.0946247024900873,1.0943111638679959,1.0961328434883872,1.0917926340338724,1214
2025-08-17 08:00:00,1.0957194998240134,1.0946819500151308,1.0972152607554322,1.0929351902655262,1656
2025-08-17 09:00:00,1.0965894754044239,1.0954778664349434,1.0986469425922147,1.0942518871463525,784
2025-08-17 10:00:00,1.0959808010165863,1.0965264245397197,1.0977196169944734,1.0939136115533843,4368
2025-08-17 11:00:00,1.0940377539619532,1.096127663718813,1.0984435895091749,1.0928079274576683,4365
2025-08-17 12:00:00,1.0932048260455403,1.0940750398970855,1.0955139263390892,1.0914573074037213,1114
2025-08-17 13:00:00,1.093015503479313,1.0929350162248417,1.094939231009002,1.0916001954360213,2699
2025-08-17 14:00:00,1.0923230035848457,1.0929053327897087,1.094508163983035,1.091129346141936,3978
2025-08-17 15:00:00,1.0911795306551526,1.092077262557631,1.093802863344807,1.0892277971267883,3044
2025-08-17 16:00:00,1.0910329924331166,1.0909021750395613,1.0925835292994044,1.0893506531222499,3262
2025-08-17 17:00:00,1.089978243143424,1.0910522299784173,1.0929672923174227,1.0877789922804275,1381
2025-08-17 18:00:00,1.0887745638429536,1.0900697489311186,1.0915894635570487,1.087473892056682,243
2025-08-17 19:00:00,1.0886983072441176,1.0888465168809602,1.0902924345856146,1.087574653240787,4681
2025-08-17 20:00:00,1.0877659161479627,1.0887966347805251,1.091020031084499,1.0862907964032154,4574
2025-08-17 21:00:00,1.0876088414147367,1.087763972995953,1.089404973322392,1.0850343052745817,4688
2025-08-17 22:00:00,1.0874866862421593,1.0875642451812808,1.0889750322326754,1.0855833945766578,311
2025-08-17 23:00:00,1.0856693714408494,1.0873119364668857,1.0884550529724462,1.0838604639796674,3390
2025-08-18 00:00:00,1.084641882092211,1.0855977721143337,1.087831780157504,1.0828239336141996,1329
2025-08-18 01:00:00,1.0859172144201108,1.0844266508485303,1.0873662866615306,1.0829557249787798,1670
2025-08-18 02:00:00,1.0840727190048296,1.0857797812864605,1.0880764451405758,1.081558965674625,2122
2025-08-18 03:00:00,1.0810827336660649,1.084087139600458,1.0858381220667253,1.0793125410928626,1240
2025-08-18 04:00:00,1.078398519482174,1.0810636773795064,1.0827275013152682,1.0766630582606982,3014
2025-08-18 05:00:00,1.077983451418066,1.078894078398366,1.0805659802211978,1.0760479764524917,3016
2025-08-18 06:00:00,1.0775705521517052,1.077765922962303,1.0800986318336836,1.0763657991445363,4648
2025-08-18 07:00:00,1.0769794191251951,1.077550342839551,1.0784575196837918,1.0756480615567687,4181
2025-08-18 08:00:00,1.0779864469199094,1.0767492045372067,1.0796727437662017,1.0752116230606634,3541
2025-08-18 09:00:00,1.074329045600186,1.0779239554754052,1.0794499742622352,1.0723980482221498,4838
2025-08-18 10:00:00,1.0743541662495029,1.0742731104492436,1.0758970161690578,1.0730799497985437,2198
2025-08-18 11:00:00,1.0757778920916672,1.0744905017375566,1.0774397468466732,1.0728985724178994,434
2025-08-18 12:00:00,1.0739745551737971,1.0757054525284522,1.0772306293066825,1.0724308830622564,4407
2025-08-18 13:00:00,1.0730687873596492,1.0739437603101125,1.0756139266352234,1.0719660114594372,1737
2025-08-18 14:00:00,1.0717153170589748,1.072999610606911,1.0745996030843008,1.0702713730332443,2287
2025-08-18 15:00:00,1.0701921018036817,1.0714904078823686,1.0726739681588082,1.0684127194707598,2016
2025-08-18 16:00:00,1.069350587397654,1.0700875028955337,1.0718138729755942,1.0682224020966244,4564
2025-08-18 17:00:00,1.0706135697380754,1.0692892514031616,1.0724494753764808,1.0672300328583149,1908
2025-08-18 18:00:00,1.0723684337486605,1.0706254450201191,1.0738025981821127,1.0688663172404262,3451
2025-08-18 19:00:00,1.0715153066786123,1.0724582718347437,1.0746659885664922,1.06979680829166,3372
2025-08-18 20:00:00,1.0733513789354896,1.0714775360055335,1.0753914673363556,1.0698648723317028,2824
2025-08-18 21:00:00,1.0729440707078712,1.0733107932814079,1.0751918634720765,1.0716862547171033,2781
2025-08-18 22:00:00,1.0745984999399125,1.0726666932220532,1.0764785596869477,1.0712642444503921,453
2025-08-18 23:00:00,1.0740365415603284,1.0746854541290538,1.0763062065094622,1.0723088931926361,4467
2025-08-19 00:00:00,1.0737438109515838,1.0739244591529211,1.075902737239384,1.0723431084579613,1734
2025-08-19 01:00:00,1.0737323803187553,1.0738641425135302,1.0759807121105602,1.0720609819507148,1190
2025-08-19 02:00:00,1.0770970047339963,1.0739450703474671,1.0789737463142832,1.072619879553337,1175
2025-08-19 03:00:00,1.0776685474238101,1.077066628216918,1.0791006773187686,1.075304177850199,2056
2025-08-19 04:00:00,1.0763698299878683,1.0775033282154147,1.079105069389502,1.0745853980577391,3156
2025-08-19 05:00:00,1.0770826274321994,1.0763671321199597,1.078883618381267,1.0752774547310529,2751
2025-08-19 06:00:00,1.0761984283876982,1.0771389183135358,1.0790236898808547,1.074562399542757,4192
2025-08-19 07:00:00,1.0751607281682167,1.0761475431805543,1.0777352941352851,1.0740387983551787,4102
2025-08-19 08:00:00,1.0758010498000872,1.075069709201276,1.0772318194057833,1.0740566405776275,1744
2025-08-19 09:00:00,1.0753883525054126,1.075891952196434,1.0780161260478474,1.0739668694193079,4133
2025-08-19 10:00:00,1.0752726436028268,1.075468607351437,1.0767356055005757,1.0727574999551155,3440
2025-08-19 11:00:00,1.0748394258690652,1.0752168127390977,1.0765255377327683,1.072977141467585,4310
2025-08-19 12:00:00,1.0747933256209918,1.0745727589778815,1.0759775991758538,1.0725117017490422,101
2025-08-19 13:00:00,1.0748532846979153,1.0748669065597347,1.0761749328774557,1.0730448172163993,2643
2025-08-19 14:00:00,1.0720789243786688,1.0747298894010866,1.076739183433912,1.0704047305353617,3164
2025-08-19 15:00:00,1.0724288115810003,1.0721134042103786,1.0744495353836423,1.0702166878627768,1283
2025-08-19 16:00:00,1.070800388277204,1.0724530904643563,1.0740355046506556,1.0693996436757565,3311
2025-08-19 17:00:00,1.0686196293145327,1.0704976033323117,1.0722596441679044,1.0668658595239655,3658
2025-08-19 18:00:00,1.0680995358219023,1.0686326198109553,1.070231403134343,1.066120209230049,780
2025-08-19 19:00:00,1.0677503130258796,1.068181944661657,1.0694017500424866,1.0659246452275568,4777
2025-08-19 20:00:00,1.066468105628393,1.0678522384352827,1.070161602707292,1.0644707879114426,4734
2025-08-19 21:00:00,1.0670153438575944,1.0664868902869824,1.069055927464344,1.0648279161195615,1497
2025-08-19 22:00:00,1.0649547336579495,1.0666995018120704,1.068410166099579,1.0628167047674932,1078
2025-08-19 23:00:00,1.0640164011594224,1.065158558937316,1.0664813792645513,1.0624868451580745,1072
2025-08-20 00:00:00,1.0628645521975029,1.0640819303729445,1.0656045047684215,1.0605950093043126,278
2025-08-20 01:00:00,1.0623586474730957,1.0626727986932187,1.0640456553827438,1.0605822964602556,210
2025-08-20 02:00:00,1.0622432846146723,1.0622331280732042,1.0638677463656314,1.0607621164458536,1630
2025-08-20 03:00:00,1.0605838130751242,1.0622800695127077,1.0639695550830035,1.0593681072715504,3365
2025-08-20 04:00:00,1.0610029522880717,1.0606920010305254,1.0624858761696938,1.0593576808635463,3437
2025-08-20 05:00:00,1.0606285551300734,1.0609253201871789,1.0620534855108705,1.059342870210757,2770
2025-08-20 06:00:00,1.0579082196260992,1.0607595546471698,1.0630230737943238,1.0563495143299608,3285
2025-08-20 07:00:00,1.0551079098976228,1.0576244852568013,1.059282332026466,1.0539284970878438,760
2025-08-20 08:00:00,1.0546431267461076,1.0549429965629782,1.056669423737517,1.052652142412251,4975
2025-08-20 09:00:00,1.053927965964764,1.0543167731018221,1.0557641083312481,1.0523120658356748,1077
2025-08-20 10:00:00,1.0533538618284743,1.053786173188834,1.0548725988494114,1.0517516633051924,1897
2025-08-20 11:00:00,1.052870282880638,1.053592033276259,1.0551450273045206,1.0516590778044632,3344
2025-08-20 12:00:00,1.0526909546880503,1.0531952173504708,1.054672177916938,1.0513547859663335,724
2025-08-20 13:00:00,1.0533781342198683,1.0527280215585098,1.0551824238218361,1.0518496202805525,2236
2025-08-20 14:00:00,1.0515948083387672,1.05327742889389,1.0551406690480325,1.04950703348027,4676
2025-08-20 15:00:00,1.0497384424272862,1.0515599087501224,1.0533754406700957,1.0486103042620725,1242
2025-08-20 16:00:00,1.0479764537978213,1.0498128497863217,1.0516955203084128,1.0468263741749235,3136
2025-08-20 17:00:00,1.0478731537984238,1.0477307829466713,1.0500119674225452,1.0457147252782093,3068
2025-08-20 18:00:00,1.0489170906527996,1.0477830781729132,1.0506131429345047,1.0460877455786233,477
2025-08-20 19:00:00,1.047949483326912,1.0491426449711996,1.0510601459916347,1.0463396012857105,358
2025-08-20 20:00:00,1.0444974435139205,1.0477856471028015,1.0495071441001196,1.042824074482853,817
2025-08-20 21:00:00,1.042002652078788,1.044380370624195,1.045349422024567,1.0401414580850425,179
2025-08-20 22:00:00,1.0405530080114327,1.0420047113835507,1.043517304932083,1.0389610008310364,2704
2025-08-20 23:00:00,1.0394337333464385,1.0405971541538124,1.0418857261705055,1.0383559033708762,1378
2025-08-21 00:00:00,1.0384936669937328,1.0393363739348649,1.0409662170498357,1.0367075025814925,3031
2025-08-21 01:00:00,1.03808996434131,1.0385056513868127,1.039816444420902,1.0364013001128447,1518
2025-08-21 02:00:00,1.037265868744323,1.0381845535806011,1.0399289280180914,1.0353454062509884,1815
2025-08-21 03:00:00,1.038075076276975,1.037571288882058,1.0399377031367323,1.0364031737870365,611
2025-08-21 04:00:00,1.0368138555101574,1.0380554424887083,1.0399850267019108,1.0354854922623384,3996
2025-08-21 05:00:00,1.0353290739587868,1.03680744206347,1.0388633762463053,1.0336542980412724,662
2025-08-21 06:00:00,1.0354537246050113,1.035566314891907,1.0365988618647008,1.0341939434239562,4572
2025-08-21 07:00:00,1.0331609541211,1.035368618096692,1.0365467315218444,1.032340472191478,922
2025-08-21 08:00:00,1.033178584167484,1.032955710142401,1.0356358388283802,1.031344778947764,4953
2025-08-21 09:00:00,1.0328516479879557,1.0332173546775216,1.0350794386208255,1.031025047483331,3650
2025-08-21 10:00:00,1.0322247170000538,1.0330182761570628,1.0346361174555814,1.030716305908269,4134
2025-08-21 11:00:00,1.033680648328633,1.0322806981155723,1.035241104267455,1.0305601981409658,4050
2025-08-21 12:00:00,1.0324839993942794,1.0336656232615167,1.0351967371029844,1.0308103322438653,2283
2025-08-21 13:00:00,1.0345063571989084,1.0322592435714444,1.0354579748026123,1.0307042267813997,989
2025-08-21 14:00:00,1.0337858394598347,1.0344973060040257,1.0358084578956868,1.0321929936648204,3415
2025-08-21 15:00:00,1.0318034197258705,1.0339766954803384,1.0354897791907778,1.0298381010009896,3318
2025-08-21 16:00:00,1.0314373232230643,1.0316124825630015,1.0329381291697117,1.0301885364482593,4055
2025-08-21 17:00:00,1.0296958289826816,1.0313995209514613,1.0327633110682783,1.0279124849335577,1244
2025-08-21 18:00:00,1.0283437219653055,1.0296360588589308,1.0319679510600754,1.027165510851213,4113
2025-08-21 19:00:00,1.028370161925324,1.0282360971809632,1.0298350794244806,1.0269387404148733,4412
2025-08-21 20:00:00,1.028586860431704,1.028408413477051,1.0302155618981896,1.0264965017355763,3682
2025-08-21 21:00:00,1.027390259191399,1.0286551775547113,1.0302710167685123,1.0262220644998343,1417
2025-08-21 22:00:00,1.0281251453654547,1.0274570092250603,1.0298491445233156,1.025989337318024,1309
2025-08-21 23:00:00,1.02906415467508,1.0279743653784037,1.0304604045312924,1.025701775847478,735
2025-08-22 00:00:00,1.030337716782956,1.0288097668128577,1.032268666901723,1.0269472611799464,4164
2025-08-22 01:00:00,1.0305230128715068,1.0303782763812794,1.0322059277052595,1.0290603936636473,2251
2025-08-22 02:00:00,1.0317091273260097,1.030444718677589,1.0328582972471765,1.0290722851090772,1602
2025-08-22 03:00:00,1.029002169212441,1.031992871439968,1.0335031881392647,1.027511180918098,855
2025-08-22 04:00:00,1.0281706813540867,1.0292928088551665,1.0307819655203498,1.0262237545538777,2520
2025-08-22 05:00:00,1.0266802750464987,1.028477251645933,1.0299500762075975,1.025448766043209,1071
2025-08-22 06:00:00,1.0263733460798516,1.0265355393308215,1.028231917948855,1.0251608406280222,4195
2025-08-22 07:00:00,1.0252376070168157,1.0264609068698518,1.0281939865205973,1.0234803436919924,1761
2025-08-22 08:00:00,1.024588217606476,1.0253714621699062,1.0270671514946883,1.023568077218723,2284
2025-08-22 09:00:00,1.0263968274627209,1.0247049734633864,1.0280407811984078,1.0234459162319087,3337
2025-08-22 10:00:00,1.0257431637070165,1.0263422992724476,1.0279072667059632,1.0242307327938034,3526
2025-08-22 11:00:00,1.0257897144876447,1.0259399868371057,1.0268166656032716,1.02426143764359,672
2025-08-22 12:00:00,1.0250609912917357,1.025789787521144,1.027566595224883,1.0239430453920733,474
2025-08-22 13:00:00,1.024701847237284,1.0250806818791651,1.0267678598530294,1.0230560509342976,1492
2025-08-22 14:00:00,1.0242590672538072,1.0244655762587476,1.025699369659615,1.0225525189976301,3759
2025-08-22 15:00:00,1.024347056132975,1.0243581367185792,1.0259808813920424,1.0230141212460295,4305
2025-08-22 16:00:00,1.0252954251756317,1.0243070062921869,1.027032666821529,1.022258233092322,4864
2025-08-22 17:00:00,1.0268222979727557,1.0253670119705163,1.0287233302006173,1.0237221639985052,1441
2025-08-22 18:00:00,1.0267438420710466,1.026858508204275,1.028555808626695,1.025513246136796,3841
2025-08-22 19:00:00,1.0270012983342893,1.026771715385919,1.0286408859237348,1.0247318503208134,925
2025-08-22 20:00:00,1.0251702609232667,1.0269942687050373,1.0288232049435524,1.0237934545108593,1027
2025-08-22 21:00:00,1.0246148088323679,1.0252911551837802,1.0267338517637716,1.0230229036989837,2714
2025-08-22 22:00:00,1.025293156190228,1.0245842203588351,1.0269578231489271,1.0231960086615624,578
2025-08-22 23:00:00,1.0258823185563286,1.0250692269948343,1.0272299853210365,1.0233383112283334,263
2025-08-23 00:00:00,1.0256862502356827,1.0259698540476965,1.0278500282430567,1.0242958899434993,4976
2025-08-23 01:00:00,1.0262999229871643,1.0255617078894959,1.0273437589538672,1.0241518354459767,4039
2025-08-23 02:00:00,1.026438843037957,1.026096031918112,1.0282300005305443,1.0246056358332905,3411
2025-08-23 03:00:00,1.0274292105478682,1.026281300638689,1.0289758127750974,1.0248948723291391,1190
2025-08-23 04:00:00,1.0273264415362167,1.0274728717746267,1.0293113918162848,1.0254551208337703,474
2025-08-23 05:00:00,1.0264496035575315,1.0273115807831408,1.0286108983506128,1.0252972475750857,751
2025-08-23 06:00:00,1.026402613065851,1.0261212548423568,1.0279699247995788,1.0245930894643616,2165
2025-08-23 07:00:00,1.0224358998148277,1.0263437735244478,1.027896024488275,1.0208748042755371,4060
2025-08-23 08:00:00,1.0224453626984897,1.0226152210714123,1.0242819757856374,1.0209499241775188,3008
2025-08-23 09:00:00,1.017617267308232,1.0223764757583793,1.0235830965204753,1.015795234187545,4229
2025-08-23 10:00:00,1.0150991112193455,1.0175920710428852,1.0193084661208518,1.014034459434177,4554
2025-08-23 11:00:00,1.0151912335404747,1.0152579365839203,1.016218542773172,1.0134954833080538,3700
2025-08-23 12:00:00,1.0153142687451948,1.0153123842796479,1.0166338192773547,1.0141686182109229,589
2025-08-23 13:00:00,1.013469354209027,1.0154695957574396,1.0165146660974116,1.0121038390009198,1249
2025-08-23 14:00:00,1.0121648317587721,1.0130484120202876,1.0148181476327285,1.0110558098820526,1752
2025-08-23 15:00:00,1.0133594809451092,1.0124283340597384,1.015001163061629,1.01100925316062,2682
2025-08-23 16:00:00,1.012328644787222,1.01345611790366,1.0151131091664567,1.0109857537712652,3985
2025-08-23 17:00:00,1.0145701491621055,1.0127032458611023,1.0165404005814975,1.0106827481387797,4848
2025-08-23 18:00:00,1.014117845338294,1.0144511435438035,1.015876199686376,1.012523236377398,4918
2025-08-23 19:00:00,1.0141574887505516,1.01384958284263,1.0158641897488294,1.0121945429237704,2441
2025-08-23 20:00:00,1.0156477380287499,1.0141585884619384,1.0171913262700638,1.012972566902832,4958
2025-08-23 21:00:00,1.015354970568182,1.0156057979291835,1.0171025627799206,1.013606505819791,4753
2025-08-23 22:00:00,1.013702157791353,1.015454363656781,1.0173722757210892,1.0116834025912889,916
2025-08-23 23:00:00,1.0131204848493198,1.0138655125801999,1.0160179516964882,1.011336407282456,3414
2025-08-24 00:00:00,1.0126277519658917,1.0131072253782665,1.0144950924711562,1.0115073844412605,2250
2025-08-24 01:00:00,1.0105400619832499,1.0125912651973614,1.0143598274046437,1.0091649620712817,4240
2025-08-24 02:00:00,1.0097830634976408,1.0106192370263551,1.0122305832777014,1.008235523459372,4353
2025-08-24 03:00:00,1.0084424329848438,1.0097442895921496,1.011357125586693,1.007104380086541,1042
2025-08-24 04:00:00,1.0091016622934688,1.008390971509369,1.0106901430240838,1.006110505431749,3058
2025-08-24 05:00:00,1.008693196542491,1.0092585849369495,1.0106708326805918,1.0073260974340459,4641
2025-08-24 06:00:00,1.007903841643514,1.0088836567837296,1.0093115178423238,1.0064050940789284,3369
2025-08-24 07:00:00,1.007326423326767,1.0080676278194296,1.0100424336506506,1.0059968213453283,4281
2025-08-24 08:00:00,1.0071441697488543,1.0073010085906144,1.008601816082675,1.0055634518237435,3644
2025-08-24 09:00:00,1.007434346788482,1.006820815210683,1.0088724924193042,1.004891875624873,3946
2025-08-24 10:00:00,1.0057846921140787,1.0074119872765364,1.0088541941467215,1.0042413591190449,4251
2025-08-24 11:00:00,1.0040847869549332,1.005670530684147,1.0069405563456404,1.0026446321376814,4711
2025-08-24 12:00:00,1.0049604020134162,1.0040652316788448,1.0065402721653403,1.0028815623179603,1070
2025-08-24 13:00:00,1.0040155977667704,1.004859334154845,1.0063520104385937,1.0021454671994237,3965
2025-08-24 14:00:00,1.0018653872556542,1.0040124809852713,1.0052999172873809,1.0004057777696471,1980
2025-08-24 15:00:00,1.0019479625069139,1.0017091922407755,1.003495762306089,1.0002623882856259,2926
2025-08-24 16:00:00,1.0020540062741532,1.0017554603011585,1.0035471529122426,1.000955501703435,3320
2025-08-24 17:00:00,0.9997671479654452,1.0022373672906089,1.0040153047692137,0.9983056533369647,3278
2025-08-24 18:00:00,0.9995925260240015,0.9996217585899765,1.0007191963940392,0.9982134196962232,1064
2025-08-24 19:00:00,1.0000252257349156,0.9995925757690448,1.0012836406822891,0.9986403530722453,4122
2025-08-24 20:00:00,1.0000244894769632,1.0001684064682415,1.001886037814356,0.9982275620431645,3604
2025-08-24 21:00:00,1.000332867257477,1.0001616807471836,1.001641379790485,0.9988218076214683,3770
2025-08-24 22:00:00,0.998197744339768,1.0004518796102628,1.0016786439965613,0.9961328019498672,3120
2025-08-24 23:00:00,0.9981449925257635,0.998243090043996,0.9995635487487143,0.9962242297149565,2999
2025-08-25 00:00:00,0.997331848814399,0.9982533032595011,0.9997190882456607,0.9960512458809008,1459
2025-08-25 01:00:00,0.9963025006239293,0.9975370504854129,0.9990024583512452,0.9943987716882247,3030
2025-08-25 02:00:00,0.996897167355233,0.9963660561969317,0.998329721015202,0.9943890469604242,1475
2025-08-25 03:00:00,0.9982222967680421,0.9966220769032934,0.9994116092137362,0.9952921559850038,4413
2025-08-25 04:00:00,0.9999255408335626,0.9981430226902409,1.0016573595523581,0.9969529093445225,345
2025-08-25 05:00:00,1.0010533102793697,1.000030106368384,1.0029531752497385,0.9991758138838452,148
2025-08-25 06:00:00,1.0004716292614135,1.0009592015257944,1.0018865100595493,0.9988567355095773,3671
2025-08-25 07:00:00,1.0004448934570451,1.0007147532985254,1.0017491511054673,0.9992363537865012,3617
2025-08-25 08:00:00,1.0009150809031861,1.0004354078106221,1.0027175859255533,0.9988107746207388,2841
2025-08-25 09:00:00,1.0006104944423455,1.0009278760254752,1.0029000181749088,0.9992800379970406,2871
2025-08-25 10:00:00,1.0003174114678393,1.0007792596231868,1.0016407793011304,0.9990509290766787,270
2025-08-25 11:00:00,1.0008559152260907,1.0002899605076412,1.0026020394326687,0.9989572681827815,4207
2025-08-25 12:00:00,1.0008114532415713,1.0008823782375358,1.0028753581022156,0.9997004975597452,4251
2025-08-25 13:00:00,1.000264488039291,1.0009463574352822,1.0021879620582725,0.9989327218803218,1106
2025-08-25 14:00:00,0.9999536332399142,1.0000436576865788,1.0020174665112829,0.9986746763444226,176
2025-08-25 15:00:00,1.0004290660232145,0.9999108201537938,1.0018762884265957,0.9984144250683765,2674
2025-08-25 16:00:00,1.0004313109916145,1.000553492660961,1.002148571466551,0.9988993731089739,1338
2025-08-25 17:00:00,1.0006864684742658,1.0004411577687309,1.0019715800633142,0.9992617011907196,725
2025-08-25 18:00:00,1.0011890279059175,1.000906830251205,1.0029914770808384,0.9990744124857359,652
2025-08-25 19:00:00,1.0009078968087441,1.0009524247858212,1.0027043495452435,0.9994544490152245,3330
2025-08-25 20:00:00,1.0014750829314665,1.0006540226096379,1.0034954715893822,0.9987004133134613,1859
2025-08-25 21:00:00,1.0017592148840602,1.0015907390155563,1.003694796218497,1.0000156482682627,3842
2025-08-25 22:00:00,1.0008331050688766,1.001889194162557,1.0033876965200106,0.9993111069283396,1640
2025-08-25 23:00:00,1.0019148336622663,1.000804062061609,1.0043520051057164,0.9994487652836918,3155
2025-08-26 00:00:00,1.0015392751044485,1.001974985269843,1.0038831557494903,0.9998522304520797,1433
2025-08-26 01:00:00,1.0002979535970595,1.0016510894566582,1.0033137395121765,0.9987874336409152,2818
2025-08-26 02:00:00,0.9995141708148698,1.0001759334259566,1.0013762036968954,0.9977574849662194,3524
2025-08-26 03:00:00,0.9987483869443611,0.9994082762637106,1.0004479635280408,0.996769468169599,1782
2025-08-26 04:00:00,0.9987875169333542,0.998776811365274,0.9998527154731736,0.9974964215612896,4451
2025-08-26 05:00:00,0.9985821290541945,0.998922937995118,1.000141108687772,0.9969004777307671,3234
2025-08-26 06:00:00,0.9983295050784641,0.9984075276740094,1.0003175224952665,0.9966567691980021,1087
2025-08-26 07:00:00,0.9987942815525759,0.9982998487340405,1.0004384234612795,0.9966643894454277,4507
2025-08-26 08:00:00,0.9990491880734704,0.9987576808912856,1.0003639248613316,0.9973889432957997,2543
2025-08-26 09:00:00,0.9992862239764536,0.9991118371898486,1.000744421703162,0.9977367093428551,3634
2025-08-26 10:00:00,0.9995935953194501,0.999284919751211,1.0010156932163543,0.9979606228215875,1794
2025-08-26 11:00:00,1.0000556963204519,0.9995117082213236,1.0017958084340532,0.9981927498825943,212
2025-08-26 12:00:00,0.9984747313141188,1.0002426955278223,1.0014771704168752,0.9972286721322713,2859
2025-08-26 13:00:00,0.9982014026249204,0.9983939881779393,0.9999960075142067,0.9967353933221453,2592
2025-08-26 14:00:00,0.9965662450765533,0.9981577386185659,0.9997423045926616,0.9952979605663806,3646
2025-08-26 15:00:00,0.9965932900216516,0.996328333696797,0.9978343871077744,0.9947031958871263,3708
2025-08-26 16:00:00,0.9965898152924834,0.9964866111795325,0.9985594772060223,0.9949746984969352,3472
2025-08-26 17:00:00,0.9973739644985756,0.9966670234188195,0.998781586937511,0.9951203589352735,2570
2025-08-26 18:00:00,0.9982646902931165,0.9974219713404758,0.9994647791098676,0.9960064786656596,129
2025-08-26 19:00:00,0.9984167715793058,0.9983544754657757,1.0001698556393839,0.9968362135448376,2997
2025-08-26 20:00:00,0.9980415007712581,0.9984992570574402,1.0000126359628798,0.9966184899492966,4753
2025-08-26 21:00:00,0.9984053716056673,0.9983541585074901,1.0000253127694583,0.9966230604506101,4566
2025-08-26 22:00:00,0.9980094333776741,0.9982934160809733,0.9994357337462029,0.9966448718297922,498
2025-08-26 23:00:00,0.9980083888890916,0.997767003605507,0.9997486409427478,0.9961575580511638,4382
2025-08-27 00:00:00,0.9987479911268122,0.9978510032349318,1.0008970256529832,0.9967443018549625,807
2025-08-27 01:00:00,0.9983296626173201,0.9986426196518323,0.999761896834339,0.9966189024953759,498
2025-08-27 02:00:00,0.998933921596752,0.9981836693831634,1.0005384718366366,0.9968528679029813,229
2025-08-27 03:00:00,0.9994419726232712,0.9989479628841011,1.0007056741408937,0.9977223286227844,2601
2025-08-27 04:00:00,0.9987258787604231,0.9996296314539715,1.0019335740247295,0.9975689945417089,966
2025-08-27 05:00:00,0.9994562993565861,0.9989567020543243,1.0013271713523733,0.997822695383866,3149
2025-08-27 06:00:00,0.9999802241156147,0.9995319441358911,1.0015648249810205,0.9981764123428988,2387
2025-08-27 07:00:00,1.0000566685311443,1.0003014331493456,1.0014331370349476,0.9981069697424164,4274
2025-08-27 08:00:00,0.9994849259376235,1.000003240106437,1.001206803040483,0.9981785959980957,1131
2025-08-27 09:00:00,0.9988405214236918,0.9992403320119513,1.000962215559001,0.9980042435502795,1400
2025-08-27 10:00:00,0.9984372744910146,0.9989982512596403,1.0000877982724554,0.9968301500303581,2636
2025-08-27 11:00:00,0.9988442203384835,0.9981618040837528,0.9999436140578613,0.996997428365499,785
2025-08-27 12:00:00,0.9981275014629325,0.9987311819463869,1.0002310176171723,0.9963863256548686,2345
2025-08-27 13:00:00,0.9984556356493974,0.9982053978113774,0.9999932822905502,0.9968338422967709,3026
2025-08-27 14:00:00,0.9975243190027386,0.9984403164469728,1.0000503300966752,0.99611003142258,3124
2025-08-27 15:00:00,0.9973712675644095,0.9974957513828662,0.9988602973131896,0.9955169616298695,2391
2025-08-27 16:00:00,0.99745350338034,0.9971946000911606,0.999225024654229,0.9955135728966928,594
2025-08-27 17:00:00,0.9992873509891342,0.9974518841766719,1.0005279218531458,0.9963265997964784,1362
2025-08-27 18:00:00,0.9982543642474939,0.9994376375580764,1.0011226842426781,0.9970861846061315,449
2025-08-27 19:00:00,0.9993583751723615,0.9982573575131877,1.0009216077231773,0.9972930356253816,4720
2025-08-27 20:00:00,0.9994707569828519,0.9992339071991028,1.0011500624772145,0.996954148095827,2948
2025-08-27 21:00:00,0.9997791359213639,0.9992836675442273,1.0016333257225505,0.9980427538635616,1656
2025-08-27 22:00:00,0.9998678968564051,0.999657712776419,1.0012311170434085,0.997807013396508,1579
2025-08-27 23:00:00,1.0002014419700516,0.9999267587741398,1.0015033809228326,0.9985861711476061,370
2025-08-28 00:00:00,1.00008617814178,1.0002529867510561,1.0012465542406324,0.9989100334567232,2417
2025-08-28 01:00:00,1.001176715777873,0.9999659607812903,1.0020720674852766,0.9984577198635288,388
2025-08-28 02:00:00,1.0008343624197045,1.0008448251783886,1.00229324042673,0.9994311918995648,3538
2025-08-28 03:00:00,1.001683538348839,1.0008974704003946,1.0031537524864333,0.9991539776920084,1085
2025-08-28 04:00:00,1.0012002630086791,1.001548720616245,1.0027243049979555,0.9994538541973255,591
2025-08-28 05:00:00,1.0011550741238782,1.0013037417682673,1.0025438426140758,0.9998305883153588,672
2025-08-28 06:00:00,1.0003511022096605,1.001041617856794,1.002999341133702,0.9992827135530009,239
2025-08-28 07:00:00,1.000692369999921,1.0002028145427144,1.0024563424105684,0.999061173866902,2033
2025-08-28 08:00:00,1.0017762144676159,1.0007153865959337,1.0028997244615858,0.9998986759036784,388
2025-08-28 09:00:00,1.0017181973327502,1.002130477000999,1.00350012186929,1.0002980994019746,494
2025-08-28 10:00:00,1.0015705330587223,1.0018307282878722,1.003455076187152,1.0000717229235327,1172
2025-08-28 11:00:00,1.0007345703364214,1.0015909809630017,1.0029040094594963,0.9995765687026665,2849
2025-08-28 12:00:00,1.0005626008462571,1.0007884283504054,1.0020465271652526,0.999441065556637,1178
2025-08-28 13:00:00,0.999368005151466,1.0003000994714648,1.001697741874935,0.997873775257779,2101
2025-08-28 14:00:00,0.9986833466614269,0.9991998757558325,1.0010246682347357,0.9973746584164334,2203
2025-08-28 15:00:00,0.9988534361960087,0.9983071391726924,1.000705730375467,0.9968726644640029,3029
2025-08-28 16:00:00,0.9998426960943148,0.9991128764628072,1.0011218607997157,0.9977232625435886,328
2025-08-28 17:00:00,1.001949604240237,1.0000722506684299,1.0035909633426976,0.998494561712195,4947
2025-08-28 18:00:00,1.0015096654264337,1.0020086159728514,1.0035089540412472,1.0001772406481197,553
2025-08-28 19:00:00,1.0025861405439178,1.0015299851058932,1.0037867668753824,1.0001731083443268,4960
2025-08-28 20:00:00,1.0027689549042191,1.002352757601131,1.0041837392068214,1.0014147069887145,1496
2025-08-28 21:00:00,1.0026555191691593,1.0027359725568943,1.0038596784198126,1.00116667575735,2143
2025-08-28 22:00:00,1.0029799650079538,1.0029251791406817,1.0048343912857844,1.0013940223568922,428
2025-08-28 23:00:00,1.0030264023707138,1.0029997370653365,1.0049980931085876,1.0015486686336643,1898
2025-08-29 00:00:00,1.003109199164923,1.0029414420610339,1.0044903080731535,1.0008614447682933,4504
2025-08-29 01:00:00,1.002802949292803,1.0028447493984856,1.0041536842277414,1.0012497743800217,3439
2025-08-29 02:00:00,1.0017543670479538,1.0030103583863954,1.004829923311981,1.00029876098324,3153
2025-08-29 03:00:00,1.0005966481460622,1.0017438482054941,1.0036098055439104,0.9989459203390091,1901
2025-08-29 04:00:00,1.001086581808523,1.0003328517428007,1.0022535249909212,0.9981966740690624,4637
2025-08-29 05:00:00,1.0008790567409587,1.0009478200839157,1.0024046862265021,0.9993018545952959,3913
2025-08-29 06:00:00,1.0004319900662166,1.000687343255795,1.0021703020862935,0.99959867524316,1335
2025-08-29 07:00:00,1.000438369286259,1.0004122198745125,1.0017076925926984,0.998781887934631,3048
2025-08-29 08:00:00,1.0010345684759459,1.0004695023076553,1.0026520346342338,0.9992319939716319,2042
2025-08-29 09:00:00,1.0011698414332157,1.0009589976136783,1.0024613669473241,1.0000346601046086,1077
2025-08-29 10:00:00,1.000677800230735,1.0012864774250432,1.002625306045125,0.9986671699740433,3313
2025-08-29 11:00:00,1.0015975199474718,1.0006896394500286,1.0030694648393328,0.9987420992279084,2132
2025-08-29 12:00:00,1.002781909074708,1.0017573100937323,1.00383812052289,1.0005254459228612,579
2025-08-29 13:00:00,1.0031528265662002,1.0027281610373493,1.004038674732906,1.0014938711015893,4331
2025-08-29 14:00:00,1.0038830741997082,1.0036113991887872,1.0056654502369198,1.0020573378315631,3070
2025-08-29 15:00:00,1.0048145441973186,1.003797993227801,1.0060985997914111,1.0025576035838397,2811
2025-08-29 16:00:00,1.005662118684622,1.0046782774843115,1.0078146974437006,1.0032105358402816,4997
2025-08-29 17:00:00,1.0061226930674565,1.0055072310436182,1.008227050372101,1.004213311589195,3578
2025-08-29 18:00:00,1.0065714533527628,1.0060908440304017,1.0079283684560851,1.0047018969121453,4897
2025-08-29 19:00:00,1.0069611987827727,1.0063117274342515,1.0091782412634813,1.0052255249933841,3578
2025-08-29 20:00:00,1.0061381955268625,1.0070056544219963,1.0087978605788377,1.0043793960362515,929
2025-08-29 21:00:00,1.0066637378945071,1.0058504954946883,1.0079788492998532,1.0039769566555745,2462
2025-08-29 22:00:00,1.0056468774161622,1.0066881254734992,1.007417670067924,1.004168638048683,2594
2025-08-29 23:00:00,1.0050509278248185,1.005443165893293,1.00715823157289,1.003554279101725,1547
2025-08-30 00:00:00,1.0060286016256745,1.0049933890138032,1.007547089891686,1.0032944611246666,1615
2025-08-30 01:00:00,1.0066587667476952,1.0061198865095704,1.0082990250743948,1.0046093242182133,3022
2025-08-30 02:00:00,1.0077743154649597,1.0070070592476463,1.009216792371818,1.0049724947673055,2117
2025-08-30 03:00:00,1.0075705596771942,1.0076113912267513,1.0087769920959408,1.0064571023756599,653
2025-08-30 04:00:00,1.0067063730462367,1.0075478608470465,1.0089289532672558,1.0049362987593768,2948
2025-08-30 05:00:00,1.006526045148434,1.006597100752752,1.0083202644703078,1.0050507403771791,3027
2025-08-30 06:00:00,1.0066025686213644,1.0063947030932754,1.00800545792778,1.0052233838531752,4102
2025-08-30 07:00:00,1.0066618101586196,1.0064946081693802,1.0080629572060518,1.0043059979276943,603
2025-08-30 08:00:00,1.007512070517687,1.0067863486967865,1.0085640983741615,1.004554145141236,2340
2025-08-30 09:00:00,1.0072411176989344,1.007438332027559,1.0089767519666677,1.0057930685668193,4518
2025-08-30 10:00:00,1.0075051435527866,1.0075810468158795,1.0087562213861099,1.0058594669147711,1397
2025-08-30 11:00:00,1.0067636731907106,1.007567962473332,1.009355529626337,1.005395839644644,3744
2025-08-30 12:00:00,1.0071014111492433,1.006611095716389,1.008390269050203,1.005194193111811,1783
2025-08-30 13:00:00,1.0071037425618825,1.0070460146250402,1.0085250567668567,1.0058775222619345,987
2025-08-30 14:00:00,1.006541382558169,1.0069826787351892,1.0091459325120558,1.0054181615470756,3583
2025-08-30 15:00:00,1.006364510536538,1.0066621566629168,1.0080791458034501,1.0042981976455783,3944
2025-08-30 16:00:00,1.0062263787266517,1.0061171630386345,1.0076027228942028,1.0046195262507536,4583
2025-08-30 17:00:00,1.0060237623796489,1.0060240243837146,1.00770980491736,1.004499459844538,3656
2025-08-30 18:00:00,1.0073522683113496,1.0059343780809689,1.0083237804560161,1.0046682928885344,1602
2025-08-30 19:00:00,1.0072784338096188,1.0074554559477749,1.00934434757488,1.0057101102925596,3669
2025-08-30 20:00:00,1.0070955117269857,1.0074647052298882,1.0092756462644856,1.0060392077677045,258
2025-08-30 21:00:00,1.005522423508778,1.007303736646399,1.0089702246785182,1.0042475433158664,1742
2025-08-30 22:00:00,1.0048517679947935,1.005602279307879,1.006091512243768,1.0037061690649611,1143
2025-08-30 23:00:00,1.004654462926451,1.0048392766933987,1.0062680726516056,1.0027578106920851,2661
2025-08-31 00:00:00,1.0041400734193187,1.0047741502696788,1.0058969195841176,1.0031314845124601,3481
2025-08-31 01:00:00,1.005176354114352,1.003967509675632,1.0070230963131441,1.002815341004724,2970
2025-08-31 02:00:00,1.0050526507828048,1.004898257469736,1.0068775935522363,1.0040080590010672,987
2025-08-31 03:00:00,1.0060189839697935,1.005118540636645,1.0076451160402895,1.0038781229512774,1947
2025-08-31 04:00:00,1.0060652624453312,1.005867217251691,1.0072112378243088,1.0044968117869013,543
2025-08-31 05:00:00,1.0060931833226474,1.0060554067466227,1.0080533428633576,1.004251145519995,2845
2025-08-31 06:00:00,1.0060265859868631,1.006111235516403,1.0075411228918858,1.0045845468264443,3741
2025-08-31 07:00:00,1.0060294331755792,1.0060640283237852,1.0081179494028802,1.0046443077803644,1295
2025-08-31 08:00:00,1.0073185294278666,1.0061711313946038,1.0089097060149848,1.0045695226974398,2686
2025-08-31 09:00:00,1.0055788213828032,1.0074440370059383,1.0091052958611113,1.0042040653508169,4386
2025-08-31 10:00:00,1.0040776620744742,1.005608190664535,1.0069756527525586,1.001845625185587,660
2025-08-31 11:00:00,1.0036702839511822,1.0040111164341654,1.0059402577113699,1.0023427302973478,4805
2025-08-31 12:00:00,1.0036811798626353,1.0036865077682282,1.0053752316296791,1.0020510876738256,1726
2025-08-31 13:00:00,1.0041987581812082,1.0035913727986294,1.006139741332224,1.0018360968999565,1700
2025-08-31 14:00:00,1.0045535735797289,1.0041691596748747,1.0061139088337359,1.0028490900897733,3599
2025-08-31 15:00:00,1.0042653891450684,1.004947974722541,1.006440201017026,1.0027091677483526,1777
2025-08-31 16:00:00,1.0050296719149996,1.004292855053364,1.0067166534645815,1.002936319907511,2090
2025-08-31 17:00:00,1.0058023184673641,1.0050976005373018,1.0077462951216232,1.0035062138304185,1159
2025-08-31 18:00:00,1.0059403618408178,1.0056958677484604,1.007756104606655,1.0041565000905186,761
2025-08-31 19:00:00,1.006662355020183,1.0060943922669694,1.0082140919636822,1.0046267640160722,4337
2025-08-31 20:00:00,1.006866838967757,1.0067771789838271,1.0078161477077945,1.0056159283129742,577
2025-08-31 21:00:00,1.0064457266976699,1.0069826837726825,1.0087370352326193,1.004373345808268,900
2025-08-31 22:00:00,1.0069690893269199,1.006478185024127,1.0080449235829996,1.004790585618082,4142
2025-08-31 23:00:00,1.007052049168854,1.0071253118151957,1.0086464656744887,1.0060214232454796,4014
2025-09-01 00:00:00,1.0070530540539198,1.0072441473380138,1.0087197521113305,1.0056694748166726,1156
2025-09-01 01:00:00,1.0081577692330619,1.0070958653101703,1.0092412055935587,1.0060582882962448,4178
2025-09-01 02:00:00,1.006319615136657,1.008140468733312,1.0097624053058287,1.0045800664858575,3653
2025-09-01 03:00:00,1.0052563520090372,1.0064545061121772,1.0086120831179675,1.0037550366410315,1649
2025-09-01 04:00:00,1.0043660491892563,1.005120141094719,1.0065324990538111,1.0028582714417935,488
2025-09-01 05:00:00,1.0040936037035797,1.0042579142904344,1.0059947591570606,1.0028412079611317,3906
2025-09-01 06:00:00,1.0039026475762551,1.0040855774502788,1.0063008964014377,1.0024918322612777,3435
2025-09-01 07:00:00,1.0027721533404252,1.0036407199196673,1.0054043795042156,1.0010311852217204,2319
2025-09-01 08:00:00,1.0020332848161921,1.0028965450419953,1.0042057486318905,1.0002128412011686,1442
2025-09-01 09:00:00,1.0013876535572994,1.0018886473044402,1.0034619318919404,0.9996312933791967,1807
2025-09-01 10:00:00,1.0032307216263563,1.001316701415638,1.0048802677438091,1.0002790097782706,1437
2025-09-01 11:00:00,1.0045820280871667,1.0031985830990398,1.0065210160008942,1.0017478007015308,4477
2025-09-01 12:00:00,1.0042732160239032,1.0045879462925635,1.0064601275886016,1.0026904874237466,1098
2025-09-01 13:00:00,1.004000528556173,1.004221461813228,1.004893173220963,1.0027158422873625,2322
2025-09-01 14:00:00,1.003138625558282,1.003990391181215,1.0052374315622463,1.002133184446766,3240
2025-09-01 15:00:00,1.001707527748363,1.0031296661410478,1.0046111835441147,1.000591614707824,370
2025-09-01 16:00:00,1.0016198676085566,1.0016403644850735,1.0028377147785372,0.9996667765455627,2559
2025-09-01 17:00:00,1.0008714786211235,1.0015037873665449,1.0018940997515424,0.9997279213175301,3209
2025-09-01 18:00:00,1.000807840722377,1.0010338307585782,1.0023171811180875,0.9992923492253335,2685
2025-09-01 19:00:00,0.9996076863355945,1.000492303705104,1.0019906324773082,0.9981551569048879,3324
2025-09-01 20:00:00,0.9990362054918618,0.9995768588018141,1.0009179795851562,0.9975837412227625,2491
2025-09-01 21:00:00,0.9991476758133389,0.9989659305192333,1.0003475692661907,0.9975630856578592,3209
2025-09-01 22:00:00,0.9994223330116768,0.9992104582480453,1.0009338987128062,0.9974747204020131,4889
2025-09-01 23:00:00,0.9997354369807333,0.999204246805013,1.0013379393582469,0.9976939626003847,1865
2025-09-02 00:00:00,0.9987450702426155,0.9996605632588713,1.0010182781469843,0.9974344134894432,1848
2025-09-02 01:00:00,0.9993860845402172,0.9987297257085505,1.0012964341733477,0.9972152528906998,3425
2025-09-02 02:00:00,0.9987859257677658,0.9995464007094532,1.001061872901993,0.9976705448182223,538
2025-09-02 03:00:00,0.9992605692037213,0.9988357166686159,1.0004981992838504,0.9971941480140619,1526
2025-09-02 04:00:00,0.9992525901962577,0.9990831786546946,1.0004143600319129,0.9977884371361111,916
2025-09-02 05:00:00,0.9982202995719492,0.9991795988228284,1.0006131520379438,0.99690964764425,2375
2025-09-02 06:00:00,0.9979831512935133,0.9983529392201197,1.0001832664628199,0.9963325727272272,695
2025-09-02 07:00:00,0.9982571741000612,0.9978033489748553,0.9995078839122731,0.9964279450238697,1161
2025-09-02 08:00:00,0.9987168981354172,0.9982453925960965,1.0003935079555963,0.9968524869784172,2182
2025-09-02 09:00:00,0.9986111572123338,0.9987155319675695,1.0002417763789875,0.9967634379023702,3104
2025-09-02 10:00:00,0.9997599913802846,0.9985533036420347,1.0018574577402783,0.9973455499030025,2208
2025-09-02 11:00:00,1.0005156244585245,1.0001645626470375,1.0021335337012702,0.9985141966159868,4071
2025-09-02 12:00:00,1.0003231338712246,1.0004536947344802,1.001744643877295,0.998537699915209,4019
2025-09-02 13:00:00,1.0008857252303274,1.000390658400382,1.0026081603431234,0.998538950587758,578
2025-09-02 14:00:00,1.0023360703442186,1.0007705115422962,1.0040711206946649,0.9986125260799663,3507
2025-09-02 15:00:00,1.0038064337948058,1.0024155338686873,1.005192586782969,1.00110319956883,232
2025-09-02 16:00:00,1.002885433884189,1.0039374288243392,1.0050915506740725,1.00164223779479,950
2025-09-02 17:00:00,1.0021905340508213,1.0027970460853906,1.0044614947048365,1.0004415465728402,3829
2025-09-02 18:00:00,1.0033042231408718,1.002182301666488,1.0048282969891076,1.0003943409676825,2955
2025-09-02 19:00:00,1.0025105123527436,1.00316959403375,1.0042172525794362,1.001244562523272,1682
2025-09-02 20:00:00,1.0015186065027748,1.0023385910960754,1.0039173412606999,0.9998706663774759,852
2025-09-02 21:00:00,1.0011539609047506,1.0016743052808592,1.0029847178333398,0.9988340248167197,1686
2025-09-02 22:00:00,1.0014691309368566,1.0010707386778788,1.002515986035349,0.9995370895298663,3918
2025-09-02 23:00:00,1.0013923334068984,1.001106585004619,1.002788639924988,0.999327061117563,2867
2025-09-03 00:00:00,1.000904410691594,1.0016573763214198,1.0035439566433453,0.9989296050544318,737
2025-09-03 01:00:00,1.0003987513453008,1.0007840484176462,1.0026472095095351,0.998146729861758,2485
2025-09-03 02:00:00,0.9998644985469912,1.0003618003963244,1.0021455842888614,0.9982910018975791,1085
2025-09-03 03:00:00,0.999204866325497,1.0001104388118125,1.0016899517554871,0.9973304478610039,695
2025-09-03 04:00:00,1.000916090983454,0.9991835855340707,1.0025963680222696,0.997918976332179,523
2025-09-03 05:00:00,1.001139224286843,1.0008915625815702,1.0026705602112076,0.999382380958305,3826
2025-09-03 06:00:00,1.0018042935776466,1.00095466593245,1.002974886619316,0.9995861368939534,885
2025-09-03 07:00:00,1.0014374854765573,1.0015587160152475,1.002788831180058,1.0005017444934354,963
2025-09-03 08:00:00,1.0012980179686677,1.0014124951410137,1.0027320514507738,1.0002776053035538,4344
2025-09-03 09:00:00,1.00076285248264,1.0013524809503294,1.0032743536611195,0.9991326000166425,4147
2025-09-03 10:00:00,0.9987740712314506,1.0008086251110135,1.0026293974533542,0.9971411688327859,2561
2025-09-03 11:00:00,0.9977405642738146,0.998702045176152,0.9998754247277486,0.9965557359535737,3845
2025-09-03 12:00:00,0.9963826002638293,0.997743591951633,0.9992541252455516,0.9944225008604134,212
2025-09-03 13:00:00,0.9946952624303655,0.9961084806520629,0.9974803821204534,0.9935344475675296,919
2025-09-03 14:00:00,0.993798743199642,0.9947638594413899,0.9962083159398814,0.9922313430142554,1832
2025-09-03 15:00:00,0.9947924599591782,0.9938228279972476,0.9961246732427643,0.9924545624316823,3815
2025-09-03 16:00:00,0.9947591328333999,0.9950869575391189,0.9969985936122892,0.9932350778770012,543
2025-09-03 17:00:00,0.9957270556551407,0.9947602499863473,0.9972149985135353,0.9929982512376728,3338
2025-09-03 18:00:00,0.9960352925878164,0.995586215863544,0.9975939354685329,0.9938658611116208,443
2025-09-03 19:00:00,0.9966222117071027,0.9960277098175043,0.9981841952374804,0.9943211411032058,4910
2025-09-03 20:00:00,0.9959465389606244,0.996573241045658,0.9977600796095192,0.9942792779554281,1122
2025-09-03 21:00:00,0.9963395021762689,0.9960115064538587,0.9978664583307131,0.9948974228696394,3587
2025-09-03 22:00:00,0.9968860378518246,0.9963435234243984,0.9986990695508267,0.9945088953429441,3150
2025-09-03 23:00:00,0.9964535523826493,0.9966977160969132,0.9986326368747004,0.9952758305249236,2012
2025-09-04 00:00:00,0.9968732076606115,0.9962089580838577,0.998025249675501,0.994745359035946,3839
2025-09-04 01:00:00,0.9972978484795426,0.9969125373283365,0.9983394459282381,0.9955217038304455,3138
2025-09-04 02:00:00,0.996885684013695,0.9975046695423441,0.9990185803903623,0.9952856456182579,2307
2025-09-04 03:00:00,0.9960436076894917,0.9968975391065991,0.9987230442764952,0.9946943815347681,3343
2025-09-04 04:00:00,0.995155511440568,0.9961650112911208,0.9977651008762941,0.9937101009863967,1506
2025-09-04 05:00:00,0.9952203905970091,0.995306706688875,0.9970026506327379,0.9932442208666902,3753
2025-09-04 06:00:00,0.995465647998601,0.9952602279146573,0.9965526221186881,0.994153843514197,3533
2025-09-04 07:00:00,0.9948712536257576,0.9953441008734616,0.99666569158224,0.9933796828799186,2396
2025-09-04 08:00:00,0.9948911926317522,0.9949004001698069,0.9957372691214355,0.993731386433765,3324
2025-09-04 09:00:00,0.9953190954088561,0.995071406035939,0.9967695277290848,0.9933770694708529,4155
2025-09-04 10:00:00,0.9957827384448551,0.9953982437882396,0.9966298848441029,0.9941216688826708,3246
2025-09-04 11:00:00,0.996946648534947,0.9958946325478774,0.9988406462929336,0.9943876869425883,1506
2025-09-04 12:00:00,0.9979043841590955,0.9968774119965779,0.9998667096831575,0.9957771221038743,1456
2025-09-04 13:00:00,0.9971534155845282,0.9978741174976926,0.9994119205626162,0.9952713264549395,4820
2025-09-04 14:00:00,0.9984161052416817,0.9971356346956279,0.9994606761942258,0.995616208150159,4061
2025-09-04 15:00:00,0.9980178728632649,0.9984084198050683,1.000017936997463,0.9964795983202801,1621
2025-09-04 16:00:00,0.9988015274726058,0.9981928566457735,1.000856801095564,0.9964462339505334,3611
2025-09-04 17:00:00,0.9988525174421441,0.998449855414492,1.000493353098757,0.9973265684053709,283
2025-09-04 18:00:00,0.9985434054083013,0.998857091515542,1.0007098840084203,0.9972298282413622,3493
2025-09-04 19:00:00,0.9971876327634701,0.9985315144878975,0.9998821556824419,0.9956409785422767,1080
2025-09-04 20:00:00,0.9970589593808078,0.9969825126383385,0.9982939534847706,0.9960139660784434,1625
2025-09-04 21:00:00,0.9958894219543286,0.99715931026056,0.9986319731758885,0.9948899353853171,4644
2025-09-04 22:00:00,0.99750018103734,0.9957810185934346,0.9984198646267882,0.994530531117375,781
2025-09-04 23:00:00,0.999770332225907,0.9974466384397711,1.001949058296186,0.9962892036192201,3971
2025-09-05 00:00:00,0.999264039038751,1.0000474454173736,1.001588205656781,0.9978682260632693,2074
2025-09-05 01:00:00,1.0000764039297743,0.9994155466610752,1.001836570289437,0.9977586904379383,2252
2025-09-05 02:00:00,0.9996559341033647,1.0001625473214415,1.0015236263008813,0.997931563506558,2362
2025-09-05 03:00:00,0.9993517524272005,0.9997130136179029,1.0007494154261845,0.9973102534878474,4535
2025-09-05 04:00:00,1.0007311460718389,0.999327032363061,1.0026602999838248,0.9978327279396721,2550
2025-09-05 05:00:00,1.0011349001576269,1.0010313930256804,1.0022989897010044,0.9994833304813862,1308
2025-09-05 06:00:00,1.003672477807944,1.0012556671937667,1.005283022484512,0.9997576500576892,135
2025-09-05 07:00:00,1.0035437988335005,1.0035596468827326,1.0051983590854099,1.0019420621659576,1244
2025-09-05 08:00:00,1.00519300243247,1.0033326928815873,1.0067230925360124,1.001704772538565,876
2025-09-05 09:00:00,1.0057598985280194,1.0052785178721744,1.0070318073672806,1.0034916493051205,731
2025-09-05 10:00:00,1.0071648321397124,1.005751458114597,1.0086303680898558,1.0039632747485085,4965
2025-09-05 11:00:00,1.0070782429509164,1.0069489742589444,1.0083018276603612,1.0052814450588368,2267
2025-09-05 12:00:00,1.0074687723458544,1.0071430110276485,1.0092245418813328,1.005175372281531,4995
2025-09-05 13:00:00,1.0077801736906957,1.0074281043101025,1.0094646420497917,1.0059083444793033,2619
2025-09-05 14:00:00,1.0072269051528808,1.0078603486892876,1.0093647219150814,1.005900861027468,1174
2025-09-05 15:00:00,1.0084714029943789,1.0072937275089744,1.0098121602370542,1.0059165725911678,811
2025-09-05 16:00:00,1.009701701801073,1.0083792782117242,1.0118545830946684,1.0068967841465428,3823
2025-09-05 17:00:00,1.0108639674349598,1.0097976597964735,1.0119854005160431,1.0086099861425004,661
2025-09-05 18:00:00,1.0131583262196608,1.0107882989329389,1.0142085824230287,1.009454992979094,354
2025-09-05 19:00:00,1.0153475399811445,1.0130923973879054,1.0168455819199078,1.0119165754775263,2013
2025-09-05 20:00:00,1.0153476063533255,1.015266473906348,1.0167920254422476,1.0136386807283184,1645
2025-09-05 21:00:00,1.0162452691354467,1.0155200084650913,1.0181042609322888,1.0138877698559554,1239
2025-09-05 22:00:00,1.0159469483083368,1.0162025121362332,1.0179233585708922,1.0149621650328602,2618
2025-09-05 23:00:00,1.0164249746876741,1.0161561961370966,1.0179586153129059,1.0148310063028316,2913
2025-09-06 00:00:00,1.0161552753487315,1.016696819321576,1.0183735784978396,1.0140746398534215,2226
2025-09-06 01:00:00,1.0185493597196948,1.016042412063153,1.020224516643522,1.0143221494164578,2669
2025-09-06 02:00:00,1.0194357975001065,1.018102694641475,1.0216082835031444,1.0164345908766304,3374
2025-09-06 03:00:00,1.019624162546381,1.0195955485753558,1.0212310994206568,1.0182692989328737,896
2025-09-06 04:00:00,1.0215065048326089,1.0195717635687376,1.0228300471734604,1.017951465512186,1911
2025-09-06 05:00:00,1.0193517663408544,1.0213740625350778,1.0229637929186082,1.0178271759046247,165
2025-09-06 06:00:00,1.017384843227016,1.0192619234091345,1.0199887392506755,1.0161019452627225,4846
2025-09-06 07:00:00,1.0187898496132797,1.017321452010413,1.0203080560925555,1.0159441875505646,3259
2025-09-06 08:00:00,1.0193124117510206,1.018988186365947,1.0211756075482346,1.0176033240859605,4034
2025-09-06 09:00:00,1.0200629473113336,1.0193368796805335,1.0217773214444363,1.0182623473898282,3887
2025-09-06 10:00:00,1.0189212719873513,1.0202591302036703,1.0218787736427766,1.0177974733319781,129
2025-09-06 11:00:00,1.0193433915343308,1.0189968389892337,1.0210709459144591,1.0175288220576852,2492
2025-09-06 12:00:00,1.0221976028268125,1.0192959772986194,1.0240692230896957,1.0180227273792433,4362
2025-09-06 13:00:00,1.0236366423705676,1.0221376652362897,1.0256097736760157,1.020694619521985,2919
2025-09-06 14:00:00,1.024290290224739,1.0237229299291124,1.0259642230802672,1.0226798908783192,3029
2025-09-06 15:00:00,1.0242134255326132,1.024416333866371,1.0258555243321121,1.022430886737911,4812
2025-09-06 16:00:00,1.0241899381103698,1.0243665612884747,1.0251920004123418,1.022014411370069,3772
2025-09-06 17:00:00,1.02208490064333,1.0241498409258578,1.0259829011638093,1.0202367476335936,3861
2025-09-06 18:00:00,1.0228440691484353,1.0221117818839953,1.024536426802793,1.0202306075678993,4014
2025-09-06 19:00:00,1.0243086488786135,1.0229338047948096,1.0258920229819501,1.0212049390145037,1735
2025-09-06 20:00:00,1.0228679056860088,1.024249737053323,1.025572903174284,1.021252106057546,4869
2025-09-06 21:00:00,1.0225242054152406,1.02269383013757,1.0245236838312892,1.0209638775790433,4266
2025-09-06 22:00:00,1.0215852478565606,1.022400654221113,1.0238541954115468,1.020333150053744,261
2025-09-06 23:00:00,1.02087682642279,1.0215483377319141,1.0230691107509033,1.0191341726025442,2787
2025-09-07 00:00:00,1.0213910043749763,1.020978282285045,1.0229059350091416,1.01925293579758,1312
2025-09-07 01:00:00,1.0193397217889901,1.0215835032404876,1.0232500783407434,1.0179523014251666,2657
2025-09-07 02:00:00,1.0205268463150186,1.0191321394017825,1.0217059736433531,1.0174403087459454,4061
2025-09-07 03:00:00,1.021881472398939,1.0204352839446638,1.0235867530050213,1.019115200689631,3490
2025-09-07 04:00:00,1.0220301492932946,1.021826610459744,1.0233421636267548,1.0204868072323516,4018
2025-09-07 05:00:00,1.019503299081313,1.0221516817887355,1.0234711829948457,1.0177369773945328,2204
2025-09-07 06:00:00,1.0187575967301101,1.019422596588337,1.021221286490446,1.0170978794069554,479
2025-09-07 07:00:00,1.0206870790510334,1.0186918033938503,1.0219134258615514,1.0172317955515437,4415
2025-09-07 08:00:00,1.0178034859141591,1.020471509405967,1.0222679658614442,1.0163829374325737,487
2025-09-07 09:00:00,1.017836457819527,1.0178772903526854,1.0194349974638202,1.0162563361099746,919
2025-09-07 10:00:00,1.0168704568853661,1.017811839526918,1.018834320033037,1.015905060578405,3640
2025-09-07 11:00:00,1.018285941247268,1.0167705561557567,1.0202301981322097,1.0154746150273561,2167
2025-09-07 12:00:00,1.017925804504696,1.0182463164660964,1.0198679497553311,1.0167852519614347,2434
2025-09-07 13:00:00,1.0188605493295786,1.0180980421931245,1.0205093079424405,1.0165661283822218,417
2025-09-07 14:00:00,1.0199891018325815,1.0187068032753195,1.0218272983392407,1.016843705932792,937
2025-09-07 15:00:00,1.0226425728402575,1.0198599942869904,1.02463648678736,1.018179641581568,3556
2025-09-07 16:00:00,1.0228490425078471,1.0228347026227878,1.0244450021221028,1.0214573846211028,2874
2025-09-07 17:00:00,1.0237502957513942,1.0228606786832364,1.025475505618712,1.021542066857949,1424
2025-09-07 18:00:00,1.0224182291764412,1.0238530110710258,1.0255004905933536,1.0211158318570348,2060
2025-09-07 19:00:00,1.0242967254523938,1.0224799561513207,1.025727811059801,1.0203290506815974,2184
2025-09-07 20:00:00,1.023834114834708,1.024291298944383,1.0253406972849637,1.022277458312126,4622
2025-09-07 21:00:00,1.0236112098378027,1.0237806364022974,1.0253820522057362,1.0220144528325494,4443
2025-09-07 22:00:00,1.0240345124839836,1.0237389414549263,1.0259941882314545,1.0228514505653774,2451
2025-09-07 23:00:00,1.0226090512695758,1.0242128048682133,1.0259256749155876,1.0214374292382897,1012
2025-09-08 00:00:00,1.0233335753042905,1.022775474220194,1.0245408766701316,1.0212540361631786,2881
2025-09-08 01:00:00,1.0249445348318005,1.0231513189034747,1.0268194212347694,1.021767078648426,111
2025-09-08 02:00:00,1.0257460554199973,1.0251453109311848,1.0271894432591835,1.0235657467077766,3270
2025-09-08 03:00:00,1.0242893783429827,1.025691061028146,1.026584643131536,1.0227161070791877,2932
2025-09-08 04:00:00,1.0245908071897871,1.024173338894484,1.0264405738680635,1.0224518873279633,4504
2025-09-08 05:00:00,1.0259312418733626,1.0245647494036527,1.027179170080857,1.0236011419380722,2243
2025-09-08 06:00:00,1.0241276553542036,1.0260589191157161,1.0281422185508227,1.022931032418446,2853
2025-09-08 07:00:00,1.0232879361376224,1.0242106129261181,1.0260978956326,1.0217835838614588,369
2025-09-08 08:00:00,1.0247897884625201,1.0232486785295754,1.0262569392343732,1.0219105295059518,4140
2025-09-08 09:00:00,1.0255639029835568,1.0249186504438947,1.0272435797009178,1.023475767436993,1551
2025-09-08 10:00:00,1.026508268882109,1.025585438189953,1.0287944830206548,1.0240121005217666,3810
2025-09-08 11:00:00,1.0291896626512569,1.02641981443571,1.03104220621701,1.0251060331560942,1271
2025-09-08 12:00:00,1.0302019259854642,1.0290802497544314,1.0318208471117334,1.0274755237502717,1802
2025-09-08 13:00:00,1.031441391597984,1.030265395965286,1.0338825515902785,1.0285499074292836,1377
2025-09-08 14:00:00,1.0351442862306461,1.0314285789335729,1.0367335166534903,1.0298556526365785,4503
2025-09-08 15:00:00,1.0353377207609376,1.0349306693750817,1.0370714397906238,1.0331538037970425,3969
2025-09-08 16:00:00,1.0348302614445954,1.0354692210133414,1.0367308198837477,1.0339526037024815,3550
2025-09-08 17:00:00,1.035793617122492,1.0347556415732286,1.0368269086147384,1.0333840545265733,1593
2025-09-08 18:00:00,1.0367704063577587,1.0360412165026542,1.038236046497543,1.0342085182094087,3694
2025-09-08 19:00:00,1.0365883478874234,1.0365522578971367,1.0381551744210709,1.035266168872476,2499
2025-09-08 20:00:00,1.0357994714639576,1.036560271207129,1.0382162857283361,1.0345565304503854,3603
2025-09-08 21:00:00,1.0390212847704656,1.0356903777070081,1.0401372649964915,1.0341712043809228,1401
2025-09-08 22:00:00,1.0398634969349312,1.0388691388295113,1.0416293955136133,1.037314746412481,2742
2025-09-08 23:00:00,1.0394347544772486,1.039787598856558,1.041087811516282,1.0380423371170457,4757
2025-09-09 00:00:00,1.0409838708399841,1.0397112243257345,1.0427354514411709,1.0375740093315529,484
2025-09-09 01:00:00,1.0413028966581106,1.0410062646059939,1.043156913499522,1.0393548131654664,3893
2025-09-09 02:00:00,1.0414494389225293,1.0411792180741912,1.0428880422649358,1.0398991359767924,3520
2025-09-09 03:00:00,1.0425741663688266,1.0411634668114533,1.043836571802428,1.0400498435420253,2174
2025-09-09 04:00:00,1.0414739076469486,1.0423052532421833,1.0443497652496374,1.0397849775696635,4558
2025-09-09 05:00:00,1.0423470602916491,1.0413900305297645,1.0441835440887024,1.0401162549278316,3662
2025-09-09 06:00:00,1.0450926060609274,1.0422477208976333,1.0467078937728589,1.0400051760335574,2684
2025-09-09 07:00:00,1.0461020192555641,1.0450574490764961,1.0481320098590623,1.043353994498121,1642
2025-09-09 08:00:00,1.046100564731024,1.0457454793420429,1.047695845619062,1.0440005923963005,3463
2025-09-09 09:00:00,1.0459420383945102,1.046086180685863,1.0474603893705738,1.0442950916277232,502
2025-09-09 10:00:00,1.045899630426496,1.046103273723311,1.047357819223273,1.0439788662633025,1359
2025-09-09 11:00:00,1.0460448752128386,1.0461542651420095,1.047689503634902,1.0452275005678693,2209
2025-09-09 12:00:00,1.0460415073735287,1.0457476248172077,1.0478527451302067,1.0445561636761846,1199
2025-09-09 13:00:00,1.0475910811028182,1.0459155775874729,1.0495992375320606,1.044019184839985,2866
2025-09-09 14:00:00,1.0459612301789674,1.0474570567778054,1.0490333758554193,1.0439214238105285,4371
2025-09-09 15:00:00,1.047445630239462,1.0459841254698414,1.0493980034062313,1.0448011242526123,1811
2025-09-09 16:00:00,1.0474400064092908,1.0472539844672264,1.0489438361064929,1.046254296569677,2094
2025-09-09 17:00:00,1.0483423437521253,1.0477045445788375,1.0496690425781285,1.04607934500836,2067
2025-09-09 18:00:00,1.0474399582598843,1.0483491818285142,1.049509856362178,1.0457162662134034,3651
2025-09-09 19:00:00,1.0494843155401037,1.0474205722450138,1.0508991547433006,1.045799943123733,3600
2025-09-09 20:00:00,1.0514290774923098,1.0497355093698768,1.052606050115969,1.048177174476932,1248
2025-09-09 21:00:00,1.0530305861232099,1.0514265426964606,1.0552449551656389,1.0504320148194508,4487
2025-09-09 22:00:00,1.0516628803922576,1.0530937337582362,1.0548098256023362,1.0502037013445829,3272
2025-09-09 23:00:00,1.0531078256775368,1.0515442796616912,1.0546572795922813,1.050035987366244,4481
2025-09-10 00:00:00,1.0540436517826997,1.052891140327323,1.0561692367681614,1.051483435580866,4389
2025-09-10 01:00:00,1.0525673262861406,1.0539472847761187,1.0551149185407473,1.0515943557094627,2920
2025-09-10 02:00:00,1.0529881694256156,1.0529127552389248,1.0545243287446382,1.0511485567892398,3548
2025-09-10 03:00:00,1.0538756108124554,1.0530882382263955,1.0560886464603971,1.0512337030209462,3184
2025-09-10 04:00:00,1.0549929011410433,1.0539190556580955,1.0565298019791334,1.052588069617523,3086
2025-09-10 05:00:00,1.0556556147813818,1.0548382940333225,1.058013996014603,1.0533137072028442,2710
2025-09-10 06:00:00,1.0564550924815987,1.055800019113766,1.058288761990313,1.0543728258936047,1232
2025-09-10 07:00:00,1.0586734261523025,1.0562394894130416,1.0606762010083288,1.0548062125255853,1919
2025-09-10 08:00:00,1.0605946668441955,1.058424124395326,1.062610293543628,1.0566763176626166,3556
2025-09-10 09:00:00,1.0576042008996562,1.0605060046388473,1.0620929193708037,1.0558536589892682,3716
2025-09-10 10:00:00,1.057673274633851,1.0579142828201207,1.0593458822030692,1.0557457376774868,2390
2025-09-10 11:00:00,1.0579256934007983,1.057974449294622,1.0595246996505863,1.0560043112839064,645
2025-09-10 12:00:00,1.056273175113526,1.0578541989813586,1.0591258676453594,1.054743207601133,757
2025-09-10 13:00:00,1.0568361947834046,1.056166297424788,1.0584005354868269,1.0536799514813815,4480
2025-09-10 14:00:00,1.0587847041102971,1.0565756762477425,1.0603714816491987,1.0544951795640607,717
2025-09-10 15:00:00,1.0579308226787885,1.0587970867767438,1.0609201111412507,1.0565528064021108,1490
2025-09-10 16:00:00,1.0587845038052164,1.057956553167472,1.0605611258996248,1.0563281641617308,407
2025-09-10 17:00:00,1.0581355156324606,1.0589098224323397,1.0612470165701138,1.0571786902423397,1172
2025-09-10 18:00:00,1.0577792212040449,1.058280014755089,1.0591813873247666,1.0561839026049518,4213
2025-09-10 19:00:00,1.060002093565049,1.0577478310571389,1.061205076044399,1.0556255919310986,1442
2025-09-10 20:00:00,1.0598010241809148,1.0600904854017204,1.0615672083353325,1.0573270338467669,4192
2025-09-10 21:00:00,1.0608056791677276,1.0596895379274063,1.062871861667545,1.0581369252954227,4077
2025-09-10 22:00:00,1.0590102174284544,1.060890989197231,1.0624446915109644,1.0573153089420957,3530
2025-09-10 23:00:00,1.0616949985021282,1.058929438564381,1.062820025676858,1.0571440990405432,1417
2025-09-11 00:00:00,1.0628681814376961,1.061768250077725,1.06438432322075,1.0595426986251133,4986
2025-09-11 01:00:00,1.0630991816265158,1.0629285391050693,1.0643118806806346,1.061647390096915,3086
2025-09-11 02:00:00,1.0642398374385158,1.0631101651604296,1.06539125157639,1.0606659745716862,3872
2025-09-11 03:00:00,1.0629980541237785,1.064366526564665,1.066598448670059,1.0615046710821883,1781
2025-09-11 04:00:00,1.0648670910138816,1.0627472141801508,1.0663520666370914,1.061523731069923,3349
2025-09-11 05:00:00,1.0649283092832857,1.0646969820997119,1.0665810203628403,1.0632003088100497,3316
2025-09-11 06:00:00,1.0651334258652276,1.0648851618454938,1.066701422730271,1.0635461629126903,3026
2025-09-11 07:00:00,1.064993439127269,1.0649028659594069,1.0665105769289067,1.0631714244324466,2998
2025-09-11 08:00:00,1.0647466574439743,1.0649284579824834,1.0662570506613978,1.063677351798256,3544
2025-09-11 09:00:00,1.0660302621779285,1.064686752359222,1.0675299638046374,1.0630424091958826,4989
2025-09-11 10:00:00,1.0667873503980536,1.066239835292424,1.0684954589864293,1.0644271601671593,4358
2025-09-11 11:00:00,1.0680194481677372,1.0668101847129636,1.0700760163709313,1.0647330468779908,1623
2025-09-11 12:00:00,1.0684588945403546,1.0681844336457644,1.0703652716920293,1.0663635854155553,4455
2025-09-11 13:00:00,1.0695247343136471,1.0685072918263772,1.0707378747552343,1.0664469782620454,1814
2025-09-11 14:00:00,1.069472115820937,1.0694388021321561,1.0713934863517351,1.0680289173646493,1319
2025-09-11 15:00:00,1.0725977940306286,1.069493629473889,1.0743596768503834,1.0677578905030602,1073
2025-09-11 16:00:00,1.071166277530912,1.0727149945642562,1.0741209899599358,1.0702758899490443,3547
2025-09-11 17:00:00,1.0731294023191877,1.071358378638738,1.074797720547065,1.0697853816843057,2373
2025-09-11 18:00:00,1.075220891260053,1.073108062937619,1.0770183231376413,1.0713704786831584,4157
2025-09-11 19:00:00,1.0746483006928942,1.0749553170829844,1.0765824591451498,1.0728824710995724,4203
2025-09-11 20:00:00,1.0777734290255614,1.0743705904484888,1.079545367220606,1.073262879870132,2737
2025-09-11 21:00:00,1.0794180173650958,1.077720578677693,1.080757698928412,1.0762277972858418,1133
2025-09-11 22:00:00,1.0810333841732833,1.0790389149293482,1.0833012296402074,1.077498688994946,648
2025-09-11 23:00:00,1.0815170107977143,1.0813245995756613,1.0825133200379922,1.07984153966414,4810
2025-09-12 00:00:00,1.0817063394078519,1.0816138667668056,1.0835164185164163,1.0797560342315684,1605
2025-09-12 01:00:00,1.0819050488154043,1.0816031797058108,1.083646947361333,1.0800506981414517,164
2025-09-12 02:00:00,1.0828236855309876,1.0817248159107966,1.0846567793597497,1.0800683143068357,2044
2025-09-12 03:00:00,1.0849551090610283,1.082991004990873,1.0863519767149814,1.0815229369129984,4045
2025-09-12 04:00:00,1.085622686122462,1.0847737605969858,1.0876319121971973,1.0827985272965623,547
2025-09-12 05:00:00,1.0849789537746972,1.0854569729311605,1.087049294331712,1.0829806718093635,3488
2025-09-12 06:00:00,1.0864182662495592,1.0848541331256665,1.0876612759756823,1.0833250021573138,2137
2025-09-12 07:00:00,1.0879736471452328,1.0864368848646384,1.0892482701606312,1.0838745146045525,4535
2025-09-12 08:00:00,1.0892092385793701,1.0880750738911338,1.090883801411162,1.0866917164428018,2298
2025-09-12 09:00:00,1.0905538372672001,1.0894043395714832,1.0916673402209938,1.0874389880777877,2656
2025-09-12 10:00:00,1.0906787235110107,1.0907247964615663,1.0929499466171413,1.0893538762862893,2338
2025-09-12 11:00:00,1.090013936510454,1.090678850014088,1.0926568725630819,1.0881261334445282,3436
2025-09-12 12:00:00,1.0894221043936851,1.0901807033898885,1.0924118979218054,1.0875608254231572,447
2025-09-12 13:00:00,1.0879095484955357,1.0893126063606229,1.091506296598608,1.0866078880403256,342
2025-09-12 14:00:00,1.0886438868293908,1.0876122072972287,1.0901619224131422,1.086021895502658,2952
2025-09-12 15:00:00,1.088993748289519,1.0885342581981845,1.0903432306069443,1.0862905806015928,2032
2025-09-12 16:00:00,1.0889157630440833,1.0888620558220516,1.0896743760236123,1.0874946939221999,919
2025-09-12 17:00:00,1.0858190204548692,1.088812829506597,1.0903092290154095,1.084059385804441,3876
2025-09-12 18:00:00,1.0847722394912362,1.0856629149938366,1.0878646727138503,1.0830359040500077,3772
2025-09-12 19:00:00,1.08656724827292,1.0846970855065068,1.0879272445220602,1.0830810176161758,634
2025-09-12 20:00:00,1.0862196970728444,1.086668269509491,1.0882291929592651,1.0851544839047795,1002
2025-09-12 21:00:00,1.0871024070860327,1.0864993960916058,1.0885521983008588,1.0845985024001648,3933
2025-09-12 22:00:00,1.0858835845700623,1.0868213782739187,1.0885723639752525,1.0842509750142688,2442
2025-09-12 23:00:00,1.0880600311488933,1.0856734146833238,1.0901119223980864,1.083681009529493,1610
2025-09-13 00:00:00,1.0883371979568277,1.0879308270883596,1.0894671497026036,1.0862226520013782,2693
2025-09-13 01:00:00,1.0891352464326078,1.0884622974270857,1.09032857620449,1.0868075298437039,1829
2025-09-13 02:00:00,1.092376182182866,1.0891016644768123,1.094501930952998,1.0873410137182564,558
2025-09-13 03:00:00,1.0946459103035733,1.0922572857029134,1.0965286137658579,1.0909396158076567,3272
2025-09-13 04:00:00,1.0947280315580288,1.094763604460775,1.0963205111567071,1.0925742287417508,3511
2025-09-13 05:00:00,1.0944661673361844,1.094885042076421,1.0970872446257565,1.0929477315742533,483
2025-09-13 06:00:00,1.094525513322361,1.0944630873480516,1.0957190839095718,1.0929403489328913,1321
2025-09-13 07:00:00,1.095587391220533,1.0943913773983875,1.0975368400352088,1.0923232492462862,3160
2025-09-13 08:00:00,1.095911122259432,1.095631821578111,1.0975325540720813,1.0939066353758038,3810
2025-09-13 09:00:00,1.0958868292854278,1.0958727769258318,1.0977300705497373,1.0943066834245925,4577
2025-09-13 10:00:00,1.0980974467862787,1.0958471308812814,1.0989581952646337,1.094063660274654,3058
2025-09-13 11:00:00,1.0984103949161452,1.0980130229273084,1.0999721027243703,1.0961591311092296,559
2025-09-13 12:00:00,1.10161990182779,1.0985632419092612,1.1035158326583276,1.0969499216429184,1828
2025-09-13 13:00:00,1.1021787929042925,1.1016612137307233,1.1038111207265495,1.0997029737434387,1339
2025-09-13 14:00:00,1.1047711749773623,1.102350424776324,1.1068443767784495,1.101114369567011,4939
2025-09-13 15:00:00,1.105649958284615,1.1049928013194128,1.1077136998185952,1.1032474853872818,167
2025-09-13 16:00:00,1.1072555109725144,1.1057261896324788,1.1085979817819802,1.1037994754606062,1940
2025-09-13 17:00:00,1.106835977710693,1.107171422908618,1.1091052842887437,1.1049692561862499,2638
2025-09-13 18:00:00,1.1062614666435882,1.1070086086342095,1.1083385575000546,1.105345830441583,1566
2025-09-13 19:00:00,1.107263113789606,1.1063388086458221,1.1089419512519603,1.1047199653553057,3681
2025-09-13 20:00:00,1.1088993776805645,1.1076961447257425,1.110781000809286,1.1064366690922558,743
2025-09-13 21:00:00,1.109397685482965,1.1089509817945782,1.1107837837259904,1.1068589556204984,4639
2025-09-13 22:00:00,1.1083040134808646,1.1095136730510347,1.1114377751061881,1.1067714530967068,2061
2025-09-13 23:00:00,1.1071217034413174,1.1083522436698523,1.109845079130657,1.1050708588470766,1903
2025-09-14 00:00:00,1.1058591397586939,1.1071052650787843,1.108571402887985,1.1046041147658225,4624
2025-09-14 01:00:00,1.1041879932231666,1.1058162765804236,1.1077066412296854,1.1024023083117906,828
2025-09-14 02:00:00,1.1047693756545032,1.1042367539614497,1.1061494625258679,1.1025769681377757,2398
2025-09-14 03:00:00,1.1065694283605527,1.1048558832275672,1.1079348789975787,1.1022784387227118,242
2025-09-14 04:00:00,1.107003329416243,1.1067611150478043,1.1090096033711938,1.1047094190920752,2606
2025-09-14 05:00:00,1.1047408317074374,1.107054509389641,1.1087475988926936,1.1027145544294263,1692
2025-09-14 06:00:00,1.104961919155036,1.1046641104706922,1.1061373380333053,1.1023344724916855,3727
2025-09-14 07:00:00,1.105216560359077,1.104907732487557,1.1071580859059524,1.1031558202546703,2609
2025-09-14 08:00:00,1.1081817588593474,1.1049966521708399,1.109708855077026,1.1033674608395667,3163
2025-09-14 09:00:00,1.1068831933638439,1.1084575743119525,1.1096520075363105,1.1052937723719565,4513
2025-09-14 10:00:00,1.1068643802407248,1.106793342494394,1.1076920995083166,1.1050241913495453,4757
2025-09-14 11:00:00,1.1093614034573782,1.1070253664067178,1.111326109448302,1.1062832444361712,1160
2025-09-14 12:00:00,1.110351377466994,1.1094074637512035,1.1117304611704297,1.107741161812623,2560
2025-09-14 13:00:00,1.1114773531552138,1.1104020161247055,1.1127298175967049,1.1086591779977488,3928
2025-09-14 14:00:00,1.1120648544796425,1.1114577617070653,1.1139462689860202,1.109841659176883,724
2025-09-14 15:00:00,1.1129107867260313,1.111933341997504,1.114849185153936,1.1107751048667036,2456
2025-09-14 16:00:00,1.1142939181623654,1.1127489017600873,1.1157022398143186,1.1111275494817754,2830
2025-09-14 17:00:00,1.113772534579694,1.1145826857539187,1.1165582867859711,1.112614333394499,4350
2025-09-14 18:00:00,1.1152762048743838,1.1137915992916203,1.11763665113524,1.111525216044287,532
2025-09-14 19:00:00,1.1140786012541213,1.1154642503818901,1.1175854549037565,1.112493495857317,4329
2025-09-14 20:00:00,1.114922642821519,1.1143102108695684,1.11699340774305,1.1133277535416373,1265
2025-09-14 21:00:00,1.1155871319774626,1.1148538924892544,1.1173656441973578,1.1132496260793434,4302
2025-09-14 22:00:00,1.115297580271632,1.115657982220858,1.1171824652389808,1.113325043205076,3308
2025-09-14 23:00:00,1.1157203579412414,1.1153051131874134,1.1173752325160706,1.113572596482972,2066
2025-09-15 00:00:00,1.1154233097580426,1.1155267404537026,1.1173473594558314,1.1140559757036959,755
2025-09-15 01:00:00,1.1145872681658084,1.1153922997150962,1.11664369857174,1.1131421773010042,1796
2025-09-15 02:00:00,1.114612930475872,1.1146854945321416,1.1161001450210477,1.113036928174576,3725
2025-09-15 03:00:00,1.113738144113426,1.114529562288422,1.1157231275662411,1.1122144378763572,1115
2025-09-15 04:00:00,1.114575501070338,1.1136838347733384,1.1163260042961591,1.1124331359907051,3381
2025-09-15 05:00:00,1.113645398477355,1.1145465406902257,1.116244756573492,1.1119975143558245,1219
2025-09-15 06:00:00,1.1149497709049443,1.1139985358489857,1.116403874348192,1.1127722251964003,497
2025-09-15 07:00:00,1.1139819960234296,1.1146433062805803,1.116588485677379,1.111993857367875,3119
2025-09-15 08:00:00,1.1118583900900008,1.114065659470058,1.1153850127508484,1.1098333270974337,4081
2025-09-15 09:00:00,1.1095161273091938,1.1118162275212173,1.1132508868813598,1.1081857689101609,4813
2025-09-15 10:00:00,1.1144854275424745,1.1094090272252524,1.1164181213017619,1.1079769058433009,2559
2025-09-15 11:00:00,1.1157240148385368,1.1144389226525324,1.1177084914821689,1.1129069220529892,3069
2025-09-15 12:00:00,1.1149300130789952,1.1158356265091767,1.1172418678211171,1.1132681600998247,3438
2025-09-15 13:00:00,1.1168002109830066,1.1150513852943948,1.1185531548684615,1.1132901306937037,2120
2025-09-15 14:00:00,1.1088982396805203,1.1168311520919494,1.1182354140579651,1.1070808488185568,278
2025-09-15 15:00:00,1.108736488719367,1.1090799740060633,1.1106774394766792,1.1069271232844788,1287
2025-09-15 16:00:00,1.1162271668861348,1.1089489345982728,1.1179496741985537,1.1067542537648138,1958
2025-09-15 17:00:00,1.1167234662851449,1.1163639168118877,1.1185862837097518,1.11466860862187,3294
2025-09-15 18:00:00,1.1169781406695298,1.1166319535308653,1.1187600198234675,1.1153929393339257,1594
2025-09-15 19:00:00,1.119033622093188,1.117061135177189,1.1208038758793342,1.1159228031829393,1133
2025-09-15 20:00:00,1.1223921417556169,1.1191176669277345,1.1237125805507107,1.116883280414881,4535
2025-09-15 21:00:00,1.11490164165728,1.1222557394319628,1.124057958973223,1.1130588243454693,557
2025-09-15 22:00:00,1.1085929173505635,1.1146406613309554,1.1164868228505813,1.106861366496808,3962
2025-09-15 23:00:00,1.1093815096921367,1.1082563128696723,1.111274869325395,1.1064428031063256,558
2025-09-16 00:00:00,1.106700722585021,1.1093931060603441,1.1108142690934613,1.104987460580651,1670
2025-09-16 01:00:00,1.1116208173183457,1.106750418657736,1.1135935837537527,1.1049385248909973,4267
2025-09-16 02:00:00,1.1104389133562762,1.1114239728807087,1.1126508185961792,1.1088973759898313,4224
2025-09-16 03:00:00,1.103184423097352,1.1106120083425752,1.1121242034142025,1.101180423530408,1973
2025-09-16 04:00:00,1.098429370909187,1.1032095032302478,1.1047663558109402,1.0969546850729512,186
2025-09-16 05:00:00,1.0881180858355723,1.098649625478627,1.0998697075675907,1.0867807736218644,4707
2025-09-16 06:00:00,1.0872401150707613,1.0881785150548602,1.089714553425386,1.086160761134402,4454
2025-09-16 07:00:00,1.08653367459352,1.087066323970632,1.0887683184240369,1.0849813628521086,2534
2025-09-16 08:00:00,1.0849419394318378,1.0866082558697727,1.0876414117353448,1.082901976516529,239
2025-09-16 09:00:00,1.0889877358281994,1.0850514007810923,1.0904922741891216,1.0835673337861949,3488
2025-09-16 10:00:00,1.093482185215137,1.0888979133328938,1.0945488549113467,1.0877099153178993,3936
2025-09-16 11:00:00,1.0928432286275516,1.0932457879800628,1.0955543773739305,1.0911105820501041,4152
2025-09-16 12:00:00,1.0848381273745134,1.0928595493767395,1.0945559621399599,1.0834227611341227,3681
2025-09-16 13:00:00,1.0871529333013594,1.084674916697354,1.088824701403815,1.0825392263628426,4384
2025-09-16 14:00:00,1.0892355341582667,1.0873360699022203,1.0909452222414577,1.0853510695796784,2600
2025-09-16 15:00:00,1.0903957525463552,1.0891689365998358,1.092229096193555,1.0879490764568955,896
2025-09-16 16:00:00,1.0940763016062607,1.090678779326406,1.0960384688708216,1.0890947411066296,3478
2025-09-16 17:00:00,1.0897081962445319,1.0937290946397429,1.0948525116746597,1.088320541562207,1161
2025-09-16 18:00:00,1.0972410289427261,1.0897303817346402,1.0993181646706698,1.0884665261650635,3186
2025-09-16 19:00:00,1.093643174868444,1.0974755157684841,1.099524727029751,1.0920210618187036,835
2025-09-16 20:00:00,1.0964527608454473,1.093496748374672,1.0980756162093213,1.091582923161535,292
2025-09-16 21:00:00,1.0901252069913971,1.0964267285025118,1.0980230875714467,1.0885167405331295,2283
2025-09-16 22:00:00,1.0866367144141345,1.0900595139807299,1.090677996913054,1.0851750200125825,3000
2025-09-16 23:00:00,1.0923230968393545,1.0865246801358752,1.0935539294009924,1.085609172421734,859
2025-09-17 00:00:00,1.0913447225031012,1.0923631419836122,1.0941700320931942,1.08992569562995,3945
2025-09-17 01:00:00,1.094494432272349,1.0911320477436404,1.0965303946604072,1.0893091219235,3289
2025-09-17 02:00:00,1.0953830149800463,1.0944761992746097,1.0972655961780695,1.0932741065432268,4022
2025-09-17 03:00:00,1.0949894218950456,1.0954677662148498,1.0970853781888608,1.0929256201765885,1877
2025-09-17 04:00:00,1.1001038606135431,1.094953928081702,1.102389614402347,1.0934963899801935,3330
2025-09-17 05:00:00,1.0992163900210985,1.0999389444860443,1.1019192407049982,1.0975036834357088,4823
2025-09-17 06:00:00,1.0925386221177356,1.0993852176214856,1.1008949443827953,1.0910306366674467,993
2025-09-17 07:00:00,1.0895264717729167,1.0926579672613672,1.0950054971649188,1.088276670533621,4101
2025-09-17 08:00:00,1.091593440755548,1.0893559888098976,1.0928718602276684,1.087574411363158,3182
2025-09-17 09:00:00,1.0930765999044074,1.0913812569509853,1.0942335645731038,1.0899377441588398,3648
2025-09-17 10:00:00,1.0872001314660245,1.0929213600518752,1.0944148124994015,1.0858410327461427,3166
2025-09-17 11:00:00,1.0844838470182436,1.087288832457052,1.0886687383219507,1.0836301898990153,3474
2025-09-17 12:00:00,1.0823023919587351,1.0845285849993995,1.0860335486795594,1.0802559680675814,3920
2025-09-17 13:00:00,1.0809318809808068,1.0824304957976092,1.0843106981223767,1.079308489245913,294
2025-09-17 14:00:00,1.075772205023551,1.0808792514799206,1.0824819435038546,1.073801421738997,255
2025-09-17 15:00:00,1.0734158133681029,1.0756233113704967,1.07723076332608,1.0716059723469507,510
2025-09-17 16:00:00,1.0706835240483796,1.0735633824375441,1.0751882993400221,1.068722107074123,4654
2025-09-17 17:00:00,1.0735767737724868,1.0705943986279516,1.0744424012503477,1.0691657292985188,2217
2025-09-17 18:00:00,1.0766109786887001,1.0736068997252346,1.0777364913272138,1.0724352634910623,4957
2025-09-17 19:00:00,1.0760641894708671,1.0763608058963385,1.0778505162841863,1.0742038812394217,4582
2025-09-17 20:00:00,1.0745940402363519,1.0759723422379608,1.0773124914184338,1.0729401759378006,1790
2025-09-17 21:00:00,1.0751187564064986,1.0747568233739457,1.076656674818629,1.0732945650130266,560
2025-09-17 22:00:00,1.07205659975354,1.0750035733750334,1.0770632498035417,1.0702096456107613,4230
2025-09-17 23:00:00,1.0677559794454121,1.0721870534523854,1.073764839252751,1.0660556429906471,2158
2025-09-18 00:00:00,1.0642301499119406,1.0673838682293038,1.0685580860700048,1.062429811410639,1559
2025-09-18 01:00:00,1.0618496005470477,1.0641410514403895,1.0654811800335198,1.0605825148816124,3990
2025-09-18 02:00:00,1.0574865737978267,1.0618224197614416,1.0639513229393047,1.0555901990522645,2461
2025-09-18 03:00:00,1.0580942971443126,1.0577631395914533,1.0601678955295117,1.0561774680532965,1666
2025-09-18 04:00:00,1.0608307309210014,1.057908270469888,1.0626116145460625,1.0559717652884038,2042
2025-09-18 05:00:00,1.0548791122930081,1.0609369034427798,1.062024752884843,1.0529903765636184,4653
2025-09-18 06:00:00,1.0549733449600682,1.055046367521507,1.0567259288475381,1.0531736771159745,1581
2025-09-18 07:00:00,1.0541485857278194,1.0548592613663792,1.0565618263712961,1.0526025059107216,4680
2025-09-18 08:00:00,1.0554292432985823,1.0540894515130284,1.0570204739283746,1.0522816376156123,2987
2025-09-18 09:00:00,1.055380722918194,1.055451664140236,1.0568542616206313,1.053445961335638,379
2025-09-18 10:00:00,1.0499297256184503,1.0551474046524272,1.0566080781071376,1.04816372296876,653
2025-09-18 11:00:00,1.045195765747736,1.049858374825948,1.0512255802808863,1.0435644459327333,3120
2025-09-18 12:00:00,1.0453061041561795,1.0453958549036342,1.0466047282203537,1.0435149150172862,770
2025-09-18 13:00:00,1.0491640326052252,1.0453883567505335,1.051167722245918,1.043980075776138,813
2025-09-18 14:00:00,1.040860829963814,1.0491395591636348,1.0509763601692754,1.0388267829930486,2368
2025-09-18 15:00:00,1.0421573046380699,1.04087850584199,1.0436314582050585,1.0398410884931715,2260
2025-09-18 16:00:00,1.0466183871578985,1.0422485025735841,1.048298893626564,1.0406677730367964,4712
2025-09-18 17:00:00,1.0460445401221252,1.046739583470592,1.0484309436273773,1.0446028683312205,4499
2025-09-18 18:00:00,1.0481077994822243,1.0459570628209838,1.0504166395405972,1.0445864181964803,4656
2025-09-18 19:00:00,1.0454712904288577,1.0483484754849772,1.050190356072068,1.0438073613963765,459
2025-09-18 20:00:00,1.0450236671815694,1.0456776326825343,1.0475068743857712,1.043808976274261,4038
2025-09-18 21:00:00,1.038945241487914,1.045129212220417,1.0466994681404875,1.0367161017103859,4693
2025-09-18 22:00:00,1.0301539540813431,1.038814984722074,1.0402259585856448,1.0290265861793075,3097
2025-09-18 23:00:00,1.0336893258359379,1.0299957648969844,1.0356686476733619,1.028740225588724,4972
2025-09-19 00:00:00,1.0299955948569712,1.033638865765174,1.035385410379782,1.0287737163267976,4034
2025-09-19 01:00:00,1.0282873654382083,1.0300049674542964,1.0312914962493172,1.0266837004584957,3384
2025-09-19 02:00:00,1.023088206988445,1.0280159669624371,1.0296899029287072,1.021242184244847,2088
2025-09-19 03:00:00,1.0178008206018805,1.0231637318500353,1.0249461207553248,1.0161135082929775,1845
2025-09-19 04:00:00,1.0171489292265257,1.0179972517313445,1.0188834434612744,1.0151739278066145,2035
2025-09-19 05:00:00,1.014413014748517,1.0172366466570422,1.018477561829056,1.0131431526679837,1329
2025-09-19 06:00:00,1.0158304059909973,1.0143100014995454,1.0174647038621383,1.0125855111033448,2935
2025-09-19 07:00:00,1.0175274250621706,1.0157091569044847,1.018466258553229,1.0142755228223255,2219
2025-09-19 08:00:00,1.0187306112358878,1.0175732453764499,1.0197189435880982,1.015975445632986,1557
2025-09-19 09:00:00,1.0196253642018696,1.0187071643824,1.0210720713530068,1.0168385945271536,981
2025-09-19 10:00:00,1.0255419949703641,1.0196935178013247,1.0272315377468462,1.018675853092336,2628
2025-09-19 11:00:00,1.0215385183364458,1.0256341972042775,1.0273313150131222,1.0193960429775546,198
2025-09-19 12:00:00,1.021332512588185,1.0217057958310478,1.0237226414332508,1.0198450165445636,1930
2025-09-19 13:00:00,1.0255800994151334,1.0211583500993662,1.027143780026152,1.0201142975098114,407
2025-09-19 14:00:00,1.030322123700151,1.0256143502508834,1.0317524211418871,1.0242830239022234,1744
2025-09-19 15:00:00,1.0249905100151089,1.0302662399356977,1.0314017163500244,1.0234215656824885,3351
2025-09-19 16:00:00,1.0238191771088994,1.0249753623476814,1.0263929543744217,1.0224963237078075,3224
2025-09-19 17:00:00,1.0289121312184015,1.0239525872221258,1.0306738950616863,1.0230413495953623,201
2025-09-19 18:00:00,1.030817427862898,1.0290625984848183,1.0325964297544006,1.0274864376950519,3569
2025-09-19 19:00:00,1.0315496642309472,1.031033812474598,1.0331788790215555,1.0297098441342274,1577
2025-09-19 20:00:00,1.0307333466305673,1.0316154647404054,1.0333307436428256,1.0289859011120093,2431
2025-09-19 21:00:00,1.0292940931591632,1.0307163606856362,1.0326544340427632,1.0280800574592452,3414
2025-09-19 22:00:00,1.030374914645752,1.0292550092144568,1.0319437444833996,1.0270103798469028,278
2025-09-19 23:00:00,1.02942851167706,1.030107043706716,1.0320734535730716,1.0277257455841224,956
2025-09-20 00:00:00,1.0292688418481435,1.029635353807767,1.0309548825853236,1.0276641722687105,910
2025-09-20 01:00:00,1.0295635869960749,1.0292191296153117,1.0310852950393554,1.0274823206808585,1728
2025-09-20 02:00:00,1.0270208187642242,1.029641522017991,1.0310339055249114,1.026041506863233,177
2025-09-20 03:00:00,1.0290163039162796,1.027125623538518,1.0308045403235813,1.0257355124808256,254
2025-09-20 04:00:00,1.0399447213478374,1.0288220450227723,1.0411881361063224,1.0267058550291828,2610
2025-09-20 05:00:00,1.0332810214503647,1.0398016099023044,1.0412517891867212,1.0318303360282661,650
2025-09-20 06:00:00,1.034496068416077,1.0335210793521064,1.0354706641132168,1.0319888331677876,2233
2025-09-20 07:00:00,1.0316453555837561,1.0345410123837049,1.0362724360155249,1.030242266157632,1207
2025-09-20 08:00:00,1.0338106152494533,1.031555323240334,1.035748014678938,1.0295504001230804,4977
2025-09-20 09:00:00,1.0339852057744328,1.0337910191084083,1.035818681147622,1.0323159257738228,718
2025-09-20 10:00:00,1.036842161177092,1.0341541442074262,1.0386501943901523,1.0329882676514124,2452
2025-09-20 11:00:00,1.0412503108389999,1.0369880894634587,1.0430743940822282,1.0346206563828142,2413
2025-09-20 12:00:00,1.0419718900306305,1.041021168441289,1.043753566255934,1.0398880313380268,3719
2025-09-20 13:00:00,1.0462170861121838,1.0422283623827515,1.0479792491007216,1.0406896010115572,722
2025-09-20 14:00:00,1.0374259690104763,1.0463674321707737,1.0481348678597857,1.0361318198381924,4825
2025-09-20 15:00:00,1.0433901651276614,1.037402105334138,1.0447500106896142,1.0360566331866488,1595
2025-09-20 16:00:00,1.0447966481972577,1.0432033989855436,1.0463010947379194,1.0419683968296105,271
2025-09-20 17:00:00,1.0488385607813022,1.0449624709330216,1.050433920774614,1.0435591224721172,3645
2025-09-20 18:00:00,1.0442640267381464,1.048913188196288,1.0503744147964147,1.0423893535401438,2757
2025-09-20 19:00:00,1.0411486396821263,1.0440363590184065,1.0451088536338662,1.040180991832995,3303
2025-09-20 20:00:00,1.0416959082851693,1.0411123764649008,1.0428725010050943,1.0391558191725085,4566
2025-09-20 21:00:00,1.0416320162001538,1.0421843565589781,1.0438186697285894,1.039729455094059,1976
2025-09-20 22:00:00,1.0426935234051913,1.0416345971414909,1.0445408976924033,1.0399113190236688,4548
2025-09-20 23:00:00,1.0467604552586787,1.042577023583624,1.0483335295638923,1.0409672618207735,4662
2025-09-21 00:00:00,1.040140879076293,1.04660310847372,1.0490260610648978,1.0384943446380275,2783
2025-09-21 01:00:00,1.0437927005952328,1.0404183346738383,1.0450703772528622,1.0384069213715477,3957
2025-09-21 02:00:00,1.043823757757575,1.0439254373196456,1.0456305053098967,1.0428047095954727,265
2025-09-21 03:00:00,1.043059575778358,1.0440439641843395,1.0460125939221994,1.0412674044720862,3075
2025-09-21 04:00:00,1.0375428936494147,1.0430982012100307,1.044986221267702,1.0362188349312091,494
2025-09-21 05:00:00,1.0394293261558278,1.0377384133047298,1.041192738857078,1.0359217774583371,2240
2025-09-21 06:00:00,1.0303764217144615,1.0392982127567103,1.04117460672725,1.0290205288802552,3774
2025-09-21 07:00:00,1.0328078992566068,1.0304016105018772,1.0343742746214422,1.028633380388952,394
2025-09-21 08:00:00,1.027212502373583,1.0328521290005213,1.0349053876295562,1.0261488706687976,2091
2025-09-21 09:00:00,1.0274129695458984,1.0274255539597106,1.0293621737063872,1.0263935416571144,2122
2025-09-21 10:00:00,1.0269660864059187,1.0274620856942651,1.0287399721707253,1.025460470787128,1266
2025-09-21 11:00:00,1.0313518544582707,1.026869318001695,1.0329983771466023,1.0248781292535942,2771
2025-09-21 12:00:00,1.0306818975744687,1.0313617604201533,1.0324293520786456,1.0289700531346515,4060
2025-09-21 13:00:00,1.0280788779701724,1.0304233748238387,1.0324348488708275,1.0263735682322714,4955
2025-09-21 14:00:00,1.0261791178602804,1.027721618523079,1.0293299176865758,1.0243750353048693,4540
2025-09-21 15:00:00,1.0309524282431104,1.0263076788709122,1.032916013077097,1.0248840293684354,4762
2025-09-21 16:00:00,1.0329635418775387,1.030894363727296,1.0344790984957182,1.0291556540225957,1097
2025-09-21 17:00:00,1.0315174294468268,1.0329230934025002,1.0338959378630628,1.0301495361352992,649
2025-09-21 18:00:00,1.0306307553719598,1.0316458893274012,1.034007281090773,1.0291818992694561,995
2025-09-21 19:00:00,1.0247538412822643,1.0308454941357177,1.0324229249453245,1.0232750752236544,4898
2025-09-21 20:00:00,1.0262106195354577,1.024836115864553,1.027442008051435,1.0234647478338923,1170
2025-09-21 21:00:00,1.0196113106315996,1.0265055022652694,1.0283853888877783,1.0181020974304986,3797
2025-09-21 22:00:00,1.0224305473784825,1.019688405340574,1.0245886500018844,1.018232839912527,2087
2025-09-21 23:00:00,1.0229128783503247,1.0224769180850686,1.0243851246831337,1.021159712654486,3441
2025-09-22 00:00:00,1.031863947598727,1.022950085634227,1.0333810221204145,1.021445814263382,3789
2025-09-22 01:00:00,1.0277384392722608,1.0316657746183193,1.0332807770569488,1.0261489597352988,4527
2025-09-22 02:00:00,1.0273534564308584,1.027885761543038,1.0290843838721888,1.0261514110600523,525
2025-09-22 03:00:00,1.03409703530932,1.0269741290566712,1.035433915713685,1.0252934763727934,1692
2025-09-22 04:00:00,1.0385647464604129,1.0340057060768082,1.0406777871951642,1.032601674587402,679
2025-09-22 05:00:00,1.0359539512669882,1.038568309678504,1.040081152670887,1.0343384213450755,2056
2025-09-22 06:00:00,1.0367938291233887,1.0358311281614798,1.0380885076951671,1.0344828702396847,1888
2025-09-22 07:00:00,1.0368013267099452,1.03672357195233,1.0382159254086467,1.0348416234539008,4367
2025-09-22 08:00:00,1.0378586612126732,1.03708767848934,1.039749481011247,1.0352331966061359,3547
2025-09-22 09:00:00,1.0352386095777302,1.038030100435542,1.0389693009267007,1.0340116619954212,609
2025-09-22 10:00:00,1.0349036580676023,1.0351321447413795,1.0367635616615702,1.033188305512077,2283
2025-09-22 11:00:00,1.0289109616603147,1.034831186748047,1.0371345743475715,1.0269211698200953,3574
2025-09-22 12:00:00,1.02941767460482,1.0287137760950378,1.0315890446467555,1.0274624711606193,3730
2025-09-22 13:00:00,1.0311052521301518,1.0295267130241406,1.0328292197276983,1.028248850167084,4068
2025-09-22 14:00:00,1.0302524293327373,1.0310666574652154,1.033018916568337,1.0284798616529638,1200
2025-09-22 15:00:00,1.0241959884930443,1.0299503222720878,1.031888150126391,1.0230613365955168,4436
2025-09-22 16:00:00,1.0279029829787372,1.0242115278562427,1.0294060283582651,1.0229094357436423,4527
2025-09-22 17:00:00,1.0292699518712103,1.0279707571448968,1.0310994155410609,1.0267401615482614,1173
2025-09-22 18:00:00,1.0265473952548316,1.0294182583498017,1.0315088990144239,1.0247773757452059,3334
2025-09-22 19:00:00,1.0254951435791888,1.0265361115069922,1.0276855596094723,1.0241699258702903,3428
2025-09-22 20:00:00,1.0198676333187568,1.0254381322906692,1.0271443660103479,1.0184249092090532,4409
2025-09-22 21:00:00,1.0160223453395898,1.0201703467136274,1.0218045603714017,1.01472640606601,520
2025-09-22 22:00:00,1.0140055527907506,1.0160233470994182,1.0175757382367887,1.0121351647414123,1238
2025-09-22 23:00:00,1.018612130836801,1.0141154959523335,1.0201445207318558,1.012850192350392,4318
2025-09-23 00:00:00,1.016213993120973,1.0185298876764846,1.0201248365465274,1.0151187989932722,275
2025-09-23 01:00:00,1.0186147943434558,1.0163194059476606,1.0202391504877948,1.0152336009870258,2460
2025-09-23 02:00:00,1.0165961085827249,1.018392826328073,1.0202588744770649,1.0148596629142907,1538
2025-09-23 03:00:00,1.0175259119359195,1.0165255837276,1.0191976606089987,1.0147655085763183,3158
2025-09-23 04:00:00,1.0169956788028802,1.0173415904838736,1.018812814083634,1.0150892529077726,2418
2025-09-23 05:00:00,1.020269641053228,1.0169030934157877,1.0215429616056235,1.015758648792143,4271
2025-09-23 06:00:00,1.0182640985349083,1.020460637365467,1.021843712136912,1.016807332894748,479
2025-09-23 07:00:00,1.0123671175973992,1.0181711137455707,1.0197689832144026,1.0101113714895458,2579
2025-09-23 08:00:00,1.0071848087297854,1.0124756300961524,1.013773064192922,1.0057653781273037,2640
2025-09-23 09:00:00,1.0051902681275,1.0074135797590613,1.0092066010945788,1.003852382587751,2592
2025-09-23 10:00:00,1.0005062932374573,1.0051861294361284,1.0068159707383892,0.9990118399048681,479
2025-09-23 11:00:00,1.0020445882962556,1.0006556630799046,1.003891414817551,0.9989932859060507,2376
2025-09-23 12:00:00,1.0002979576780378,1.0021242749261472,1.0034330189940466,0.9986434948986862,4415
2025-09-23 13:00:00,1.009202732240637,1.0003155839483096,1.010464921611646,0.9989878055504661,3043
2025-09-23 14:00:00,1.0026863025088728,1.009315581915232,1.0111613440748888,1.0013582551164444,634
2025-09-23 15:00:00,1.0034499269290345,1.0029632453701662,1.0049942225059247,1.0015473153268846,3614
2025-09-23 16:00:00,0.9992201030908882,1.0033544111427664,1.004792533541477,0.997940128111688,4650
2025-09-23 17:00:00,0.9973698480644531,0.9990766013824773,1.0007817030282933,0.9962432479309054,4045
2025-09-23 18:00:00,0.9979001710894801,0.9972174814995635,0.9995950394386378,0.9951793847039995,558
2025-09-23 19:00:00,0.9891800284337016,0.998047721332587,0.9991588384525952,0.9878170149014921,246
2025-09-23 20:00:00,0.9900681263716566,0.9893477510666939,0.9919644964620252,0.9879666782577198,963
2025-09-23 21:00:00,0.9972040293551848,0.9899877960625817,0.9985770575619228,0.9885874483526506,1805
2025-09-23 22:00:00,0.9955036357363026,0.9968850679670175,0.9988860356648253,0.9940344246821144,4633
2025-09-23 23:00:00,0.9964779151993233,0.9954027787078829,0.997573976549444,0.9937780932824586,2219
2025-09-24 00:00:00,1.0003213715485435,0.9965601197357061,1.0019171038715016,0.9951992400693039,4853
2025-09-24 01:00:00,0.9997065459234422,1.0003113660147227,1.0017552558147158,0.9978652803501239,583
2025-09-24 02:00:00,0.9975279452164492,0.999733531211029,1.0006387175924225,0.9958527518849337,3831
2025-09-24 03:00:00,0.9889939337024926,0.9974503075482124,0.9991290875579885,0.9875670820722967,3782
2025-09-24 04:00:00,0.9913976489002237,0.9891447385385944,0.99231252938009,0.9878557930970492,4801
2025-09-24 05:00:00,0.9909732673637404,0.9914486629853914,0.9928484126677787,0.9891642675044277,2662
2025-09-24 06:00:00,0.9871757029210347,0.9910601087373256,0.9928679064679871,0.9857429285998291,3067
2025-09-24 07:00:00,0.9876504405845761,0.9871992681148232,0.9889748691655026,0.9860860135999311,109
2025-09-24 08:00:00,0.985461639246553,0.9877279522910881,0.9889389661484392,0.9836815808120124,4419
2025-09-24 09:00:00,0.9834800412548698,0.9855292886619745,0.9872406491082629,0.9822191200527105,3193
2025-09-24 10:00:00,0.9857536330902774,0.9833428133144002,0.9871584745424635,0.981607344526229,3534
2025-09-24 11:00:00,0.980734699047813,0.9858085144786627,0.987160439697904,0.9800033458633028,1761
2025-09-24 12:00:00,0.9846621313705896,0.9808516042663509,0.9865157556106607,0.9794835134735174,480
2025-09-24 13:00:00,0.9794208082588955,0.9848318368088607,0.9859579908965744,0.9776108478311608,3661
2025-09-24 14:00:00,0.9769356779775633,0.9794817847467485,0.9808124862459969,0.9754687707426114,3690
2025-09-24 15:00:00,0.984146726205313,0.9767931857568667,0.9858787595914333,0.975140369802011,980
2025-09-24 16:00:00,0.9883743065614721,0.9840264434248601,0.9894915804873476,0.9828113155149587,4140
2025-09-24 17:00:00,0.98874032153333,0.9883097692934062,0.9907500392120953,0.986723521757779,105
2025-09-24 18:00:00,0.9852133332252004,0.9887683208885992,0.9901820485783678,0.983734404190322,3299
2025-09-24 19:00:00,0.9832285620750758,0.9851953053212821,0.9869281062543112,0.9816819433310928,525
2025-09-24 20:00:00,0.9835033445047722,0.9830627829383445,0.985236012396164,0.9809858363397514,3784
2025-09-24 21:00:00,0.9836440566260457,0.9833366581451614,0.9850745835775943,0.981476216507463,2257
2025-09-24 22:00:00,0.9833032906399484,0.9833345341210339,0.9846681848012433,0.981594704805259,1704
2025-09-24 23:00:00,0.9831876687121327,0.9828432362482478,0.9846497775469494,0.9811311272599753,3765
2025-09-25 00:00:00,0.9823837620507385,0.983168249663682,0.9848518641364192,0.9811781283944542,4036
2025-09-25 01:00:00,0.9769763417920885,0.9827237835783418,0.9839001339703782,0.9756489911800909,3059
2025-09-25 02:00:00,0.9750394265089853,0.9772391314235546,0.9783497231940286,0.9740251656549814,3693
2025-09-25 03:00:00,0.978469266711436,0.9748958511031113,0.9803726446361447,0.9738008222806112,173
2025-09-25 04:00:00,0.9733380130956193,0.9784911526980817,0.9797365810054747,0.9721368751974062,4125
2025-09-25 05:00:00,0.972627179927347,0.9731243396198234,0.9746865978720048,0.9711767373656482,2998
2025-09-25 06:00:00,0.9695531026944564,0.9724363559473392,0.9738318712859462,0.9684550863354069,869
2025-09-25 07:00:00,0.9699706668046993,0.9693788757003557,0.9713796853012512,0.9679353178797495,2462
2025-09-25 08:00:00,0.9685132923756988,0.9699379070337051,0.971806282409801,0.9671052763249468,3172
2025-09-25 09:00:00,0.9740535186193539,0.9684866335618989,0.975489711093179,0.9673569931462772,4003
2025-09-25 10:00:00,0.9759532054475673,0.9740905124141186,0.9773126615746521,0.9721799121887591,2638
2025-09-25 11:00:00,0.9710339435759027,0.976049806291518,0.9774277862955011,0.9699632404851688,1357
2025-09-25 12:00:00,0.9735510486194541,0.970984747959468,0.9748643324508345,0.9691980895633118,1346
2025-09-25 13:00:00,0.9706461041584713,0.9735563195147221,0.974817162394891,0.9698465663319727,3622
2025-09-25 14:00:00,0.9684823677658055,0.9704872034395157,0.9717948153470534,0.9670709693219938,4325
2025-09-25 15:00:00,0.9696591890912073,0.968286812181664,0.9715975019656496,0.9671807097753597,3195
2025-09-25 16:00:00,0.9678151362672193,0.9694415798724045,0.9710998794736396,0.9665534309173254,4015
2025-09-25 17:00:00,0.9711633455784303,0.9679097151172172,0.9725195179262162,0.9659255834017338,3152
2025-09-25 18:00:00,0.9697839335046142,0.9711141909381181,0.9728544649971813,0.968430202689045,2507
2025-09-25 19:00:00,0.9685911976415046,0.9695120809121691,0.9705037651251389,0.9674592677177042,2087
2025-09-25 20:00:00,0.9673535525692468,0.9685820432431287,0.9704323037742,0.9657610073537968,2497
2025-09-25 21:00:00,0.9662247860712208,0.9671725562506249,0.9689973169117208,0.964878568338466,162
2025-09-25 22:00:00,0.9670938159378781,0.9664656473844122,0.9691932801003851,0.9649712805288173,2934
2025-09-25 23:00:00,0.9673983714902105,0.9670098232592512,0.9691430410118987,0.965824118256597,1019
2025-09-26 00:00:00,0.9690003042350249,0.96749742841635,0.9705809088131857,0.9662954464557668,4510
2025-09-26 01:00:00,0.971271477279704,0.9691589560442716,0.9731045988443194,0.9679315643971526,4236
2025-09-26 02:00:00,0.9695846168413852,0.9711325946890365,0.9724049390549783,0.967897995368371,2521
2025-09-26 03:00:00,0.969219119794178,0.969595672789436,0.9709345279019154,0.967831245434366,3122
2025-09-26 04:00:00,0.9673576794142058,0.9692994300078855,0.9707318222114588,0.9662108556740735,284
2025-09-26 05:00:00,0.9659745523009079,0.9673744216135304,0.969220074859171,0.9644786964258354,2932
2025-09-26 06:00:00,0.9647684532886011,0.966026809094064,0.9672262444436118,0.9632982968084011,4265
2025-09-26 07:00:00,0.9630498674396352,0.9645763783769195,0.9657429991609849,0.9614395702088907,2675
2025-09-26 08:00:00,0.9613376027121571,0.9631297598173266,0.964639984106111,0.9600345484008201,4317
2025-09-26 09:00:00,0.9607144614579327,0.9612675429663593,0.9629154172360695,0.9592957469874241,476
2025-09-26 10:00:00,0.958804399355869,0.9607647197634694,0.9620006913377094,0.9572449005579817,4876
2025-09-26 11:00:00,0.9593649517068342,0.9589367901140265,0.9609969517804599,0.9577882440612414,1803
2025-09-26 12:00:00,0.9578136474619332,0.9594610407942402,0.9612909627349313,0.9561222760851479,233
2025-09-26 13:00:00,0.9607351302260488,0.9578639015555653,0.962522230637814,0.9564180594688407,3133
2025-09-26 14:00:00,0.9597434688848916,0.9608275719918162,0.9623689083233034,0.9586208606385225,3111
2025-09-26 15:00:00,0.9593798900551921,0.9598425360430705,0.9612555305806427,0.9582598396410823,715
2025-09-26 16:00:00,0.9573754806338328,0.9595946534766674,0.9615292097513314,0.9559679659378337,1799
2025-09-26 17:00:00,0.958972790743586,0.9573705825796892,0.9604156815331771,0.9560904188678565,4612
2025-09-26 18:00:00,0.9598661915605495,0.9589963972598173,0.9615767752301243,0.9573393015571726,1026
2025-09-26 19:00:00,0.9597724906054329,0.9600003773729487,0.9620038875166322,0.9584153968487026,455
2025-09-26 20:00:00,0.9577063275468974,0.9597020435079098,0.961378585456748,0.9561826991720457,4126
2025-09-26 21:00:00,0.957509127800167,0.9575145479279259,0.9586643944325988,0.95631663284797,3430
2025-09-26 22:00:00,0.9557134105449463,0.9575798358040171,0.9586581607134144,0.9542864336979545,2544
2025-09-26 23:00:00,0.9570182368611143,0.9556838352814359,0.9583683131815579,0.9538706103587904,1576
2025-09-27 00:00:00,0.9575392705393381,0.9568447986235661,0.9591793914270844,0.955451041314781,4369
2025-09-27 01:00:00,0.9572037973855233,0.9576111386346711,0.9591746695469793,0.955926781508704,4332
2025-09-27 02:00:00,0.9538301465896265,0.9574085560575505,0.9594708557004459,0.9526465783303724,104
2025-09-27 03:00:00,0.9522000474152357,0.9535973704501488,0.9551499487066221,0.950777109333946,4151
2025-09-27 04:00:00,0.9525753607731555,0.9523461236554075,0.9539106500837617,0.9505145170571363,2417
2025-09-27 05:00:00,0.9535808212032233,0.9522124659343886,0.9546869724470118,0.9511721839513704,1732
2025-09-27 06:00:00,0.9544618249770138,0.9535235124570898,0.956231522438673,0.9521061130774148,1806
2025-09-27 07:00:00,0.9521014093743241,0.9547246786461171,0.956151099488717,0.9511627912173046,2364
2025-09-27 08:00:00,0.9520132721424995,0.9520545240465619,0.9530523844400579,0.950702470451714,2911
2025-09-27 09:00:00,0.952781890402279,0.952026125893718,0.9542174260876806,0.9505218444907138,4799
2025-09-27 10:00:00,0.9503418877235803,0.9528906379580776,0.954032263298801,0.949366943883073,222
2025-09-27 11:00:00,0.9498824023051324,0.950097320525826,0.951400852455031,0.9485843337299393,3078
2025-09-27 12:00:00,0.9497610131831026,0.9498926732297961,0.9513190790189167,0.9482535944463432,421
2025-09-27 13:00:00,0.9489500956812865,0.9497701534332198,0.9509358879380689,0.9474893374864668,129
2025-09-27 14:00:00,0.946277501454805,0.9492144365469074,0.9504954244650149,0.9447618606279619,1585
2025-09-27 15:00:00,0.9454366637227166,0.9461022542515324,0.9473093537951043,0.9442949345449261,3908
2025-09-27 16:00:00,0.9445938972064106,0.9453826037662372,0.9465962305128339,0.9430947961706474,1793
2025-09-27 17:00:00,0.9439662103209533,0.9444624467317566,0.9455929348549933,0.9427201772530025,1870
2025-09-27 18:00:00,0.9428400446104432,0.9438199175902826,0.9450976267281103,0.9412238199046459,4522
2025-09-27 19:00:00,0.9418584300265535,0.9429993226748213,0.9441593065389462,0.9410985343144509,1451
2025-09-27 20:00:00,0.941360782487737,0.9418621933283702,0.9434398906868248,0.9400305293873231,3862
2025-09-27 21:00:00,0.9414417280137006,0.9412823273665223,0.9429106030705354,0.9398422386675958,4177
2025-09-27 22:00:00,0.9406264158982727,0.9413686630836038,0.9431167369174819,0.9388346828444594,3274
2025-09-27 23:00:00,0.939684837184231,0.9405470275066581,0.9424884267329119,0.9382508413700936,4840
2025-09-28 00:00:00,0.9393456620301364,0.9396180774403279,0.9412179686274567,0.9378835839158723,4920
2025-09-28 01:00:00,0.9365905629190622,0.9391680218936181,0.9406992314273415,0.935080172893344,403
2025-09-28 02:00:00,0.9367130050717339,0.9365542096199646,0.9383261196446709,0.9347970051891842,933
2025-09-28 03:00:00,0.9362623293551864,0.936662558317657,0.938198006671487,0.9349652018667272,2012
2025-09-28 04:00:00,0.9358599615871035,0.9361559506157046,0.93757383442533,0.9348501034575332,3363
2025-09-28 05:00:00,0.9365628427562168,0.9358817431714881,0.9379594473821835,0.9349249170263046,1470
2025-09-28 06:00:00,0.9337694641201589,0.9365964429769115,0.9377108959086368,0.9321827483483194,3223
2025-09-28 07:00:00,0.9309508634763282,0.9336917324394395,0.9353224565996942,0.9294920987579056,4498
2025-09-28 08:00:00,0.9308294280907163,0.9309307388299592,0.9323182439331066,0.9295047672827546,130
2025-09-28 09:00:00,0.9303708878645621,0.9311306761917206,0.9329308096000437,0.9291389171001435,4351
2025-09-28 10:00:00,0.9301251001963925,0.9306667280941296,0.9323172730066289,0.9286794534347304,2481
2025-09-28 11:00:00,0.9291205477061856,0.9299781936681747,0.9311973991354959,0.9276684094368393,4515
2025-09-28 12:00:00,0.9294677721152735,0.9289930552748206,0.9312096015184096,0.9274650577138428,3433
2025-09-28 13:00:00,0.9301369387268629,0.9293199635971328,0.9308175919296656,0.9282341218084652,309
2025-09-28 14:00:00,0.9302677174796047,0.9302844402002615,0.9322185297858756,0.929364698857036,4521
2025-09-28 15:00:00,0.9295047233295192,0.9302121522496536,0.9312331819723719,0.9283652045091191,345
2025-09-28 16:00:00,0.9265254960643818,0.9295380329741355,0.9310654414354562,0.9255112644212763,1326
2025-09-28 17:00:00,0.9269985795140264,0.926803173946575,0.9285079416369615,0.925802829181839,2801
2025-09-28 18:00:00,0.9280146539134876,0.9269971227916559,0.9297195236087494,0.9251680793102828,4529
2025-09-28 19:00:00,0.9283381240078684,0.9281129995555034,0.9296390886606422,0.9273518556772405,917
2025-09-28 20:00:00,0.9268325530950274,0.928410475441632,0.929204163362378,0.925311702980768,2737
2025-09-28 21:00:00,0.9271911063674287,0.9267507446104619,0.9284908554947838,0.9251076697475177,652
2025-09-28 22:00:00,0.9277737420169825,0.9273385057339176,0.9291044027211582,0.9256720019932885,1764
2025-09-28 23:00:00,0.9291943215143413,0.9276553114419622,0.9300168837209528,0.9261842392348232,1375
2025-09-29 00:00:00,0.9276929896052678,0.9293807710770611,0.930784937838537,0.9259341088293611,2196
2025-09-29 01:00:00,0.9269712441038148,0.9276113070824573,0.9287025789307375,0.9250848391574672,3576
2025-09-29 02:00:00,0.9274179705651869,0.9269047527258085,0.9289896894777452,0.9255977141218181,3631
2025-09-29 03:00:00,0.9270368626509127,0.9272666103146296,0.9285887281127272,0.9255218605285901,3391
2025-09-29 04:00:00,0.9252460695284511,0.9269085875428502,0.9288408052475827,0.9235040733860905,234
2025-09-29 05:00:00,0.9252936090704832,0.9251868371834466,0.9266104373419025,0.924038166395683,3947
2025-09-29 06:00:00,0.9255380030310614,0.9249560632471391,0.9270458130775594,0.9236357577150636,3269
2025-09-29 07:00:00,0.9251935585066586,0.9255056213942043,0.926834272016381,0.9239794699952716,407
2025-09-29 08:00:00,0.9250070604192746,0.9251230765432648,0.9260601267733097,0.9234916274638165,4739
2025-09-29 09:00:00,0.9242466133372518,0.9251165851816332,0.9264461935111278,0.9233865369592477,3855
2025-09-29 10:00:00,0.9255705480601111,0.9243053381143247,0.9271681050696995,0.9225180724060124,3489
2025-09-29 11:00:00,0.9240397174396558,0.9254724652963287,0.9270254036194666,0.9225056830955485,2504
2025-09-29 12:00:00,0.9228849325243393,0.923976239001655,0.9252793706875105,0.9213372707800769,3994
2025-09-29 13:00:00,0.9224481151405723,0.9228524690792276,0.9238330066716578,0.9217184533731152,1633
2025-09-29 14:00:00,0.9230528599738134,0.9226538576076833,0.9246159000665366,0.9215573093272855,3651
2025-09-29 15:00:00,0.9208060121696999,0.9229392825097734,0.9244363712590038,0.9190130732595826,3090
2025-09-29 16:00:00,0.9187836560699814,0.9207068165194141,0.9223174656358806,0.9174543798701457,3090
2025-09-29 17:00:00,0.9158883818606997,0.9186286075031186,0.9199271232234271,0.9149882643200954,4017
2025-09-29 18:00:00,0.9154776161310035,0.9156848657652528,0.9165954799634516,0.9140435326693743,948
2025-09-29 19:00:00,0.9136856491503557,0.9155196918517751,0.9170365270313101,0.9121289595727224,608
2025-09-29 20:00:00,0.9127741890183342,0.913713429888876,0.915080087588411,0.9112594879769406,2820
2025-09-29 21:00:00,0.9131178428462042,0.9129498859287262,0.9148687509960008,0.911621410469991,4055
2025-09-29 22:00:00,0.9118979915812648,0.9132602916635884,0.9146359991293342,0.910219489145808,1342
2025-09-29 23:00:00,0.9117255300085568,0.9122258184573222,0.9135809707552418,0.9105499543885109,2890
2025-09-30 00:00:00,0.9109163245192547,0.9117154362220732,0.9131958358818225,0.9094023572576032,4790
2025-09-30 01:00:00,0.9112728616973704,0.9108807124910812,0.9124765808649258,0.9094768918242329,3138
2025-09-30 02:00:00,0.9113930153781881,0.9110951091159657,0.9125837132441944,0.9097644077826039,485
2025-09-30 03:00:00,0.9101126949427786,0.9114881100731741,0.9128265503981876,0.9088510048250111,4406
2025-09-30 04:00:00,0.909460312838698,0.9101288652710248,0.9112419338375655,0.9081898674631103,4882
2025-09-30 05:00:00,0.9102628049159626,0.9095492363627299,0.9115656379990399,0.9081750344298173,3578
2025-09-30 06:00:00,0.9102848571602675,0.910107265786883,0.9121799504459736,0.9088217762941785,3091
2025-09-30 07:00:00,0.9081585026909662,0.9103327540103445,0.9119790547696166,0.9065965418348683,2959
2025-09-30 08:00:00,0.9084952443643719,0.9081864661225247,0.909941942532372,0.9069698052892352,3153
2025-09-30 09:00:00,0.9067437116174484,0.9085141547365896,0.910296362383665,0.904956984650075,1746
2025-09-30 10:00:00,0.9079887273014016,0.9066506519560904,0.9091260114848981,0.9054468410058659,3259
2025-09-30 11:00:00,0.9087676459092108,0.9081508502655647,0.9108097667314233,0.9065368569030703,2600
2025-09-30 12:00:00,0.9086655084803129,0.9090471024760297,0.9102845679124677,0.90703993763457,3980
2025-09-30 13:00:00,0.9084041878924364,0.9085142123057894,0.9104228982877893,0.9069963806449156,4199
2025-09-30 14:00:00,0.9077033491852035,0.9085022803044129,0.9104082947810429,0.9063208915740825,3578
2025-09-30 15:00:00,0.9080675779268835,0.9073113568227188,0.9089520639505115,0.9061478408495316,4978
2025-09-30 16:00:00,0.907172644123529,0.9081585596252474,0.9099185903490328,0.9059526070795958,2298
2025-09-30 17:00:00,0.9070053279682969,0.9069182080933299,0.9082885838293345,0.9054978966335706,3805
2025-09-30 18:00:00,0.9076016492081203,0.9069338587836868,0.9088084049493644,0.9055847458530113,1779
2025-09-30 19:00:00,0.9064774813558896,0.9074231151148685,0.9089255031294394,0.9047960333846305,3971
2025-09-30 20:00:00,0.9052880500679007,0.9064482027794143,0.9075323987448219,0.9040535784051879,1410
2025-09-30 21:00:00,0.9034048114910314,0.9054017156073437,0.9068928747999537,0.9021565041928128,3527
2025-09-30 22:00:00,0.90167744419568,0.9031536068695252,0.9042516350865253,0.900775243041129,169
2025-09-30 23:00:00,0.8990333698219501,0.9016289665601828,0.9030252766692638,0.89751125386005,3858
2025-10-01 00:00:00,0.8994591643687688,0.8989641066853783,0.9011686843481773,0.8974656386170355,1523
2025-10-01 01:00:00,0.9011798618192681,0.899672885753938,0.9026361282658901,0.8980569580028039,1291
2025-10-01 02:00:00,0.9024402565514325,0.9012383075964722,0.9036965098125603,0.899604862863964,1736
2025-10-01 03:00:00,0.9000389551650806,0.9022813253623375,0.9037775711222391,0.8984758719466182,2176
2025-10-01 04:00:00,0.900458780770948,0.8999752979907917,0.9014295256969361,0.898400094123139,728
2025-10-01 05:00:00,0.9017153083908562,0.9006692552229286,0.9028409572702271,0.8991516497575497,2824
2025-10-01 06:00:00,0.9007171364139699,0.901811824553228,0.9030466347728136,0.8991595911262819,707
2025-10-01 07:00:00,0.9003888733307499,0.9005931213350694,0.9021562460070403,0.8995358345699684,2792
2025-10-01 08:00:00,0.8975294016697843,0.9003529177816721,0.9018084767779915,0.8964792359171252,1906
2025-10-01 09:00:00,0.8973994850713564,0.8974977536454768,0.8989879303032929,0.8963934627439236,3026
2025-10-01 10:00:00,0.8956732133960347,0.8973272066711396,0.8986633587465616,0.8939884055932539,841
2025-10-01 11:00:00,0.8954627754175285,0.8954434986974268,0.8965942554117603,0.8943106378757911,4870
2025-10-01 12:00:00,0.8931393319109019,0.8953719938266027,0.8971104315544289,0.8919665137267905,173
2025-10-01 13:00:00,0.893340761780275,0.8933254861658269,0.8944937627220916,0.8919836908608744,4290
2025-10-01 14:00:00,0.894120176990787,0.8932896434338404,0.8955737586102364,0.8922820628345681,1824
2025-10-01 15:00:00,0.8927303611567289,0.8941063503431652,0.8954154221166511,0.8912893484515046,4156
2025-10-01 16:00:00,0.8909160540590364,0.8927491406399473,0.8942359886162868,0.890149079627849,3022
2025-10-01 17:00:00,0.8878788264079764,0.891211470175788,0.892382008693248,0.886860648614101,4168
2025-10-01 18:00:00,0.8871091301670863,0.8878800073415892,0.8894908228930022,0.8857255549751503,2819
2025-10-01 19:00:00,0.8859612174459484,0.8872545091406783,0.888949781200935,0.8849622880843017,3987
2025-10-01 20:00:00,0.8836499941511307,0.8858819301601182,0.8874701999421598,0.8819801307739749,3312
2025-10-01 21:00:00,0.8837436166587053,0.8836156077850355,0.8851110221963893,0.8822777226125049,3428
2025-10-01 22:00:00,0.8827536522004676,0.8837452788030309,0.8849541767612827,0.8811297200089472,2900
2025-10-01 23:00:00,0.8810127690500934,0.8826513490494609,0.8847187631582161,0.879596651154621,1357
2025-10-02 00:00:00,0.8798972821633249,0.8809858814418713,0.8820439690425576,0.8785805853317246,4259
2025-10-02 01:00:00,0.8807328476100404,0.8800146025077531,0.8822867852252009,0.878956814743704,4293
2025-10-02 02:00:00,0.8810063719425467,0.8806270786683106,0.882415837182525,0.8790599939808313,3643
2025-10-02 03:00:00,0.8804003406687485,0.8810063836999803,0.8823104668153638,0.8789631959321124,1470
2025-10-02 04:00:00,0.8806932666909063,0.8804939671987717,0.882063228117222,0.8786221466873747,2095
2025-10-02 05:00:00,0.8788501723432423,0.8805845793715428,0.8817683337878702,0.8773134851428923,3651
2025-10-02 06:00:00,0.8784390164641147,0.8789945104754331,0.8804247116755445,0.877226086223307,1015
2025-10-02 07:00:00,0.8781658032606985,0.8784486170310405,0.8798493330646933,0.8767723065174063,643
2025-10-02 08:00:00,0.8771519994505,0.8781440776227104,0.8801644182853833,0.8757251877000594,2073
2025-10-02 09:00:00,0.8772245494536489,0.8768877599673731,0.8788221917383809,0.8752658704729583,2781
2025-10-02 10:00:00,0.8758380293080755,0.8771754658559082,0.8786247718250183,0.8741769490697886,4478
2025-10-02 11:00:00,0.8759998141574069,0.8758868565411984,0.8774650707342277,0.8746154239193145,1662
2025-10-02 12:00:00,0.8762120446832444,0.8762292080065474,0.8780270735886904,0.8752172428790772,1159
2025-10-02 13:00:00,0.872261452826408,0.8762863468560359,0.877340799329709,0.8714381702373233,3551
2025-10-02 14:00:00,0.8732398196706201,0.8724089713552803,0.8745018085476629,0.8713976416151876,4387
2025-10-02 15:00:00,0.8691326605921968,0.8730821888293692,0.8738886208272317,0.8679832612723455,4290
2025-10-02 16:00:00,0.8679434017615295,0.8691161493799523,0.870563559703409,0.8662497832714915,3199
2025-10-02 17:00:00,0.8687238194026388,0.8681024754883149,0.8702479537537697,0.8664033805756457,176
2025-10-02 18:00:00,0.8678930753323358,0.868608250732469,0.869650868028127,0.8663412408406738,3299
2025-10-02 19:00:00,0.8656836521533724,0.8680184119499245,0.8696896350214891,0.8640655858179362,660
2025-10-02 20:00:00,0.8639211676793124,0.8657786814772522,0.8668882465359763,0.8628086253952462,3958
2025-10-02 21:00:00,0.8647034545748972,0.8639568008524926,0.865911669749675,0.8630528353054897,4635
2025-10-02 22:00:00,0.8619476491382388,0.8646609559066469,0.8659847952483201,0.8609150001388295,3092
2025-10-02 23:00:00,0.8628524384593933,0.8618199950613643,0.8645593839827795,0.8610524408525364,1272
2025-10-03 00:00:00,0.8623363159405426,0.8630820845653744,0.8641535724958476,0.8613309926870031,1563
2025-10-03 01:00:00,0.8604554415440117,0.8624178693717951,0.8637837340862676,0.8592953618303821,3680
2025-10-03 02:00:00,0.8593057034572484,0.8604993455508051,0.8619880508565751,0.8579737700744522,3823
2025-10-03 03:00:00,0.8576350342479264,0.8592525922960577,0.8606853068259184,0.8563137298313283,4081
2025-10-03 04:00:00,0.8582245044889567,0.8576399096020073,0.8596677122461763,0.8565301317611502,598
2025-10-03 05:00:00,0.8586534178606721,0.8582457197459827,0.8601375574180045,0.8568111808916197,3728
2025-10-03 06:00:00,0.8561404245000208,0.8587047703214433,0.8598465047935164,0.8550284110180731,4806
2025-10-03 07:00:00,0.8552061139577977,0.8562346263456848,0.857950455394435,0.8539207277000408,257
2025-10-03 08:00:00,0.8537202911629845,0.8551059121849657,0.8563580254727391,0.8527239950351169,2212
2025-10-03 09:00:00,0.8548225031251357,0.8535322391496175,0.8560422028004466,0.8519708201999041,3703
2025-10-03 10:00:00,0.8527523841833841,0.8548332837296654,0.85645716956371,0.8514679255741547,2692
2025-10-03 11:00:00,0.8542274591090061,0.8525285060293979,0.8553472060379225,0.8510732035501636,4811
2025-10-03 12:00:00,0.8537375054215858,0.8541860108794359,0.8555486471886388,0.8527683921359823,3413
2025-10-03 13:00:00,0.8518931841339297,0.8536724391197303,0.8547655455291,0.8505707671289469,1907
2025-10-03 14:00:00,0.8506304551131185,0.8519559285322097,0.8538747558273482,0.8492084560814362,3148
2025-10-03 15:00:00,0.8492185125041963,0.8508830038289241,0.8527449972440546,0.8484653917230188,3580
2025-10-03 16:00:00,0.8472389704217778,0.8489713825604831,0.8502142208794325,0.8456712147758477,3929
2025-10-03 17:00:00,0.8469027626534542,0.847527872459522,0.848930307146429,0.8459498508490774,1454
2025-10-03 18:00:00,0.844979263992624,0.8468732211019931,0.8481420081162147,0.8436583332039853,4588
2025-10-03 19:00:00,0.8419128245421382,0.8450231876811253,0.8461980098039625,0.8401984283013642,4987
2025-10-03 20:00:00,0.8410072127771204,0.8417343419347236,0.8430260360399763,0.8395047778616916,1156
2025-10-03 21:00:00,0.838393785341419,0.8411325784165096,0.8423799570972318,0.8375109410710839,1120
2025-10-03 22:00:00,0.837041192299738,0.8383989924746102,0.8392726958851174,0.8358303373256489,1985
2025-10-03 23:00:00,0.8355002688334139,0.8370334888939521,0.8383526661139655,0.8339378591621626,1597
2025-10-04 00:00:00,0.8340048095469829,0.8352579005578478,0.8364983260344427,0.8329581606201175,1013
2025-10-04 01:00:00,0.835955965268891,0.8340140631799959,0.8372881949670191,0.832850382317252,922
2025-10-04 02:00:00,0.8355736591494946,0.8360619780490226,0.8372959069937821,0.834417529952241,3578
2025-10-04 03:00:00,0.835418104360289,0.8355440504320312,0.8367068673801825,0.834022110952127,4780
2025-10-04 04:00:00,0.8328364264046783,0.8355647917583259,0.8370326434883405,0.831971190499647,569
2025-10-04 05:00:00,0.8316016706443139,0.8329777440323197,0.8343581531765267,0.8301980658474689,2899
2025-10-04 06:00:00,0.8314100338002437,0.8315217186742389,0.8331170400447871,0.8303182591954589,1471
2025-10-04 07:00:00,0.8297305991047481,0.8316085610168987,0.832976304642717,0.8284888252040052,1310
2025-10-04 08:00:00,0.8303702745169697,0.8297362408435422,0.831566603946742,0.8285467033614846,2903
2025-10-04 09:00:00,0.8284770386138884,0.8303764564366783,0.8317724655632243,0.8270852551391285,759
2025-10-04 10:00:00,0.8276833992508502,0.8284893273811064,0.8292390562903107,0.8264470985278684,507
2025-10-04 11:00:00,0.8265301372828795,0.8276919929844214,0.8294534146385153,0.8249331733337554,4386
2025-10-04 12:00:00,0.8262773220741378,0.8262041543508839,0.8275847522843783,0.824719475529,2285
2025-10-04 13:00:00,0.8250587339879113,0.8262543640230323,0.8280326434483521,0.824018002268289,407
2025-10-04 14:00:00,0.8242836616354262,0.8248900921691208,0.8259115415828685,0.8227096183503987,4395
2025-10-04 15:00:00,0.8235503055252926,0.8244845670250932,0.8254437613244849,0.8222360659313052,3251
2025-10-04 16:00:00,0.8222190402164231,0.8237459216705662,0.8250694887605229,0.8209438072595084,3718
2025-10-04 17:00:00,0.8223511528586196,0.822324129086902,0.8236741188470071,0.8208813446500618,3089
2025-10-04 18:00:00,0.8221872189084245,0.8223217431267537,0.8236384541142376,0.8212107438053465,2421
2025-10-04 19:00:00,0.8216308821741207,0.8220629864781835,0.8233412369656371,0.8207384525761593,3881
2025-10-04 20:00:00,0.8206643321739664,0.8215499341831314,0.8226262886762727,0.8194271951040355,1789
2025-10-04 21:00:00,0.8211701850105904,0.8209036181160227,0.8220360213204373,0.8198212259360167,3441
2025-10-04 22:00:00,0.8204371839180133,0.8210849993394136,0.8223853472888876,0.8186961213946063,4423
2025-10-04 23:00:00,0.8196191471726222,0.8201475802596965,0.8210616378920189,0.8185776545358087,4198
2025-10-05 00:00:00,0.8192947752084879,0.8197457485554275,0.8206362384986903,0.8180559407131209,2817
2025-10-05 01:00:00,0.820880679228053,0.8194795353107515,0.8220182642601164,0.8182009403138247,286
2025-10-05 02:00:00,0.8188222517784275,0.8210844696368257,0.8224184929625279,0.8172915599967805,175
2025-10-05 03:00:00,0.8192960800500939,0.8189498589458689,0.8210135931755193,0.8179653668098132,2208
2025-10-05 04:00:00,0.8165742746566081,0.8194432495589324,0.820908002357494,0.8157443245847817,3348
2025-10-05 05:00:00,0.8163850024464825,0.8165807568442345,0.8181563515509166,0.814818906243774,496
2025-10-05 06:00:00,0.817825101839613,0.8161302954445228,0.8192122137732275,0.8148838026823765,2112
2025-10-05 07:00:00,0.8179615040689737,0.817828522682409,0.8192784679909934,0.816402878962789,2085
2025-10-05 08:00:00,0.8177162541632215,0.8180377445928466,0.8198790266150863,0.816279519205298,2348
2025-10-05 09:00:00,0.8165937148006578,0.8176996850615226,0.8186005049597556,0.8151164946697085,2848
2025-10-05 10:00:00,0.816180971441244,0.8165715755507981,0.8176946657916409,0.815049221475882,1467
2025-10-05 11:00:00,0.81542849606276,0.8160630460428565,0.8172041942463243,0.8143641013842461,3009
2025-10-05 12:00:00,0.8140353241332424,0.8153061784543736,0.8167454475344273,0.8133017782700358,2318
2025-10-05 13:00:00,0.8132374733946726,0.8142595518213233,0.8152406146501838,0.8122603445235603,4631
2025-10-05 14:00:00,0.8130255307874242,0.8134660571125103,0.814871801737267,0.8117908333639309,1690
2025-10-05 15:00:00,0.8116548703051875,0.813025208503879,0.814383833492045,0.8106081755028933,4616
2025-10-05 16:00:00,0.8102373321203659,0.8116890854453954,0.8131021427803095,0.8092992962634216,4814
2025-10-05 17:00:00,0.8081550399952553,0.8101184293130187,0.81152346092698,0.8069305829040191,1617
2025-10-05 18:00:00,0.8081739100265619,0.8082329368295993,0.8098181666333215,0.8066360499448852,2096
2025-10-05 19:00:00,0.8083782979409224,0.8083872793569103,0.8095879128452541,0.8071793150906278,3525
2025-10-05 20:00:00,0.8082062904740063,0.8081929078505318,0.809547142996936,0.8072552639906119,2346
2025-10-05 21:00:00,0.8089144950652807,0.8082625767627785,0.8099491251898521,0.8067404201816913,3592
2025-10-05 22:00:00,0.8085699362297776,0.808979870642335,0.8099586942747016,0.8075448597543108,1369
2025-10-05 23:00:00,0.8085903493546165,0.808633928860207,0.8102749214412871,0.8070186021211115,4790
2025-10-06 00:00:00,0.8085049542653816,0.808789583288128,0.809805360100617,0.8073560202790753,3520
2025-10-06 01:00:00,0.8079451062420797,0.8087517029079931,0.8101190640536007,0.8067081915429988,511
2025-10-06 02:00:00,0.8068581200483241,0.8079168480118711,0.8092556780504063,0.8052700070924794,1291
2025-10-06 03:00:00,0.8090651031872744,0.806939816247303,0.8105638916536113,0.8060542534111691,3124
2025-10-06 04:00:00,0.8087261399523843,0.8090753214872273,0.8098861016342134,0.8077678250173507,1535
2025-10-06 05:00:00,0.808226731669044,0.8086495060807967,0.8100779353727481,0.8070935690090607,2095
2025-10-06 06:00:00,0.8085522390366316,0.8082595767779803,0.8097509908225697,0.8070806998279183,3268
2025-10-06 07:00:00,0.8087411298481029,0.8086336994297374,0.8098086901893936,0.8067795625851514,1801
2025-10-06 08:00:00,0.8076875361873951,0.8087674114374208,0.80991816808827,0.8066911877014578,4530
2025-10-06 09:00:00,0.8085295448783179,0.8075806670310559,0.8099938171394121,0.8066842295037172,3125
2025-10-06 10:00:00,0.8084588989468047,0.8084733294196439,0.8098633711391147,0.8074731858140296,2155
2025-10-06 11:00:00,0.8076257006253929,0.8084036685643589,0.8095841128335776,0.8063580190902772,1469
2025-10-06 12:00:00,0.8085172887111582,0.8075235310500432,0.809453768220705,0.8061914092905323,1548
2025-10-06 13:00:00,0.8089865453898554,0.8085553361066031,0.809940693747325,0.8075134634715214,275
2025-10-06 14:00:00,0.8080381388958945,0.8090372229678762,0.8104318233029074,0.8068209822856824,522
2025-10-06 15:00:00,0.8093710260260878,0.8081570578707405,0.8102748322557123,0.806470684207806,3911
2025-10-06 16:00:00,0.8098651240523624,0.8092668422616803,0.8110512149786572,0.8080435000575243,3866
2025-10-06 17:00:00,0.8098574769656437,0.8097949727375878,0.811723649073685,0.8085021996710305,525
2025-10-06 18:00:00,0.8110501410698601,0.8100466020316375,0.8123785343463019,0.808370407572891,2807
2025-10-06 19:00:00,0.8111696144077323,0.8110301259628653,0.8125669958295236,0.8099832367162418,1708
2025-10-06 20:00:00,0.8111485521014042,0.8111732805188449,0.8121318061796461,0.8101176006362728,3518
2025-10-06 21:00:00,0.8106533270143877,0.8111272598392559,0.8120447649785296,0.8095515718310519,3015
2025-10-06 22:00:00,0.811089714843868,0.8107911754609377,0.8124999943368602,0.8097029957260289,4017
2025-10-06 23:00:00,0.811447167069361,0.8112323439690151,0.8125956037035136,0.8104584699977736,3156
2025-10-07 00:00:00,0.8114581771742784,0.8115826653417789,0.813085556031977,0.810207396965796,1079
2025-10-07 01:00:00,0.8108656874088777,0.8114614085889453,0.8127125256693939,0.8095966158003112,3364
2025-10-07 02:00:00,0.8109631347995022,0.8107595603965952,0.8130448032356177,0.8095883330240563,4190
2025-10-07 03:00:00,0.8109107857101806,0.8111973112069341,0.8122987746157366,0.8096342164989345,4973
2025-10-07 04:00:00,0.80991067997113,0.8110148157780493,0.8123242303324273,0.8086331004193279,3548
2025-10-07 05:00:00,0.8088068207076369,0.8098552776362968,0.8108757947387975,0.8079129642835639,2066
2025-10-07 06:00:00,0.8092306857417442,0.8089796503929196,0.8107193659353572,0.8076957314736057,2594
2025-10-07 07:00:00,0.8072792695054554,0.8091658278456665,0.8105076500850703,0.8059330880343186,773
2025-10-07 08:00:00,0.8074333274006763,0.8074501268468772,0.8084526708213184,0.8066090432945272,3220
2025-10-07 09:00:00,0.807074765107361,0.8076122903288372,0.8087702929300349,0.8055098997536765,775
2025-10-07 10:00:00,0.808055950062521,0.8069630736618805,0.8096248314414856,0.8060505675034749,1375
2025-10-07 11:00:00,0.8076858489056555,0.808126431754846,0.8096654874230783,0.8067501217784967,2600
2025-10-07 12:00:00,0.8081804620663444,0.8077806715923382,0.8090740520969201,0.8065194359980619,2444
2025-10-07 13:00:00,0.8078827766854161,0.8084973430820858,0.8096204690755257,0.8065413603372514,1980
2025-10-07 14:00:00,0.8079680878005306,0.8077928133432281,0.8096457681111588,0.8063923611324538,3271
2025-10-07 15:00:00,0.8085207151987207,0.8081418239377609,0.8097172018784798,0.8067929706877377,4574
2025-10-07 16:00:00,0.8081737984114773,0.8085228179883129,0.8098037950809718,0.8070875408216077,4622
2025-10-07 17:00:00,0.8089212145748511,0.8080231735380106,0.8104080761371437,0.8067834464561335,2603
2025-10-07 18:00:00,0.8081759411670213,0.8089066689632648,0.8098201918410181,0.8070404548683765,2803
2025-10-07 19:00:00,0.8083968857989401,0.8081762400428009,0.809405838475058,0.8069213835752708,2314
2025-10-07 20:00:00,0.809088865591031,0.8082683753591702,0.8102482011581755,0.8070381258044648,4495
2025-10-07 21:00:00,0.8095838937098737,0.8091267752011105,0.811115130231435,0.8080350291239782,4325
2025-10-07 22:00:00,0.8110212273674253,0.8097004142555705,0.8125102052486074,0.8085683627446785,366
2025-10-07 23:00:00,0.8104486478794424,0.8110501847771266,0.8124651713121049,0.8096833098549346,4000
2025-10-08 00:00:00,0.8094142859409309,0.8103828614274379,0.811587473869782,0.807998588782889,246
2025-10-08 01:00:00,0.8086685346095596,0.8093962762374325,0.8109075733467377,0.8073833441897037,3598
2025-10-08 02:00:00,0.8091638665344709,0.8086679831615371,0.8103648327487107,0.8080141820302952,1759
2025-10-08 03:00:00,0.8095373087351729,0.8091902560292871,0.8109162668183191,0.8077833222173803,2684
2025-10-08 04:00:00,0.8096140012299085,0.8096720889137887,0.8111323181929145,0.8084124598449421,3936
2025-10-08 05:00:00,0.8087717834430781,0.8096469918098087,0.8112961146961314,0.807785928356059,1249
2025-10-08 06:00:00,0.8093469339130749,0.8086014932107394,0.8105715588830114,0.8076364502273328,751
2025-10-08 07:00:00,0.808428405329837,0.8092787444639482,0.8104276966033,0.8073826762269601,2880
2025-10-08 08:00:00,0.8092976175166197,0.8084485593959791,0.8108502732931028,0.8074607773397376,4206
2025-10-08 09:00:00,0.8114406963339745,0.8094344415698452,0.8130161537028796,0.8084113417611994,667
2025-10-08 10:00:00,0.8117155346939032,0.8115987186517108,0.812825139806996,0.8099670159859954,1999
2025-10-08 11:00:00,0.8121528657956465,0.8119317320618116,0.8131262227866735,0.8106230794511453,2730
2025-10-08 12:00:00,0.8117832209689748,0.8121687703821022,0.8137076762278097,0.8100697064333905,1214
2025-10-08 13:00:00,0.8104255609781597,0.8118760117589883,0.8127168135189691,0.8091550393334329,4272
2025-10-08 14:00:00,0.809973521455887,0.8102488496785333,0.8110767718661004,0.8086178042051566,3032
2025-10-08 15:00:00,0.8091538500250629,0.8100256975053838,0.811198575288395,0.8081539070493376,2623
2025-10-08 16:00:00,0.8080685965927517,0.8090235169520478,0.8102604533421343,0.8068972272356197,780
2025-10-08 17:00:00,0.8093603665492484,0.8080610040807917,0.8103170421169255,0.8068667961389435,435
2025-10-08 18:00:00,0.8095650134377677,0.8097282942226486,0.8109965258246291,0.8082000643729529,911
2025-10-08 19:00:00,0.8098497791232282,0.8096018884374373,0.8111292940146406,0.8083991360488352,253
2025-10-08 20:00:00,0.8096180123493311,0.8097448753119951,0.8108426231229369,0.8083182530111451,2720
2025-10-08 21:00:00,0.8094883590374985,0.8096675274173211,0.8113755796303441,0.8081975016559129,4316
2025-10-08 22:00:00,0.810211772049178,0.8094255179770171,0.8115315489847073,0.8082838139744027,3814
2025-10-08 23:00:00,0.8101875192101566,0.8100950146157329,0.8116770868088585,0.8089783390880332,1198
2025-10-09 00:00:00,0.8105855396636752,0.8104432353842058,0.811447302415785,0.8093900399230457,1061
2025-10-09 01:00:00,0.8104385364402914,0.8107152275002588,0.8115747360285396,0.8089597364503148,2675
2025-10-09 02:00:00,0.8101819217722424,0.8104805285693236,0.8118076217749913,0.8090401562768028,3909
2025-10-09 03:00:00,0.809126736148041,0.8101343665672447,0.8117983011559446,0.8078332101145255,3906
2025-10-09 04:00:00,0.8076434243512657,0.809089085085699,0.8100558498249546,0.8064698914322547,2656
2025-10-09 05:00:00,0.8074472529254659,0.8078302452631763,0.8090761468663697,0.8059786797976408,1340
2025-10-09 06:00:00,0.8074896254444609,0.8074843866526247,0.8084016616614222,0.8067547602624406,2467
2025-10-09 07:00:00,0.8065250279169293,0.807116671518864,0.8081525829271714,0.8052419345461005,3713
2025-10-09 08:00:00,0.8064991717681533,0.8068179006530963,0.808074372646352,0.8055930482940984,4410
2025-10-09 09:00:00,0.8065394861903962,0.8065213188210533,0.8076301023012066,0.8052169747357772,468
2025-10-09 10:00:00,0.8049224801858517,0.8065809440051535,0.8074730740640078,0.8037504840496466,3893
2025-10-09 11:00:00,0.804236136691242,0.8050535740716296,0.8059395404586633,0.8033864679141595,3768
2025-10-09 12:00:00,0.8045415846115437,0.8042923020804672,0.8052931854049811,0.8030039961288159,1145
2025-10-09 13:00:00,0.8048318786585905,0.8046317549914411,0.8061541974278822,0.8033703785709302,413
2025-10-09 14:00:00,0.8039666224712907,0.8047807797298526,0.8061308602231602,0.8028164407654754,1613
2025-10-09 15:00:00,0.8040854585091655,0.8038182933907491,0.8054345257774445,0.8026373891010833,1457
2025-10-09 16:00:00,0.8048522639281858,0.8041192904074548,0.8058400166643118,0.802873014243443,655
2025-10-09 17:00:00,0.805435068647429,0.8050252248250455,0.806886289784434,0.8035323782610028,1357
2025-10-09 18:00:00,0.8053636043071686,0.8053568111569341,0.8067424138581635,0.804224709976405,1058
2025-10-09 19:00:00,0.8050126220721754,0.8052756940314184,0.8064849745913526,0.8035604520856287,4467
2025-10-09 20:00:00,0.8045406137089245,0.8051599760099398,0.8063289344024985,0.8033428418674652,520
2025-10-09 21:00:00,0.8048914785461068,0.8044854087935409,0.80594207551104,0.8029651938484023,2718
2025-10-09 22:00:00,0.8050378065259639,0.8048419011082346,0.806291772498138,0.8036911337783458,1699
2025-10-09 23:00:00,0.8055098595305406,0.8049927208173311,0.8071089370355827,0.8039454752458397,4231
2025-10-10 00:00:00,0.8056087648903815,0.805502007143365,0.8070921782165358,0.8045588833399603,2424
2025-10-10 01:00:00,0.8062228378531421,0.8054184594446667,0.807370203301474,0.8042173040333875,2953
2025-10-10 02:00:00,0.8062937822528603,0.8061576078662528,0.8076335090669245,0.8051400263482095,2040
2025-10-10 03:00:00,0.8068822987899591,0.806321664234388,0.8078260049150497,0.8047713637518273,4053
2025-10-10 04:00:00,0.807535415867734,0.8069093396709031,0.8089235855220508,0.8059090970417673,3372
2025-10-10 05:00:00,0.8069320208950654,0.8076755791188491,0.80868484358023,0.8058886634493198,2801
2025-10-10 06:00:00,0.8055759128599124,0.8071542864053407,0.8085294662507955,0.8042271170238228,2042
2025-10-10 07:00:00,0.8067335325019233,0.8057589385269791,0.8086622078296185,0.8042618527891493,2304
2025-10-10 08:00:00,0.8069260265499575,0.8068442410240165,0.8079984282296518,0.8054568821227343,1338
2025-10-10 09:00:00,0.8056401621283354,0.8069080525659845,0.8088229311287541,0.8041758262168303,3324
2025-10-10 10:00:00,0.8051047975054214,0.8055649167437255,0.8068910778354959,0.8039165150192322,1545
2025-10-10 11:00:00,0.8056837032246987,0.8051069581596781,0.8067110404326642,0.8039144153887712,1503
2025-10-10 12:00:00,0.8054739456013491,0.8057544534910211,0.8067704486442714,0.8037796091188665,2385
2025-10-10 13:00:00,0.8050898995368597,0.8055732056742614,0.8073520410853862,0.8034740192068414,4601
2025-10-10 14:00:00,0.8061405609320944,0.8051652437392685,0.8074689972259385,0.8037833086501894,2253
2025-10-10 15:00:00,0.8053550955723066,0.8061259225395947,0.8071971689566774,0.8038796995647753,4549
2025-10-10 16:00:00,0.8047564805539904,0.805450080445329,0.8066080942925776,0.8033420729179545,2681
2025-10-10 17:00:00,0.8049150204102766,0.804908714836715,0.806226414309064,0.8039925543922908,456
2025-10-10 18:00:00,0.805207861609317,0.8050213272193859,0.806413566814859,0.8038230938841732,2961
2025-10-10 19:00:00,0.8055801188850725,0.8052039932471994,0.8068720839060135,0.8036338915859652,4592
2025-10-10 20:00:00,0.8062635474184993,0.805479273614348,0.80790194208361,0.8040956433268411,4422
2025-10-10 21:00:00,0.8064124813840104,0.8061598144566963,0.807349217219325,0.8049655795834109,991
2025-10-10 22:00:00,0.8067795193382142,0.8063300425199715,0.8081457109810168,0.8047547027731038,1413
2025-10-10 23:00:00,0.8065851123937279,0.8068106222924167,0.8080028605242076,0.8052858726988631,3438
2025-10-11 00:00:00,0.8066321361211554,0.806648005955542,0.8077371903556699,0.8052393454716804,2241
2025-10-11 01:00:00,0.8067127867561956,0.8064609679249306,0.8081823369195656,0.8051602569528924,4133
2025-10-11 02:00:00,0.8068741103580599,0.8066517876654927,0.8077306655709448,0.8053104815536457,2650
2025-10-11 03:00:00,0.807453515213747,0.8069035766136841,0.8080914600065008,0.8055439857791201,1282
2025-10-11 04:00:00,0.8078698744752056,0.8073444915693412,0.8091360973244539,0.8058176964976111,1725
2025-10-11 05:00:00,0.8079030372273808,0.807922457347674,0.8091008211540571,0.8063446028063607,652
2025-10-11 06:00:00,0.807296192738675,0.8078658093740612,0.8087491091327683,0.8061944976924549,1501
2025-10-11 07:00:00,0.807346946182222,0.8072085850666043,0.8081436638012716,0.8059114584104586,3805
2025-10-11 08:00:00,0.8073259328435503,0.8073533893010296,0.8090319733180765,0.8058071084060393,1188
2025-10-11 09:00:00,0.8074708190284101,0.8073734460814024,0.8087941865505041,0.8061941089662881,2267
2025-10-11 10:00:00,0.8091257130087655,0.807367834043995,0.810344170336185,0.8064718639376041,981
2025-10-11 11:00:00,0.8087328834248595,0.8090962817173433,0.8108419910659945,0.8077402402016163,2484
2025-10-11 12:00:00,0.8090496001892035,0.8087896396754861,0.8105112443649022,0.8077798436009075,4832
2025-10-11 13:00:00,0.8098509467396366,0.8089570232707345,0.811495578300046,0.8078535638605974,3833
2025-10-11 14:00:00,0.8099244481752111,0.8096495480705083,0.8108526327872434,0.8086159779636547,3845
2025-10-11 15:00:00,0.8116778320145903,0.8097373677360412,0.8125989095891333,0.8082692602096565,1343
2025-10-11 16:00:00,0.8113943025457917,0.8116269514011998,0.812994250254023,0.810244595137255,1606
2025-10-11 17:00:00,0.8116373694625317,0.811233790914547,0.8129557524332314,0.8097092676773489,576
2025-10-11 18:00:00,0.811038265153862,0.8115950670981388,0.8131156816146986,0.8100967211030937,4613
2025-10-11 19:00:00,0.8107746216025046,0.8112407491653845,0.8120602504277996,0.8096443992124916,4792
2025-10-11 20:00:00,0.810961322035302,0.8106069231068492,0.8123489411055461,0.8093651116535701,1761
2025-10-11 21:00:00,0.8115960500820328,0.810926917888123,0.8130543101117621,0.809512144887174,3528
2025-10-11 22:00:00,0.8118353712075506,0.8118557121209345,0.8133014704569581,0.810339087152903,1134
2025-10-11 23:00:00,0.8127797073445516,0.8118851291849605,0.8138997110235275,0.8107972196352371,3295
2025-10-12 00:00:00,0.8127084833616072,0.8127348795692625,0.8140803871791717,0.8112472127417711,566
2025-10-12 01:00:00,0.8124593569642279,0.8126893642469531,0.8137189963237507,0.8116506087974616,1731
2025-10-12 02:00:00,0.8144873457946874,0.8125118135137046,0.8156374965503801,0.8110771760280006,2026
2025-10-12 03:00:00,0.8147830240317689,0.8146945987219432,0.8157502685204948,0.8138002272926694,4978
2025-10-12 04:00:00,0.8142434128722851,0.8147181874238058,0.8157542309713084,0.8129129446870381,2389
2025-10-12 05:00:00,0.813722715050599,0.8141509401678337,0.8153127012843876,0.8122264775597543,1190
2025-10-12 06:00:00,0.8130157051147006,0.8135545660774841,0.8146543478493419,0.8115797818970304,330
2025-10-12 07:00:00,0.8137181321315932,0.8130282887813511,0.8147534766230744,0.8122078602194348,972
2025-10-12 08:00:00,0.8134448491619233,0.8135466147590166,0.8144496368743354,0.8123338215587602,1287
2025-10-12 09:00:00,0.8135403710186656,0.8133882532786229,0.8152393107537974,0.8119929665108611,1659
2025-10-12 10:00:00,0.813492739512837,0.8134294899113867,0.8145908173261116,0.8120412739275304,767
2025-10-12 11:00:00,0.8140413588187927,0.8136238966571084,0.8153430025441731,0.8123354487981183,3720
2025-10-12 12:00:00,0.8134063007491297,0.8139793288950784,0.814770210684587,0.8127234316612291,1995
2025-10-12 13:00:00,0.8125996215345224,0.8134546825642767,0.8150045495480521,0.8110886618868989,1261
2025-10-12 14:00:00,0.8127678445149086,0.81240405837473,0.8140277551221561,0.810849332550798,2676
2025-10-12 15:00:00,0.8132185639784335,0.8127838860994065,0.8143301017188859,0.8115241113675402,1632
2025-10-12 16:00:00,0.8134679632132568,0.8130717541239194,0.8145819731619376,0.8117957699305062,3451
2025-10-12 17:00:00,0.8128608729164337,0.8134160642615755,0.814847368347722,0.8115189061770962,2695
2025-10-12 18:00:00,0.8133689865480023,0.813130651455965,0.813868453157007,0.8115542343112631,4668
2025-10-12 19:00:00,0.8128110908526806,0.8134826387988667,0.8145008813891329,0.8115307782506057,3284
2025-10-12 20:00:00,0.8124199368690908,0.812795442111315,0.8139850481914709,0.8112479011917698,1897
2025-10-12 21:00:00,0.8117119717255492,0.8128094297858446,0.8139951921699503,0.8104014984348904,831
2025-10-12 22:00:00,0.8126878404870382,0.811600409024131,0.8145176832186213,0.8103840859222228,597
2025-10-12 23:00:00,0.8131629066428088,0.8128299670980557,0.814300295456465,0.8116101618787768,3307
2025-10-13 00:00:00,0.8136166516745679,0.8129758552238557,0.8150787762029834,0.8121864500229925,261
2025-10-13 01:00:00,0.8145520602404247,0.8135868485068506,0.816216595058908,0.812237258350382,1967
2025-10-13 02:00:00,0.8166615471766038,0.814386957031027,0.8180508389184262,0.8128749600224886,200
2025-10-13 03:00:00,0.8153796275986711,0.8166930138075793,0.8177512584797959,0.8139069608080328,1796
2025-10-13 04:00:00,0.8148258451630133,0.8153864685000476,0.8162947171629361,0.8133711386669544,4429
2025-10-13 05:00:00,0.8143637138498824,0.8147882625057407,0.8161919210454586,0.8131551172268127,487
2025-10-13 06:00:00,0.8137255991330954,0.8144970090634411,0.8161191772028534,0.8124694486001243,4874
2025-10-13 07:00:00,0.8129174116973926,0.8136564484386989,0.815008971428195,0.8114074819807819,4872
2025-10-13 08:00:00,0.8126926718993511,0.8129572562004287,0.8144770194910392,0.8112621651481042,4331
2025-10-13 09:00:00,0.8117802191128841,0.8127925884397322,0.8146414861711041,0.8102005704027264,3496
2025-10-13 10:00:00,0.8120315008885371,0.8115995557612227,0.8134535404289577,0.8105453885933831,974
2025-10-13 11:00:00,0.8120702746296086,0.8119403361325401,0.8130202426714754,0.8108876387066483,589
2025-10-13 12:00:00,0.8124310461281813,0.8120768383779119,0.813662137702714,0.8109392484583449,4604
2025-10-13 13:00:00,0.81281184246691,0.8125078755524636,0.814365178371417,0.8115186102217424,1894
2025-10-13 14:00:00,0.8132640976069799,0.8129852187142881,0.814423296651734,0.8120877301666708,2303
2025-10-13 15:00:00,0.812984040904362,0.813237771582312,0.8148244820293336,0.8116502664672771,492
2025-10-13 16:00:00,0.8145748984563373,0.8129453724992474,0.8157804032689573,0.8116256266624945,393
2025-10-13 17:00:00,0.8147507217936989,0.8144682562195197,0.8160545708171534,0.8131859463198023,2753
2025-10-13 18:00:00,0.8133538582292303,0.8147909808688779,0.8159254286827009,0.8120475114244231,2087
2025-10-13 19:00:00,0.8126020764199057,0.8133176424756312,0.8145754374586839,0.8117399978541756,3530
2025-10-13 20:00:00,0.8112966991781349,0.8125687281993609,0.8138373806171976,0.8101965936283633,4187
2025-10-13 21:00:00,0.8113097001499984,0.8112852732798008,0.8121351569998234,0.8101397368681398,377
2025-10-13 22:00:00,0.8112183462319583,0.811376823770638,0.8124861827158315,0.8099897140150139,4854
2025-10-13 23:00:00,0.8108670269585337,0.811149779654309,0.8120660898622444,0.8100058285276215,4618
2025-10-14 00:00:00,0.8123752215428341,0.8107729346437522,0.8134945668916127,0.8097804861821112,2909
2025-10-14 01:00:00,0.8127869586983918,0.8124278565110709,0.8138122495138354,0.8113151052711057,1933
2025-10-14 02:00:00,0.8133315324694765,0.8124178210776999,0.8147984135885366,0.8109396027127128,916
2025-10-14 03:00:00,0.81263322735352,0.8132579471280947,0.8147263916072491,0.8113504361631845,1250
2025-10-14 04:00:00,0.8118838686850217,0.812493017911955,0.8138473118506692,0.810417224947402,3535
2025-10-14 05:00:00,0.8119114728093444,0.8120304095584246,0.8129395110813423,0.810723426573523,736
2025-10-14 06:00:00,0.8120412281640835,0.8118577644720394,0.8132353831608254,0.8106394617231361,4831
2025-10-14 07:00:00,0.8106489944887477,0.8119730465708282,0.8128613900346832,0.8093116483798165,813
2025-10-14 08:00:00,0.8105137642216106,0.8106430831097154,0.8118230387610402,0.8093410831171852,3797
2025-10-14 09:00:00,0.8105243182837657,0.8104413796468546,0.8118975299412546,0.8093774997284416,4264
2025-10-14 10:00:00,0.8103629564094373,0.8104753746109906,0.81193210842326,0.8095095920508395,1549
2025-10-14 11:00:00,0.8097529136001773,0.8103747517251045,0.8117042473269562,0.8086835337820533,2452
2025-10-14 12:00:00,0.8093482622137365,0.8097016769463395,0.8112212618716742,0.8079312098095036,2926
2025-10-14 13:00:00,0.8092156178185569,0.8092961627938636,0.8105730458981328,0.8076957472302544,4012
2025-10-14 14:00:00,0.8092837178362644,0.8090929921948896,0.8104409384554374,0.8080667776056641,350
2025-10-14 15:00:00,0.8097373115231773,0.8091435785746451,0.8111641481441545,0.8083501341859686,1212
2025-10-14 16:00:00,0.8105479536768905,0.8097446838901662,0.8119841983118223,0.8083035431954496,834
2025-10-14 17:00:00,0.810327192884245,0.8105852206864552,0.811673286301514,0.8090948557164707,1657
2025-10-14 18:00:00,0.8099850757371585,0.810153675049153,0.811460743654782,0.8090974244700622,3397
2025-10-14 19:00:00,0.8103133174923093,0.8100774443345681,0.8114572416545254,0.8096181885859425,2121
2025-10-14 20:00:00,0.8107714511796175,0.8104062376943659,0.8114990549596033,0.8094244122706529,2511
2025-10-14 21:00:00,0.8104458008546733,0.8108899410875059,0.8122126145263265,0.8093426899135772,2327
2025-10-14 22:00:00,0.8110385959623979,0.8104822840980082,0.8119401816205131,0.8095459362073484,126
2025-10-14 23:00:00,0.8117732849682648,0.8111161708967998,0.8130708779891024,0.8097300096381583,578
2025-10-15 00:00:00,0.8127420498175089,0.8120396643258389,0.8135868204949003,0.8110186736632183,1213
2025-10-15 01:00:00,0.8140757904975487,0.8127052306021709,0.8151211451199089,0.811481088079515,320
2025-10-15 02:00:00,0.8134259783935541,0.8139482016027174,0.8150625304114482,0.8116266420718906,4128
2025-10-15 03:00:00,0.8134364020505536,0.8132387993707635,0.8149498146556545,0.8119899805786457,4979
2025-10-15 04:00:00,0.8134448603230175,0.8136506236407961,0.8147405954062454,0.8122528833824102,2475
2025-10-15 05:00:00,0.8133713051466182,0.8136606624431877,0.8146184142426481,0.8121739236111474,3366
2025-10-15 06:00:00,0.8128843579569105,0.8132585662464797,0.8145667439088304,0.8115018819999101,375
2025-10-15 07:00:00,0.8117701864544872,0.8127957953541525,0.8139606108266596,0.8104197860388902,368
2025-10-15 08:00:00,0.811839696039009,0.8117307321366729,0.8132499981166449,0.8107573902012954,3064
2025-10-15 09:00:00,0.811263429294348,0.8119886752632741,0.8129593000479376,0.8101466001503987,3885
2025-10-15 10:00:00,0.8113279244049088,0.8111067656612317,0.8125962377842809,0.8100522005570484,4653
2025-10-15 11:00:00,0.8107323917486347,0.8110887640822478,0.8129055100085789,0.8095850375455674,1869
2025-10-15 12:00:00,0.8099076479892514,0.8109957147313889,0.8121524380456953,0.8082489682215632,2150
2025-10-15 13:00:00,0.810083371759534,0.8099456052500787,0.8113438769771435,0.808580425001483,4002
2025-10-15 14:00:00,0.8101965629046389,0.8101385963743231,0.8110081270166234,0.8089426885472645,789
2025-10-15 15:00:00,0.8106310243831296,0.8101716231109736,0.8116395354775036,0.8086530196554519,4754
2025-10-15 16:00:00,0.8122704222079429,0.8106877758806266,0.8136008530998786,0.809423443355552,1558
2025-10-15 17:00:00,0.812478389356351,0.8120858832743553,0.8136166965044414,0.8112664298467551,230
2025-10-15 18:00:00,0.812842200681649,0.8123758589977262,0.8142112950946313,0.810750833478583,3972
2025-10-15 19:00:00,0.8120340296849985,0.8128550094487573,0.8141765798953038,0.8108540790188196,4825
2025-10-15 20:00:00,0.8110688491045962,0.8117577523555565,0.8126536518439204,0.8104011837353688,2460
2025-10-15 21:00:00,0.8122559711896762,0.8110319908438646,0.8137217617236552,0.8102033986698729,912
2025-10-15 22:00:00,0.8115633613547262,0.8122116398206051,0.8131264295917006,0.8100714598613882,841
2025-10-15 23:00:00,0.8107804033011247,0.8115265490584758,0.8125566645560421,0.8099493694958211,1556
2025-10-16 00:00:00,0.8107510791102123,0.8107133847755693,0.8120230222717503,0.8091690925796019,2715
2025-10-16 01:00:00,0.8106834348001792,0.8106299761471386,0.812280567830742,0.8093942398136224,3172
2025-10-16 02:00:00,0.8100065549203468,0.8104620561388802,0.8114331220435949,0.808618067404446,3521
2025-10-16 03:00:00,0.809777825006312,0.8100241368627015,0.8112746810788541,0.808625545111006,3608
2025-10-16 04:00:00,0.8106998567945496,0.8097413284353445,0.8119538523112627,0.8083979911060284,1280
2025-10-16 05:00:00,0.8100953615879257,0.8105327404142867,0.8119076407373347,0.8088032836587637,934
2025-10-16 06:00:00,0.8090501072246511,0.8101029504875794,0.8116039076613689,0.8078458839089061,4761
2025-10-16 07:00:00,0.8097570524403259,0.8090142815245642,0.8108735271805637,0.808058469904114,770
2025-10-16 08:00:00,0.8101262751242795,0.8097010292978205,0.8115873822340094,0.808398703907872,2597
2025-10-16 09:00:00,0.809660886158793,0.8098643221104689,0.8114019462782295,0.8088877468318527,1504
2025-10-16 10:00:00,0.8084742608966977,0.8097436861527746,0.8113890830677021,0.807035621052578,3683
2025-10-16 11:00:00,0.8079157933793688,0.8083248306852957,0.8096583579036378,0.8066561730685632,1695
2025-10-16 12:00:00,0.8078747650517318,0.8079234605457085,0.8091734294853746,0.8065504491106819,592
2025-10-16 13:00:00,0.8087490191191447,0.8077767121051102,0.8098469967295658,0.8071985147637394,1659
2025-10-16 14:00:00,0.8079551207493011,0.8087019080820811,0.8095602020228013,0.8070160507614531,592
2025-10-16 15:00:00,0.8083036968914873,0.8080948310914483,0.8094487511764209,0.8070050193511852,939
2025-10-16 16:00:00,0.8095638704833612,0.8083682537247265,0.8108054996608485,0.806990292250595,2416
2025-10-16 17:00:00,0.8071563496752149,0.8097006883210663,0.8108849096234344,0.8061739139009734,4856
2025-10-16 18:00:00,0.8088468930767415,0.8071964343673412,0.8102052021187839,0.8053648805516619,1096
2025-10-16 19:00:00,0.8078779523900937,0.808894898426907,0.8097542769972877,0.8067299528010523,4010
2025-10-16 20:00:00,0.8087263469822421,0.8076618842845257,0.8098952862866586,0.8066952934640368,2650
2025-10-16 21:00:00,0.809472366761775,0.8086877928259985,0.8111709885506276,0.80751895921803,4902
2025-10-16 22:00:00,0.8112238704315317,0.8094449990376467,0.8126830022809031,0.8084595926157406,2650
2025-10-16 23:00:00,0.8123349796886039,0.8113729742920796,0.8137036479969663,0.8104430964276128,607
2025-10-17 00:00:00,0.809932231098528,0.812273477971254,0.8135833041921977,0.8084716852563243,2110
2025-10-17 01:00:00,0.8094404960019408,0.8099643893003852,0.8110898114412157,0.8081017039374319,470
2025-10-17 02:00:00,0.8100563421571647,0.809467927427074,0.810845157950793,0.8081274110935773,1187
2025-10-17 03:00:00,0.8102723662938209,0.8101970469858928,0.8115988944426578,0.808671283112331,2726
2025-10-17 04:00:00,0.811295499169529,0.8102560903980186,0.8119165227563698,0.808920696710993,4510
2025-10-17 05:00:00,0.8126927390363327,0.8113964096359298,0.8138324050791783,0.8104376127200144,3110
2025-10-17 06:00:00,0.8138728811200483,0.8124846075115364,0.8150927970071975,0.8110907744512469,1887
2025-10-17 07:00:00,0.814065751188983,0.8136757934287313,0.8151776370904492,0.8127298373171434,3212
2025-10-17 08:00:00,0.8123001467756383,0.8137875370470413,0.815535131700741,0.811198189823015,1297
2025-10-17 09:00:00,0.8122035692770125,0.8123959037459686,0.814058730416377,0.8109964036478738,556
2025-10-17 10:00:00,0.8131532110547793,0.8122857384420592,0.8146248911246577,0.8111019126428155,3695
2025-10-17 11:00:00,0.8122946743517188,0.8132624842940929,0.8142554349043858,0.8115127229004261,4234
2025-10-17 12:00:00,0.8135022040278647,0.812212019049778,0.8151913800149082,0.8112279102730579,3100
2025-10-17 13:00:00,0.8150422759845855,0.8134333067530513,0.8164161852032636,0.8122162469901598,2499
2025-10-17 14:00:00,0.8156445163561404,0.8150274662076922,0.8166374869674756,0.8139534304131317,2343
2025-10-17 15:00:00,0.8124179805165656,0.8158204494469665,0.8170470503598426,0.8109248559077751,1903
2025-10-17 16:00:00,0.8113342744813113,0.8126241196388186,0.8140744384405401,0.8098014646676985,4852
2025-10-17 17:00:00,0.8140477014715787,0.8114312041777959,0.8151225182406806,0.8104837469158073,2571
2025-10-17 18:00:00,0.8138418561199446,0.8140881111276657,0.8153431852943877,0.812606504061482,4372
2025-10-17 19:00:00,0.8119108842521898,0.8140044878819803,0.815299439392931,0.8103075102601026,298
2025-10-17 20:00:00,0.8138431811181621,0.8118796519063111,0.8147951690842408,0.8106916568327172,1827
2025-10-17 21:00:00,0.8143092078280145,0.813795429024963,0.8154646899118873,0.812673387353466,1153
2025-10-17 22:00:00,0.8160851364147638,0.8142934138727793,0.8170582046897532,0.812858682106242,670
2025-10-17 23:00:00,0.816867486825027,0.8159652144226737,0.8183056640529272,0.8148071091525744,4992
2025-10-18 00:00:00,0.8178677577884815,0.8168460166475624,0.8188717586487049,0.8153073938867375,354
2025-10-18 01:00:00,0.8187533688857389,0.8177305255484413,0.8200531735188108,0.8166484807122415,2807
2025-10-18 02:00:00,0.8200403548600441,0.8188794510520706,0.8209284202311463,0.8177661448971584,1165
2025-10-18 03:00:00,0.8232232713983114,0.8201074912769437,0.8241781848197499,0.8186775138123186,484
2025-10-18 04:00:00,0.8248384790014625,0.8234001451093561,0.8257832783902849,0.8221380076912689,4914
2025-10-18 05:00:00,0.8233920718200478,0.8246372482200616,0.8258008061620213,0.8221302055059269,1534
2025-10-18 06:00:00,0.8243780656383825,0.8236272294076279,0.8256592435321244,0.8228628656062171,1822
2025-10-18 07:00:00,0.8261978425601063,0.8241831892692292,0.8275275473353314,0.8230314893040168,1005
2025-10-18 08:00:00,0.8280910835279497,0.826048996325262,0.8288929485200963,0.8245922091859867,3462
2025-10-18 09:00:00,0.8280291575482788,0.8280139747765841,0.8292293097864749,0.8269666114551423,4631
2025-10-18 10:00:00,0.8298770908825045,0.8281919446648096,0.8309350417391571,0.8267726885156896,1762
2025-10-18 11:00:00,0.831440381761966,0.8299052235197022,0.8328207836055963,0.82859121767909,4050
2025-10-18 12:00:00,0.8349774026863297,0.8314098429748211,0.8361628277037825,0.8302074041513166,2104
2025-10-18 13:00:00,0.8345274006028315,0.8348781822894276,0.8361097366836298,0.8329356844610724,2779
2025-10-18 14:00:00,0.834368519911151,0.8343551950565589,0.8354336041080493,0.833188708823721,4021
2025-10-18 15:00:00,0.8344511770529991,0.8345102882416637,0.8361937053006241,0.8332671276407052,4763
2025-10-18 16:00:00,0.8343129104729525,0.8345511243099446,0.8354813216103277,0.8331142872506431,3083
2025-10-18 17:00:00,0.8336948855732362,0.8344820401173085,0.8356326055906553,0.8324242032836885,1927
2025-10-18 18:00:00,0.8308296749664278,0.8337443388145553,0.8350174021233929,0.8293922671217197,2397
2025-10-18 19:00:00,0.83075803559796,0.8305004327891801,0.8319415267342118,0.8296212968539425,4338
2025-10-18 20:00:00,0.8316512652695999,0.8306027767523554,0.8327081436695233,0.8291387265707503,1831
2025-10-18 21:00:00,0.8315093990549928,0.8317092469986243,0.8325045815306149,0.8302451477014043,2390
2025-10-18 22:00:00,0.8342818564752277,0.8314631318240651,0.8353602052485447,0.8300730427400158,3899
2025-10-18 23:00:00,0.8347479074504867,0.8342118826508543,0.8357597759649975,0.832360783150623,4258
2025-10-19 00:00:00,0.8367471423167077,0.8346094391740594,0.8384237889439609,0.833482757574135,2288
2025-10-19 01:00:00,0.8375108468119836,0.836866184797863,0.8393361253036812,0.8359176209938044,4513
2025-10-19 02:00:00,0.8389525355838555,0.8375682554074646,0.840198180845119,0.8362610501481847,4325
2025-10-19 03:00:00,0.8397376254485758,0.8390156659529686,0.8406433438103034,0.8376673411919106,2368
2025-10-19 04:00:00,0.8418301670068601,0.8396576176255391,0.8432793045952015,0.8381747482668307,1459
2025-10-19 05:00:00,0.8423472942270189,0.8418524413343673,0.843362893029992,0.8407249704510973,972
2025-10-19 06:00:00,0.8433926390767255,0.8421780550632836,0.8445187779880818,0.8411229979120763,691
2025-10-19 07:00:00,0.8442822385971055,0.8433761973579803,0.8453893840004242,0.8424980520191581,1042
2025-10-19 08:00:00,0.8443862960473527,0.843962056233075,0.8455260894552526,0.8430418846277193,436
2025-10-19 09:00:00,0.8453222748300623,0.844187461522063,0.8465003023633318,0.8430249647491633,1515
2025-10-19 10:00:00,0.8484535383254995,0.8452812548363573,0.849391885020036,0.8440382495992879,4958
2025-10-19 11:00:00,0.848579061994985,0.8487558596548035,0.8498500140194403,0.846780464517848,1192
2025-10-19 12:00:00,0.8495324198664089,0.8483495935518763,0.8510666612077135,0.847506666242085,1984
2025-10-19 13:00:00,0.8514917546074523,0.8493735850732983,0.852760420201952,0.8480106700020129,2002
2025-10-19 14:00:00,0.8533100585445854,0.8515195010246208,0.8546221031008274,0.8504253704464484,2646
2025-10-19 15:00:00,0.8537741182458487,0.8535366616667934,0.8544830287194585,0.8521989171372889,2582
2025-10-19 16:00:00,0.8513640518022999,0.8537999366052785,0.8553190553637079,0.8502283072649734,2947
2025-10-19 17:00:00,0.852434095184678,0.8514538312504839,0.8535374381692644,0.849910400970619,526
2025-10-19 18:00:00,0.8502207260743304,0.8523910395287743,0.8539530570259996,0.8486828832839244,1673
2025-10-19 19:00:00,0.8524346507514599,0.8501554353439553,0.8537527554842379,0.8489057067405134,4557
2025-10-19 20:00:00,0.8530880193968917,0.8524451673243795,0.8542238071120132,0.8507972285470693,4882
2025-10-19 21:00:00,0.8547376282207381,0.8530036196900277,0.8555895136932027,0.851526605203062,111
2025-10-19 22:00:00,0.8541050948549208,0.854830418540575,0.8566688402866866,0.8524671197009451,3188
2025-10-19 23:00:00,0.8526920858869608,0.8538996465545188,0.8553841614611706,0.851424082586167,777
2025-10-20 00:00:00,0.8534549911479302,0.852806020468211,0.854956152180896,0.8512821427638271,2724
2025-10-20 01:00:00,0.8538646670199829,0.8534600263467541,0.8556113738344377,0.85237602715771,141
2025-10-20 02:00:00,0.8537248180285942,0.8538371701398119,0.855175149959976,0.8526669656518291,3805
2025-10-20 03:00:00,0.8542764115654735,0.8535142835854442,0.8559044232216904,0.8516742168803806,4933
2025-10-20 04:00:00,0.8580473346359122,0.8541503058066964,0.8592112135705664,0.8531427536486176,703
2025-10-20 05:00:00,0.859498765292755,0.8582018705550883,0.8609781977921771,0.8570250720829996,2112
2025-10-20 06:00:00,0.861208163619791,0.8594718182187506,0.8623371825367295,0.8586703796660213,1051
2025-10-20 07:00:00,0.8626708878896551,0.8612441885575522,0.8638344949271481,0.8601690926727225,1060
2025-10-20 08:00:00,0.8648962424622777,0.8625567822996388,0.8662187554559393,0.8615174111170093,3984
2025-10-20 09:00:00,0.8651181564547968,0.8648924721082786,0.8660868987469359,0.8637687590715629,681
2025-10-20 10:00:00,0.8631024428855865,0.8649405102870854,0.866320462006737,0.8617301400944851,707
2025-10-20 11:00:00,0.8633261395259793,0.8631153775297367,0.864540332232161,0.8616802613240716,1915
2025-10-20 12:00:00,0.864750222377975,0.8633742162957297,0.8655317246617842,0.8623382825904226,1613
2025-10-20 13:00:00,0.864036461903837,0.8647917758001518,0.8659691995260517,0.862945097417864,4881
2025-10-20 14:00:00,0.8642748227632497,0.8639193200609535,0.8654817683696712,0.8623419726433555,2033
2025-10-20 15:00:00,0.863894699071647,0.8642304983584532,0.8657473686774053,0.8621568989302956,2788
2025-10-20 16:00:00,0.8661471341738587,0.8639644924471525,0.8675204618918869,0.8623389291095457,605
2025-10-20 17:00:00,0.8674964825923466,0.86611962096833,0.8691744304723478,0.8652468321810237,1835
2025-10-20 18:00:00,0.8687283313371194,0.8674590440435389,0.8701669740164609,0.8658459700419066,1109
2025-10-20 19:00:00,0.8699242529128646,0.868976712232726,0.871084568041184,0.8671880551852659,1886
2025-10-20 20:00:00,0.870329553809802,0.8698001018225394,0.8716198105776675,0.868937417927803,1587
2025-10-20 21:00:00,0.8710166213488351,0.8704707131763597,0.872232199593305,0.8688812731900518,674
2025-10-20 22:00:00,0.8700443998521963,0.8708659278321,0.8722983618471006,0.8686805487160095,2817
2025-10-20 23:00:00,0.8678706694776956,0.8701296396470868,0.8714470210174539,0.8666540374403912,2633
2025-10-21 00:00:00,0.8685007668341097,0.8679629241336606,0.8696397466271326,0.866632507018001,2641
2025-10-21 01:00:00,0.8693395551416363,0.8684342147415811,0.870645807493255,0.8670146022249513,2178
2025-10-21 02:00:00,0.8712406726237467,0.8691804478388075,0.87266807343866,0.8675710262759876,2672
2025-10-21 03:00:00,0.8735762756030455,0.8709824740688212,0.8746228842227152,0.8693822532393956,3671
2025-10-21 04:00:00,0.8759102737850443,0.8734954579667438,0.8773074405650831,0.8725775724922086,1381
2025-10-21 05:00:00,0.8751626454730916,0.8759793528206502,0.8768776154464223,0.8740202096221594,1040
2025-10-21 06:00:00,0.8751899274311519,0.8750211760768002,0.8767929877933708,0.8736838249052173,3420
2025-10-21 07:00:00,0.8762163285862096,0.8752026696205977,0.8776692304094436,0.8734750640088976,772
2025-10-21 08:00:00,0.8797046141995002,0.876021505270345,0.8814541574620814,0.8754217644121547,1822
2025-10-21 09:00:00,0.8819307332439569,0.8796736732217862,0.8829582011287622,0.878512391477231,2949
2025-10-21 10:00:00,0.883724009838355,0.881778682708185,0.8853500934051369,0.8808581667952247,2963
2025-10-21 11:00:00,0.8837086642916958,0.8837136730315794,0.8852873231130309,0.8827461405390913,3735
2025-10-21 12:00:00,0.8830988247343097,0.8836422888880895,0.8849186584531755,0.8815130260459227,2411
2025-10-21 13:00:00,0.8844955141943696,0.882940893708147,0.8857223156587927,0.8817552855631622,2537
2025-10-21 14:00:00,0.8836247206772884,0.8844081846604404,0.8854459631771383,0.8829179175625812,317
2025-10-21 15:00:00,0.883788597056112,0.8835008810998817,0.8847574565722998,0.8822172061920748,3971
2025-10-21 16:00:00,0.8841008635173097,0.8836143507618005,0.8852277647394207,0.8817482279270001,1261
2025-10-21 17:00:00,0.886462358024257,0.8842448355299237,0.8874580922101591,0.8833956111144547,4221
2025-10-21 18:00:00,0.8864867212607054,0.8864144644890568,0.8882408273803525,0.88494300183518,3258
2025-10-21 19:00:00,0.8840096216944182,0.8861947029877871,0.8871223689145925,0.8822678476857935,4591
2025-10-21 20:00:00,0.8850649552716132,0.8839268750944039,0.8864320873554217,0.88261240034603,4388
2025-10-21 21:00:00,0.8846761290478885,0.8851863388143395,0.8866289903854291,0.8828374180964176,1953
2025-10-21 22:00:00,0.8851772862772138,0.8845750384425579,0.8865999872666241,0.8834224873781975,2030
2025-10-21 23:00:00,0.8855232406362032,0.885376229329105,0.8869698195211472,0.8836638204156118,4531
2025-10-22 00:00:00,0.8856447958412219,0.8854094358925876,0.8872247153897633,0.8837594963177614,4428
2025-10-22 01:00:00,0.8870432045393636,0.8857117775454753,0.8882551036789897,0.884389870106151,3574
2025-10-22 02:00:00,0.8856537666853403,0.8871809199694337,0.8885326624872011,0.8847204304239337,4625
2025-10-22 03:00:00,0.8854833496153951,0.8857135625753272,0.8869638044502045,0.8844212291417722,3162
2025-10-22 04:00:00,0.886754195111136,0.8853005238706699,0.8884308324134869,0.8845940078982508,221
2025-10-22 05:00:00,0.8864672933807227,0.886628874975864,0.8885170146544286,0.8849795840974861,2813
2025-10-22 06:00:00,0.8849867253295988,0.8866226179748505,0.8876331134042452,0.8835333203452732,1913
2025-10-22 07:00:00,0.8862389917415069,0.8848797636227282,0.8870283380002566,0.8835293434566917,196
2025-10-22 08:00:00,0.8880367052980367,0.8863689572250333,0.8895203832730135,0.8850695944870846,2823
2025-10-22 09:00:00,0.8884327110488651,0.8879793634447479,0.8900506464004508,0.8862848757033461,2845
2025-10-22 10:00:00,0.8865296963307017,0.8884515193064138,0.8903017894018819,0.8851206997103873,3686
2025-10-22 11:00:00,0.8878268600267403,0.886345102839989,0.8893551359788497,0.8851610912104539,3917
2025-10-22 12:00:00,0.8862849945690366,0.8877459952631177,0.8894465406707882,0.8849164212182408,1680
2025-10-22 13:00:00,0.8871055537012544,0.8861685211963449,0.8888780067604911,0.884292956919473,4943
2025-10-22 14:00:00,0.8864905971115639,0.8871355524965941,0.8888548419086841,0.8849953976865929,2264
2025-10-22 15:00:00,0.8855487899686435,0.8865029767621557,0.8880653931341717,0.8843240542645661,2222
2025-10-22 16:00:00,0.8854684979481479,0.8856102392549492,0.8865978351491451,0.8841521088855416,985
2025-10-22 17:00:00,0.8856985408804351,0.8854033296883591,0.8870248668667012,0.8839516577164314,4951
2025-10-22 18:00:00,0.8853754909799714,0.8855750004445205,0.8869827577328893,0.8841592735203229,2030
2025-10-22 19:00:00,0.8865319349138295,0.8853997902554372,0.8878351874880288,0.8842055106037718,938
2025-10-22 20:00:00,0.886446651659679,0.886395033568481,0.8877661879675455,0.8850683744878355,4247
2025-10-22 21:00:00,0.8880728807056851,0.8865903093296277,0.8898225338491162,0.8848534811881767,4795
2025-10-22 22:00:00,0.8888602885044573,0.8880576115454476,0.8899917636486002,0.8865134008291836,1148
2025-10-22 23:00:00,0.8884732198565417,0.8888168241578032,0.8903625149752891,0.8872496666546068,2989
2025-10-23 00:00:00,0.887884091995943,0.8885347736140139,0.8899508887974404,0.8863207910317875,4535
2025-10-23 01:00:00,0.886357096437086,0.887873939063545,0.8889754507326127,0.8850252810611028,3346
2025-10-23 02:00:00,0.8871559762505262,0.8861364538636576,0.8882001761789372,0.884714008815691,2239
2025-10-23 03:00:00,0.8871804711938246,0.8870147242687842,0.8880584298480535,0.8856164505315669,2911
2025-10-23 04:00:00,0.8847838365601484,0.8873208477285699,0.8887769126956612,0.8840167971841737,598
2025-10-23 05:00:00,0.8845909787128251,0.8847949670607521,0.8861050697914059,0.8840728125615026,4915
2025-10-23 06:00:00,0.8839597378777192,0.884368012977755,0.8854749663844074,0.8825737010073821,2614
2025-10-23 07:00:00,0.8863005509883239,0.8840065494455301,0.8871311639131565,0.8829038660425278,317
2025-10-23 08:00:00,0.8847072166540519,0.8862263339412365,0.8876682415034948,0.8838152360620202,1755
2025-10-23 09:00:00,0.8834275956943711,0.88459133304548,0.885870431793434,0.8823203100165657,2111
2025-10-23 10:00:00,0.885209559266098,0.88327557785224,0.8863478431198968,0.8817022127917495,4973
2025-10-23 11:00:00,0.8872876750550548,0.8853426430304718,0.8883619923446162,0.8839164632213682,4388
2025-10-23 12:00:00,0.886843695528584,0.8870262115790871,0.8882930034585025,0.8853081005181388,1589
2025-10-23 13:00:00,0.8865351925412133,0.8867323202797531,0.8881871235960586,0.8850848842051562,918
2025-10-23 14:00:00,0.8877246750170772,0.8865511884653476,0.8889683818183208,0.885464302400512,309
2025-10-23 15:00:00,0.8853821552607428,0.8879342931914367,0.8889466764239541,0.8838478203441074,2891
2025-10-23 16:00:00,0.8835987228393362,0.8854555635199822,0.8867655538634309,0.8821180571090188,2282
2025-10-23 17:00:00,0.8837118427583153,0.8834865765435345,0.8853145993261459,0.8821921551981519,2665
2025-10-23 18:00:00,0.8860217114376702,0.8839150988130354,0.8873614473928596,0.8825704261405032,1436
2025-10-23 19:00:00,0.8859488353318701,0.8858416259380152,0.8872959445121493,0.8843020774241864,4056
2025-10-23 20:00:00,0.8865199594819523,0.885984119202854,0.887763125812065,0.8848536597967306,2631
2025-10-23 21:00:00,0.8883305066090291,0.8865849565791739,0.8894259077178776,0.8849625409316362,4599
2025-10-23 22:00:00,0.8913087682889629,0.8882127047022518,0.8923989554735682,0.8867246395881389,1274
2025-10-23 23:00:00,0.8910665501211849,0.891402008564083,0.8922943616182452,0.8897293467151347,1368
2025-10-24 00:00:00,0.8914963460527048,0.8909978304453513,0.8931495081268845,0.8892510584283895,2971
2025-10-24 01:00:00,0.8941328123183162,0.8915895785007566,0.8955980601726931,0.8905955705798546,3496
2025-10-24 02:00:00,0.8927561731880865,0.89388646578349,0.895247692233757,0.8915402887672061,1546
2025-10-24 03:00:00,0.8944392704727511,0.892801115553552,0.8958602436287444,0.8916425262199066,2783
2025-10-24 04:00:00,0.8936672918339176,0.8943840275346312,0.8958155563671888,0.8922307866194648,2603
2025-10-24 05:00:00,0.8942402586744413,0.8938215085451596,0.8953845608030713,0.8921629397475892,3347
2025-10-24 06:00:00,0.894399115817561,0.8942343582255683,0.8956534401893688,0.8931565237377704,3218
2025-10-24 07:00:00,0.8936995018967195,0.894566581189367,0.8957799904245806,0.8914727160510112,1081
2025-10-24 08:00:00,0.8929697795835296,0.8937674943255554,0.8957797367201675,0.8918078713174058,657
2025-10-24 09:00:00,0.8937514768206342,0.8929526854524924,0.8953656461602272,0.8915153498213332,1436
2025-10-24 10:00:00,0.8953961240144294,0.8938572682276592,0.896784314544588,0.8925134524501811,719
2025-10-24 11:00:00,0.8956904405706032,0.895502808600819,0.8974010259486201,0.8941468703555762,2794
2025-10-24 12:00:00,0.8962245763610831,0.8957538811721816,0.897902224947151,0.8946225979017184,2609
2025-10-24 13:00:00,0.8973599852406323,0.895916023431928,0.898334377036815,0.8942825914074799,114
2025-10-24 14:00:00,0.8966440427130168,0.897227834189035,0.8985128542330421,0.8955287756707246,4141
2025-10-24 15:00:00,0.8979816737231123,0.8968304779657151,0.8993242485309464,0.8959600452250124,3610
2025-10-24 16:00:00,0.899414885439584,0.8978122312634597,0.9009290129697964,0.8967658512928914,2385
2025-10-24 17:00:00,0.9029892369980845,0.8995344133776708,0.9042830419421323,0.8977883981876851,891
2025-10-24 18:00:00,0.9029879119694131,0.9030849247295022,0.9044127148756932,0.9012946822622978,888
2025-10-24 19:00:00,0.9028882138074114,0.9028896209814008,0.9041189893765273,0.9020775743188418,4663
2025-10-24 20:00:00,0.9042609728532999,0.9026175822935807,0.9059019176517535,0.9010404436588356,1256
2025-10-24 21:00:00,0.9056938978559944,0.9041836837530437,0.9066602713133262,0.9033636502727208,4316
2025-10-24 22:00:00,0.9055017932719424,0.9059761448082628,0.9072183063445655,0.9041509370425371,3351
2025-10-24 23:00:00,0.9054679980596263,0.9053845427777103,0.9063253831732008,0.9043544148966763,3154
2025-10-25 00:00:00,0.9065673550654879,0.9053599908926061,0.9076471748460924,0.9037578738216514,4195
2025-10-25 01:00:00,0.9060242539766064,0.9064317799866257,0.907877027510795,0.9045144567262995,4466
2025-10-25 02:00:00,0.9059816131909884,0.9061893398365679,0.9076396771381243,0.9043563965323279,1425
2025-10-25 03:00:00,0.9065391245118305,0.9059485813015064,0.9078137570419061,0.9046690665466981,4937
2025-10-25 04:00:00,0.9081842509336172,0.9064538587848766,0.9098527629924194,0.9051437109873953,727
2025-10-25 05:00:00,0.9079087325942018,0.9083767467441433,0.9101074140515404,0.9069552229985458,3897
2025-10-25 06:00:00,0.906147871239765,0.9079874986943286,0.9093279014404396,0.9050687808605961,1992
2025-10-25 07:00:00,0.9042979542787432,0.90602317439702,0.9074475611043545,0.9026841802939151,3170
2025-10-25 08:00:00,0.9032366585986958,0.9041321764022417,0.9053644049711814,0.9017822854571798,4191
2025-10-25 09:00:00,0.9021108573368559,0.9033933782536898,0.9049162012056509,0.9007294545312522,2301
2025-10-25 10:00:00,0.902375324426512,0.9021131297205613,0.9034056401992376,0.9004178966397839,499
2025-10-25 11:00:00,0.901398668242195,0.902165875789834,0.9040036027238645,0.9003981541701912,4086
2025-10-25 12:00:00,0.9010053622904095,0.9011576787228737,0.9028173266167043,0.8994591971114386,744
2025-10-25 13:00:00,0.900526459228431,0.9008546089315254,0.9018814991490509,0.899494228060091,3551
2025-10-25 14:00:00,0.9004478497954134,0.9003590455435992,0.9015853805731925,0.8986091492641965,2256
2025-10-25 15:00:00,0.9024848549932412,0.900170866773655,0.9039526334646515,0.8986697255827062,2415
2025-10-25 16:00:00,0.9037291921005578,0.9023358065091283,0.9049930796697109,0.9007187183103322,1384
2025-10-25 17:00:00,0.904198547398889,0.9036045374042406,0.9057025730562478,0.9024385679785203,2550
2025-10-25 18:00:00,0.904095315862192,0.9041358012010542,0.9053944656086849,0.9021473254531331,1017
2025-10-25 19:00:00,0.9040254366742444,0.9043248809236115,0.9060944596632671,0.9021273743681755,1221
2025-10-25 20:00:00,0.9048687324381868,0.9039892179542369,0.9062282905582308,0.9025150838999534,2418
2025-10-25 21:00:00,0.9060197353262095,0.9048459585216657,0.9080366861449405,0.9031674858268054,3964
2025-10-25 22:00:00,0.9053805943188887,0.9060888958147999,0.9076106618618827,0.9041045201603735,2617
2025-10-25 23:00:00,0.9058743712256259,0.9053483472651276,0.9068664655405324,0.9043342610998945,4403
2025-10-26 00:00:00,0.9038864277432302,0.9059286251505876,0.9078502415752027,0.9023148068271695,1444
2025-10-26 01:00:00,0.9045904842842349,0.9039245039753461,0.906245526369019,0.9028170979962331,180
2025-10-26 02:00:00,0.9059550633745853,0.9046071432439924,0.9074173149693787,0.9028921104768027,1609
2025-10-26 03:00:00,0.9060689810223282,0.9063310547405067,0.907865926567066,0.9044250480240835,648
2025-10-26 04:00:00,0.9086988134176964,0.9061931718683318,0.9097377160225912,0.9047659996851755,2663
2025-10-26 05:00:00,0.9080913272807731,0.9085514680647703,0.9094220435666067,0.906680345179022,4957
2025-10-26 06:00:00,0.9088022557791371,0.9081417960944653,0.9101540764942992,0.9065088724291568,2494
2025-10-26 07:00:00,0.9092092660831379,0.9086942776129999,0.9109491572127091,0.9072555728676955,972
2025-10-26 08:00:00,0.9095389088822058,0.9092701484480925,0.9110111910223916,0.9080162021882089,2960
2025-10-26 09:00:00,0.9098517222806001,0.9093512263862186,0.9116830276531982,0.9083998419046446,3708
2025-10-26 10:00:00,0.9104302483166115,0.9097004388929002,0.9121567574988032,0.9080728901247961,4365
2025-10-26 11:00:00,0.9118977988087679,0.9104772895989958,0.9132712834172872,0.9090091964254309,2456
2025-10-26 12:00:00,0.9140010822922976,0.9120345794062076,0.9156966704479153,0.9099079748949436,2179
2025-10-26 13:00:00,0.9144483819988926,0.9140700286390133,0.9162377550380011,0.9127246678065778,2654
2025-10-26 14:00:00,0.9158767612854986,0.9145657219316093,0.9172285453862301,0.9131089184490541,1147
2025-10-26 15:00:00,0.9154846409499784,0.9159280950578561,0.9172426095465943,0.9140220159364019,631
2025-10-26 16:00:00,0.9168537874932499,0.9155083640052373,0.9182676999428697,0.913954088794523,3881
2025-10-26 17:00:00,0.9163893976646574,0.9167845506168191,0.9174960606848745,0.9152806248472525,775
2025-10-26 18:00:00,0.9181481895879632,0.9165013660854782,0.9196026552851655,0.9151454123144603,3476
2025-10-26 19:00:00,0.9212509586408351,0.9182898152343231,0.9228319463335638,0.9166791941864408,2931
2025-10-26 20:00:00,0.9215544579752694,0.9212422339588281,0.9229767421143885,0.9199519001581385,2409
2025-10-26 21:00:00,0.9193734057863004,0.9215383331712811,0.9230124586286811,0.9177764021226443,1950
2025-10-26 22:00:00,0.9191657182664067,0.9195928206361982,0.9209595806153962,0.917760300288356,4920
2025-10-26 23:00:00,0.9210939684275539,0.9191628967096747,0.9219237759348988,0.9176702074521103,4007
2025-10-27 00:00:00,0.9231680063788985,0.9211044490436624,0.9250132146757186,0.9194008893416948,902
2025-10-27 01:00:00,0.9241014323739298,0.9232351274571405,0.9253856111730651,0.9219120051978932,4862
2025-10-27 02:00:00,0.9278839387087605,0.9240878194458291,0.9291037989230788,0.9231001383637217,735
2025-10-27 03:00:00,0.9297006391059421,0.9277695380704097,0.9314739453017075,0.9264492720327936,4080
2025-10-27 04:00:00,0.934267108558884,0.929753607226749,0.9359428195187667,0.9285835932795079,2190
2025-10-27 05:00:00,0.9377149473463101,0.9342616573860566,0.9391983371477571,0.9334530853059244,2088
2025-10-27 06:00:00,0.9434213240440738,0.937975650001981,0.9450542079709937,0.9365907117325024,2570
2025-10-27 07:00:00,0.9447668093587223,0.9435330590472543,0.9458566011793333,0.9420594975650017,2462
2025-10-27 08:00:00,0.9481615321143246,0.9446821173491632,0.9495607641324132,0.9429695210593756,717
2025-10-27 09:00:00,0.9470098055902529,0.9482650961907905,0.9500534628735093,0.9459129723339733,867
2025-10-27 10:00:00,0.9447543275469067,0.9470534342272028,0.9482786459193273,0.943312105452156,3704
2025-10-27 11:00:00,0.9511547061984779,0.944941147595334,0.9522965674313557,0.9431925187221858,3508
2025-10-27 12:00:00,0.951965473734688,0.9510798168530027,0.9534158704200499,0.9498159819315594,2025
2025-10-27 13:00:00,0.9549837758566719,0.9519925011337742,0.9564454903574002,0.950406400545877,2292
2025-10-27 14:00:00,0.9554478009107147,0.9549695740353055,0.9570665890136978,0.9530784414866725,1977
2025-10-27 15:00:00,0.9532483672197648,0.9554561627228966,0.9564919188055526,0.952351097679407,4301
2025-10-27 16:00:00,0.9532895530669488,0.9531217895831942,0.9539903991239329,0.9516138796988424,439
2025-10-27 17:00:00,0.9586745306335778,0.9533723698441373,0.9603774909052207,0.9515999081757875,3294
2025-10-27 18:00:00,0.9607566809121256,0.9587347649291386,0.9618856712836746,0.957394714819153,1609
2025-10-27 19:00:00,0.9543386565631364,0.9609406616991191,0.962197528469422,0.9525101169839185,935
2025-10-27 20:00:00,0.9535314898509758,0.9543372225682991,0.9551429846685346,0.9519197674831937,869
2025-10-27 21:00:00,0.9602150915736185,0.9534721716743069,0.9619500790693718,0.9515221600012489,2113
2025-10-27 22:00:00,0.9594133533416812,0.9603286805085061,0.9618686362896269,0.9578065859524146,811
2025-10-27 23:00:00,0.9526615582476781,0.9592998621441199,0.9608175076068001,0.9507031131882505,3417
2025-10-28 00:00:00,0.9597604915680126,0.9528177570412885,0.9612875055655957,0.9512917378514514,1707
2025-10-28 01:00:00,0.9623194634798106,0.9599167975575102,0.9631681824334056,0.9588681952704998,4303
2025-10-28 02:00:00,0.9620569152592625,0.9625008995589974,0.9636596492063385,0.9607959473701703,814
2025-10-28 03:00:00,0.9606640987489548,0.9621111864862844,0.9634219952291766,0.958929611034695,1818
2025-10-28 04:00:00,0.9647229184856737,0.9605936986174469,0.9659533040699925,0.9588575766052498,1974
2025-10-28 05:00:00,0.9626904807348254,0.9647386855833828,0.9661043068292089,0.9613361489314052,3380
2025-10-28 06:00:00,0.9669964423267604,0.9627456095252326,0.9685183592612282,0.9607716891210275,1550
2025-10-28 07:00:00,0.9690296746482263,0.9669150232453314,0.970775799738445,0.9655643802768524,950
2025-10-28 08:00:00,0.9699472318688038,0.9692236325163567,0.9709714367770182,0.9676342836772199,2088
2025-10-28 09:00:00,0.9704929123888123,0.970031677004786,0.9719460793533157,0.9684494969913341,4533
2025-10-28 10:00:00,0.9698367822511341,0.9703631157928063,0.9720248953357826,0.9687691287570723,4090
2025-10-28 11:00:00,0.9737579327019189,0.9701118017279442,0.9749486196058008,0.9686834425448083,2918
2025-10-28 12:00:00,0.970512897081537,0.9737721103340574,0.9751717356715032,0.9683640855700515,4979
2025-10-28 13:00:00,0.9644306778559237,0.970354619100648,0.9719362522693302,0.9632508705835376,3866
2025-10-28 14:00:00,0.9667348283167705,0.9643102825194018,0.968188181357699,0.9626788717959825,3851
2025-10-28 15:00:00,0.9691019720470223,0.9669511004194693,0.9707516349188872,0.9658330617867805,2044
2025-10-28 16:00:00,0.9709028763689415,0.9693677545126951,0.9723868134945021,0.9681830653790118,2528
2025-10-28 17:00:00,0.9724318577550091,0.9710501246828314,0.9737995260209986,0.970004066431677,4708
2025-10-28 18:00:00,0.9712298313362433,0.9726240605424462,0.9737392140802237,0.9694987877282825,4637
2025-10-28 19:00:00,0.974182891477689,0.9714076122310636,0.9757164020285963,0.9702010051638987,3628
2025-10-28 20:00:00,0.9740120485023595,0.9742642579341086,0.9757544884138021,0.9721806640588208,576
2025-10-28 21:00:00,0.9721853726493025,0.9740600319443244,0.9752287449708192,0.9708820570877392,852
2025-10-28 22:00:00,0.9710157802283448,0.9722640050014527,0.9738900842890648,0.9695219697673295,2338
2025-10-28 23:00:00,0.9785931790987542,0.9711238191822005,0.9804333032558793,0.9695351570721672,2795
2025-10-29 00:00:00,0.9720870187910838,0.9784850444294584,0.9797506745868765,0.9711004116082519,3155
2025-10-29 01:00:00,0.9739612241821931,0.9721939537040916,0.9752095603702678,0.9706735079258921,1431
2025-10-29 02:00:00,0.9676645600786041,0.9741729419566726,0.9754026069536401,0.966111488132864,3922
2025-10-29 03:00:00,0.967258685059893,0.9676346177500554,0.9685983957879565,0.9654769896326771,4183
2025-10-29 04:00:00,0.9656325819905648,0.9672133127197315,0.9692424394407724,0.9644620914381794,1121
2025-10-29 05:00:00,0.9578137258780153,0.9657010483799656,0.9670087843951415,0.956611771711152,3935
2025-10-29 06:00:00,0.9592726168421419,0.9577202460732506,0.960464478291843,0.9560915312580257,838
2025-10-29 07:00:00,0.9578474741089212,0.9590834201342725,0.9601964077556415,0.956004846071984,2523
2025-10-29 08:00:00,0.9499754503243165,0.9580110198457167,0.9593254151506235,0.9487193459993151,4401
2025-10-29 09:00:00,0.95312383066472,0.949910978465457,0.9543547302263166,0.9488344833314952,1579
2025-10-29 10:00:00,0.9585051038321785,0.9531264831232492,0.960356381634685,0.9517798011269551,3456
2025-10-29 11:00:00,0.9640930701157906,0.9584168712335874,0.9651780398785067,0.957263812935248,4278
2025-10-29 12:00:00,0.9654391567682337,0.964277964479577,0.9664417071461118,0.9627145957096833,2504
2025-10-29 13:00:00,0.9656118747878979,0.9655627323226924,0.9672201353787324,0.9644271248954417,4267
2025-10-29 14:00:00,0.9705924621162572,0.9655768257903014,0.9720171346642692,0.9638376489034698,3225
2025-10-29 15:00:00,0.9769014005612825,0.9704195656080339,0.9783014141252817,0.9688919018435473,2575
2025-10-29 16:00:00,0.981152283197066,0.9768503419157606,0.9827887381361081,0.9750830610058846,679
2025-10-29 17:00:00,0.9776215171887043,0.9812358922291992,0.982742420176463,0.9768658085073909,3614
2025-10-29 18:00:00,0.9783765603882603,0.9776492007014028,0.9798303836599632,0.9766976758942462,1623
2025-10-29 19:00:00,0.9800247459293531,0.9783925982057545,0.9810815126590758,0.9765425057387476,1498
2025-10-29 20:00:00,0.9732386822959135,0.9800556509426096,0.9810284725484302,0.9719889039679126,4605
2025-10-29 21:00:00,0.9749987847694914,0.9733496561064532,0.9762564079004727,0.9723160743496289,1809
2025-10-29 22:00:00,0.9835225041169141,0.974992609349111,0.9846778386764746,0.9735771331262536,1862
2025-10-29 23:00:00,0.9859222647386671,0.9835890558589501,0.9874807729329433,0.9820384922414838,4725
2025-10-30 00:00:00,0.9914475637940736,0.98577549294204,0.9923997356849098,0.9843353205294469,1518
2025-10-30 01:00:00,0.9921334940320563,0.9918276279282632,0.9934886015214858,0.9902001279340902,3707
2025-10-30 02:00:00,0.991858925317117,0.9920912617721466,0.993527550407227,0.9902721989459803,2648
2025-10-30 03:00:00,0.9932886930299206,0.9918892593120237,0.9947668093272322,0.9903158449239491,453
2025-10-30 04:00:00,0.990229343099979,0.9933728326475953,0.9949766964981803,0.9883434401299656,2950
2025-10-30 05:00:00,0.98661518614785,0.9901685492763,0.9915518212013861,0.9851394605263024,2342
2025-10-30 06:00:00,0.9913638282372351,0.9866163497305473,0.9926523557510818,0.985142265153985,3656
2025-10-30 07:00:00,0.9965101120229846,0.9913631817923547,0.9983769183072596,0.9896284136941292,2039
2025-10-30 08:00:00,0.992793463339532,0.996373994366452,0.9977678666530884,0.9911396700609441,1277
2025-10-30 09:00:00,0.996423458856609,0.9928590164583941,0.998342310481716,0.9916342700099935,1231
2025-10-30 10:00:00,0.9960973589480864,0.9961770410289976,0.9975740295490717,0.9946307391877226,2687
2025-10-30 11:00:00,0.9973716411024255,0.9963595742024245,0.9988628304938525,0.9947323935582719,4975
2025-10-30 12:00:00,0.9990974610003069,0.9974904793820999,1.0005545205550246,0.9961677227420852,2308
2025-10-30 13:00:00,1.002826275255773,0.9991936003043107,1.004400076297476,0.9978515706857003,765
2025-10-30 14:00:00,1.00313646851276,1.0025649619004124,1.0045148237048673,1.0014790040269381,4129
2025-10-30 15:00:00,1.0084245759951422,1.0030165877040604,1.0099662963201763,1.0023760705071099,1639
2025-10-30 16:00:00,1.009584874144242,1.008634975267982,1.011562897461372,1.0072338971982904,2179
2025-10-30 17:00:00,1.0119255651660026,1.010214986238768,1.0137618614957793,1.0086584567651549,4258
2025-10-30 18:00:00,1.008800830447738,1.0121063461786346,1.0139390563396398,1.0076191456245662,643
2025-10-30 19:00:00,1.016895801737881,1.0089589999578166,1.0180117643710733,1.00701331053535,748
2025-10-30 20:00:00,1.0186576451998997,1.0169760170895312,1.0198249902074394,1.0157678993621957,1087
2025-10-30 21:00:00,1.0213313855449437,1.0185278088771286,1.0229301013787542,1.0167162129692837,1943
2025-10-30 22:00:00,1.0153006887529004,1.0214829456847592,1.0232406559418576,1.013650214926272,4302
2025-10-30 23:00:00,1.0122155561663537,1.0151334898733242,1.0164941700829917,1.0100363566703214,3207
2025-10-31 00:00:00,1.016857619996049,1.0120309072538798,1.0181701030807517,1.01034093890521,3899
2025-10-31 01:00:00,1.0179334616896463,1.016663164778828,1.0198860137120096,1.0155779284264443,1750
2025-10-31 02:00:00,1.0107567876840378,1.0180813944328235,1.0198055059632802,1.008920940041471,2121
2025-10-31 03:00:00,1.0146503749177271,1.0107480494051841,1.0164943964547817,1.0087093382292174,2103
2025-10-31 04:00:00,1.0126111894014045,1.0146656944238028,1.0160505060272855,1.0116306412095017,656
2025-10-31 05:00:00,1.0179036280984421,1.0126088374428928,1.0192716842878353,1.0108868105105289,2795
2025-10-31 06:00:00,1.0175742443036784,1.0177318030746356,1.0195478344330813,1.015785252667803,1728
2025-10-31 07:00:00,1.0183418943762554,1.0174717892964609,1.0197891437927495,1.0160092960105103,4768
2025-10-31 08:00:00,1.022762974045974,1.0182467120334728,1.0241096899214137,1.0174556932381953,3487
2025-10-31 09:00:00,1.019397375405269,1.022548094542219,1.0237979175901828,1.0179587889511994,4367
2025-10-31 10:00:00,1.0156741998758918,1.019320558427502,1.0206882769427597,1.014327741678956,1055
2025-10-31 11:00:00,1.014937330799399,1.0155095811325971,1.0172984336179793,1.0129491368138461,648
2025-10-31 12:00:00,1.0180392287979785,1.015025545267155,1.0191052182272293,1.0135255432474448,2239
2025-10-31 13:00:00,1.013048439100678,1.0181396681536747,1.0198504189986761,1.0116541737971918,2890
2025-10-31 14:00:00,1.006793309351094,1.0128530750186697,1.0141493560103376,1.0054602684359486,2843
2025-10-31 15:00:00,1.0098822628275081,1.0067483748774981,1.0113333726301812,1.00513486146115,3301
2025-10-31 16:00:00,1.0076210941553818,1.0101627935907727,1.0116300171924186,1.0060924720370445,4178
2025-10-31 17:00:00,1.0061502466069308,1.0074730749306775,1.0089156695484773,1.0048794622220942,1696
2025-10-31 18:00:00,0.9991872075996552,1.0062141902644035,1.007626902799375,0.9976092849791361,1528
2025-10-31 19:00:00,0.9966410351708352,0.9992029827230858,1.0005650852684758,0.995312688558207,1394
2025-10-31 20:00:00,0.9966126578084684,0.996804413006891,0.9981284851252016,0.9958927824955862,1879
2025-10-31 21:00:00,1.0001015747745543,0.9966569823364687,1.001997699417516,0.9949564027470343,3028
2025-10-31 22:00:00,0.9972094616511744,1.0000370609848515,1.001540369001826,0.9955421720759866,4034
2025-10-31 23:00:00,1.0034246221020462,0.9972195105656783,1.0048918451496391,0.9956542466853642,2133
2025-11-01 00:00:00,1.000857537011372,1.0034368380603,1.0047445627050409,0.9994891048523669,2148
2025-11-01 01:00:00,0.9982959427554275,1.0008438061721054,1.0022190754877864,0.9968200800524197,4534
2025-11-01 02:00:00,1.0040610335750444,0.9980972724937426,1.005373992617557,0.996344398008858,1781
2025-11-01 03:00:00,1.004854009146409,1.0042484019607048,1.0065920079079862,1.0029315844913402,901
2025-11-01 04:00:00,1.0027839164126158,1.005014419513884,1.006291886275502,1.0010211288389743,1789
2025-11-01 05:00:00,1.0022021671706884,1.002626943136766,1.0034548886433527,1.0011422925707036,301
2025-11-01 06:00:00,1.007276193086471,1.002156730105196,1.008804727065502,1.0005949999593091,1892
2025-11-01 07:00:00,1.0127744536600674,1.0072419989341002,1.0142087273727325,1.005715011307393,4508
2025-11-01 08:00:00,1.009711479237804,1.0125992911137445,1.0139364152065273,1.0078931852562838,4069
2025-11-01 09:00:00,1.0095523524500072,1.0094287849532542,1.0113427600662672,1.0081927686347354,4491
2025-11-01 10:00:00,1.0098904405537605,1.0094507686837064,1.0105771096197358,1.0081812788810443,1570
2025-11-01 11:00:00,1.0061920401393234,1.0098366491740833,1.0118217385037391,1.0051036908054791,2142
2025-11-01 12:00:00,1.005983221191886,1.0059745616566453,1.007810492462906,1.0046366244309928,4257
2025-11-01 13:00:00,1.00600318191858,1.0060099272209557,1.007329384919477,1.0044170917580924,3794
2025-11-01 14:00:00,1.0102789674645927,1.0061794033083935,1.011657760555226,1.005208881882457,1007
2025-11-01 15:00:00,1.0148068113207598,1.0104071552447504,1.0164825781319067,1.009019786217278,4244
2025-11-01 16:00:00,1.0135722760769135,1.014787550560887,1.0164694367149758,1.0118661936123194,604
2025-11-01 17:00:00,1.0127699517874353,1.0132926890271403,1.014619251005322,1.011282054806419,1348
2025-11-01 18:00:00,1.015261047920144,1.0128789454936917,1.0162915043536098,1.0113331479485401,2711
2025-11-01 19:00:00,1.0130665912366676,1.0152832936724987,1.0174452870033506,1.012004724978869,3306
2025-11-01 20:00:00,1.015273991805683,1.013131216133355,1.0170881211576435,1.0116387772513438,4010
2025-11-01 21:00:00,1.0149443424780484,1.0155687472932264,1.0171389229350438,1.01341319169766,3712
2025-11-01 22:00:00,1.0113090978115287,1.0148192215523097,1.016389514131645,1.0098418086579788,1492
2025-11-01 23:00:00,1.00772096013823,1.0108745459706767,1.012573961668636,1.0061631842268794,1851
2025-11-02 00:00:00,1.0131474302483465,1.0075608644184713,1.0148923933028915,1.0061351001704106,3637
2025-11-02 01:00:00,1.0125608497015592,1.0132212527794442,1.0141063220892728,1.0111805381230816,4735
2025-11-02 02:00:00,1.0187121775536778,1.0125649641631596,1.0201330145525658,1.011354664068382,4352
2025-11-02 03:00:00,1.0167860415759968,1.018526771276446,1.0199132109135822,1.0149636168234986,4839
2025-11-02 04:00:00,1.01787806108024,1.0165692766994063,1.0193555819327043,1.0154170361934605,3409
2025-11-02 05:00:00,1.0268505987915584,1.0178234415082057,1.0286283217563637,1.0162345092184748,2484
2025-11-02 06:00:00,1.0228853984990711,1.026659406985113,1.0276444210140252,1.0207946625576376,3856
2025-11-02 07:00:00,1.015768594124447,1.0229647249603684,1.024077252912278,1.0139093003001072,472
2025-11-02 08:00:00,1.020593307116774,1.015705609195112,1.0219154617510147,1.0140187629617854,4687
2025-11-02 09:00:00,1.0174927729715502,1.0204975939295078,1.022070946604182,1.015890300557522,4602
2025-11-02 10:00:00,1.0174151241061518,1.0173770506894622,1.0191952319475617,1.0158899269234234,2572
2025-11-02 11:00:00,1.0152179308169582,1.0174551931426563,1.0194748646748317,1.0139696237794336,2662
2025-11-02 12:00:00,1.0162235412455407,1.0152244258913972,1.017660576593692,1.013777475404541,2695
2025-11-02 13:00:00,1.012659030468594,1.016254218323505,1.018025505067037,1.010965396019103,780
2025-11-02 14:00:00,1.0119842551390317,1.0126863736927467,1.014419952049434,1.010347963138969,1108
2025-11-02 15:00:00,1.0136710626136187,1.011973277760087,1.0153562915107242,1.0102129196157983,3687
2025-11-02 16:00:00,1.0098899042900902,1.0135145603917115,1.015022038925344,1.0080055491427384,260
2025-11-02 17:00:00,1.007264589178918,1.0097795513843457,1.0111697179559629,1.005801574784892,3467
2025-11-02 18:00:00,1.0059619035529235,1.0072050349910893,1.0083924525048216,1.0043950621119788,1595
2025-11-02 19:00:00,1.000603845674575,1.0062718698975184,1.0074330928139565,0.9996730053388098,785
2025-11-02 20:00:00,0.9990192419890797,1.0004017186588163,1.0020042699478657,0.996844517628798,3021
2025-11-02 21:00:00,0.9994647290137155,0.998956429153477,1.0009476080933888,0.9975813202766209,1446
2025-11-02 22:00:00,0.997966420482759,0.99947943909765,1.00085199000521,0.9962743606745036,2291
2025-11-02 23:00:00,0.996948758634265,0.9979210594009847,0.9996153165793509,0.995577314221194,4334
2025-11-03 00:00:00,0.9968741273683653,0.9971093505016811,0.9985447029536871,0.9955097292856556,3519
2025-11-03 01:00:00,0.9944150893842442,0.996828111118795,0.9980473100139208,0.9929941702343038,4850
2025-11-03 02:00:00,0.9970065740062449,0.9943800134867197,0.9984223737692194,0.9932569210755618,2045
2025-11-03 03:00:00,1.0023914919742516,0.9971290605099202,1.0041418569252833,0.9963713164886006,2085
2025-11-03 04:00:00,1.0006500655035186,1.0026632752858677,1.003856996803273,0.9988009572220278,3467
2025-11-03 05:00:00,1.00246955887156,1.0008617116446252,1.004036201301555,0.9991938922458405,759
2025-11-03 06:00:00,1.0015709945386801,1.0024490285865677,1.003934731232995,1.0003438261452309,4299
2025-11-03 07:00:00,1.0029415720825745,1.001563545559477,1.0042170700801465,0.9999231612665445,1824
2025-11-03 08:00:00,1.0088132453245866,1.002948641731517,1.0102376839210243,1.0011860632046994,2402
2025-11-03 09:00:00,1.0107207186109044,1.00883553162675,1.0117602399148025,1.0075295855362836,2587
2025-11-03 10:00:00,1.004070414090368,1.0105930990350966,1.0121322305987768,1.0024402511647288,426
2025-11-03 11:00:00,1.005772897708294,1.0042117141892255,1.0068697736206635,1.0023992702052729,1572
2025-11-03 12:00:00,1.0103961367457028,1.0058042112679642,1.0122368068771765,1.0047246087551043,784
2025-11-03 13:00:00,1.00956515110821,1.0103893439589469,1.0118758360396616,1.0078892493788862,3095
2025-11-03 14:00:00,1.0132987816311518,1.0093719435990085,1.0146449043791421,1.0077412255041795,3561
2025-11-03 15:00:00,1.0107108483518321,1.0133082246331455,1.01517618787658,1.0086246045118477,138
2025-11-03 16:00:00,1.0051400765036236,1.0104254068179375,1.0116219711448255,1.0034643968515995,139
2025-11-03 17:00:00,1.005669460324246,1.005052334456337,1.0069523879554108,1.0036677933926528,4100
2025-11-03 18:00:00,0.9990826726214473,1.0055850731500156,1.0065354265657518,0.9976725240738382,1740
2025-11-03 19:00:00,0.9981835313230963,0.9991256437027437,1.0010150572878729,0.9960803405507237,4238
2025-11-03 20:00:00,1.003009189808017,0.9984663573506685,1.0050772540442168,0.9970686190622419,3325
2025-11-03 21:00:00,0.9958475789114684,1.0030946197077735,1.0040883977227617,0.9941786938803164,3939
2025-11-03 22:00:00,0.9910494659267912,0.9960628946265483,0.9973069275729612,0.9896337658032669,1983
2025-11-03 23:00:00,0.9871793450074353,0.9911450069463565,0.9926464515215674,0.9853783561331925,1586
2025-11-04 00:00:00,0.9869418955335192,0.9873458993709886,0.9886736241695604,0.9851267109936933,3640
2025-11-04 01:00:00,0.9855704575873458,0.9872164450117749,0.9886855417546758,0.9840988041061037,3198
2025-11-04 02:00:00,0.9908172190187062,0.9854616901071023,0.992268489427564,0.9840963720737904,2893
2025-11-04 03:00:00,0.9943960252528001,0.9906983233965545,0.9960091996756331,0.9893351878401516,1889
2025-11-04 04:00:00,0.9962532988005574,0.9944959710126813,0.9974604692357426,0.9935178276605149,3107
2025-11-04 05:00:00,0.9967994124793469,0.9962527487984302,0.9983522245059175,0.9947274785542728,2007
2025-11-04 06:00:00,0.99827402414304,0.9968324085054586,0.9994371748750773,0.9953109202211151,4461
2025-11-04 07:00:00,0.9950415903106149,0.9982369090580729,0.9996065267168138,0.9937926534940332,3574
2025-11-04 08:00:00,0.9982561291364522,0.9949523074727917,0.9992333965329151,0.9940044067150892,2045
2025-11-04 09:00:00,0.9940859631826052,0.99849780604748,0.999868288288688,0.9925333145830428,4233
2025-11-04 10:00:00,0.9972186269097386,0.993921442884148,0.9985431114743011,0.9923261055860741,448
2025-11-04 11:00:00,1.0016666612926843,0.9973217573461364,1.003452706879802,0.9957006664602099,4171
2025-11-04 12:00:00,1.0024574035505147,1.0017454887716115,1.003943267946371,1.000539514007828,2132
2025-11-04 13:00:00,1.0017966045794073,1.002220126026501,1.003759637930262,1.0001746638936062,1232
2025-11-04 14:00:00,1.0032977667355687,1.0016715765719477,1.004795955564657,1.0002203813521062,4168
2025-11-04 15:00:00,0.9925670728476912,1.0031991020110258,1.0040539676202576,0.9908208035701136,3324
2025-11-04 16:00:00,0.9937005411670117,0.9926512269785317,0.994595782004938,0.9914512802064643,463
2025-11-04 17:00:00,0.9932754636751124,0.9936458561222574,0.9950408089155524,0.9914428098909566,1408
2025-11-04 18:00:00,0.9930856082511487,0.9932627139743387,0.9948353325613025,0.9911461161153494,2310
2025-11-04 19:00:00,0.9957351051745155,0.9928678936545015,0.9971585487770648,0.9913396159056194,3179
2025-11-04 20:00:00,0.9954547217186477,0.9960824061446212,0.9973175487512669,0.9938409878762763,4051
2025-11-04 21:00:00,0.9911789460062058,0.9954653068583991,0.9968806172860991,0.9894590842430441,1899
2025-11-04 22:00:00,0.9906486859906106,0.9912530961936882,0.9926418611663218,0.9894675460787217,4062
2025-11-04 23:00:00,0.9909020190559137,0.9905683299573848,0.9926199468521482,0.9892265291255928,3970
2025-11-05 00:00:00,0.9913330212243425,0.9908049734029323,0.9930350468310876,0.9892631855154568,1953
2025-11-05 01:00:00,0.9919402188516615,0.9916176115496268,0.993263442941639,0.9895265337643033,4693
2025-11-05 02:00:00,0.9958378527701061,0.9916539072622396,0.9973166946107349,0.9905174888609163,4726
2025-11-05 03:00:00,0.991765223196228,0.9958793056409083,0.9974491309297179,0.989790303883789,1520
2025-11-05 04:00:00,0.9924240999068461,0.991584874347428,0.9940391642562841,0.9901537669532167,2826
2025-11-05 05:00:00,0.9972613362766645,0.992363516107982,0.9992516499351844,0.9908779269045828,4357
2025-11-05 06:00:00,0.99075654316315,0.9971665068363138,0.9986442754160807,0.988908372724869,2740
2025-11-05 07:00:00,0.9914302182160751,0.9906099139526757,0.9932649822182813,0.9885215307951128,3726
2025-11-05 08:00:00,0.9892350488336762,0.9914354772462577,0.992575051367519,0.9876257080972228,4016
2025-11-05 09:00:00,0.987844884891902,0.9888545266650632,0.9901473171446575,0.9860179407587567,2873
2025-11-05 10:00:00,0.9844518567548479,0.9877982974086306,0.9886441902998541,0.9832469785405886,1862
2025-11-05 11:00:00,0.9838160415709712,0.9844385324459266,0.98595891384866,0.9824965873292382,2672
2025-11-05 12:00:00,0.9907207501250721,0.9836140420490188,0.9923992858757442,0.9825299303084953,4178
2025-11-05 13:00:00,0.9859791362706576,0.9909445504382666,0.9916676522216685,0.984652675294545,1664
2025-11-05 14:00:00,0.981593098761362,0.9858916088349273,0.9874194446627748,0.9799542599418878,4237
2025-11-05 15:00:00,0.9767108441232489,0.9815583057461235,0.9832004136517902,0.975183616425802,1096
2025-11-05 16:00:00,0.9831886626981043,0.9766235046480799,0.9848248570323082,0.9746393013140091,2364
2025-11-05 17:00:00,0.9814548888023995,0.9831766546779558,0.9842967318883834,0.9793777246119117,508
2025-11-05 18:00:00,0.9813587423260958,0.9816474525987572,0.9833471031255846,0.9799268921530104,4284
2025-11-05 19:00:00,0.9798483062969474,0.9817222193781338,0.9831947269363804,0.9785783301229241,3591
2025-11-05 20:00:00,0.9763067205029358,0.9799575021817939,0.9815950724623738,0.9745024951687998,679
2025-11-05 21:00:00,0.9754249055781317,0.9764659089355485,0.977892216817527,0.9735918216524321,1189
2025-11-05 22:00:00,0.9846433190996438,0.975678415905985,0.9862328398476328,0.9740711093198271,2686
2025-11-05 23:00:00,0.9898635850532972,0.9846802713620834,0.9916777780685865,0.9829859532237677,2527
2025-11-06 00:00:00,0.9866650682365762,0.9900959818061013,0.9915155889782763,0.9850225216998741,651
2025-11-06 01:00:00,0.9890934711230575,0.9867826320545598,0.9906614131932203,0.9855923836837577,4460
2025-11-06 02:00:00,0.9859752607255585,0.9891147663191782,0.9909634015148122,0.9848567422672225,2358
2025-11-06 03:00:00,0.9793138820798852,0.9860267248013336,0.9874565533794805,0.9778598659376289,3388
2025-11-06 04:00:00,0.9831370480211276,0.9790452767053981,0.9842798279939823,0.9776298293586788,3787
2025-11-06 05:00:00,0.9874873961960409,0.983180317634309,0.9891689025096516,0.9816170429844006,929
2025-11-06 06:00:00,0.9914100921374704,0.9872578231653185,0.9933239729189187,0.9858097373125633,1733
2025-11-06 07:00:00,0.9896480974528971,0.9911688254589093,0.9930359302505352,0.9886693151079233,3698
2025-11-06 08:00:00,0.9890226884503897,0.9896767116628318,0.9913723874323664,0.9881658565319288,3891
2025-11-06 09:00:00,0.9918343092766077,0.9888569412442971,0.9926245559650466,0.9871497671440845,1152
2025-11-06 10:00:00,0.9918541045214254,0.9918332509060933,0.9931526896881895,0.9905426871832533,1666
2025-11-06 11:00:00,0.990931739555869,0.9918746813952866,0.9931872892511661,0.9895143477787651,3921
2025-11-06 12:00:00,0.9885388533717272,0.9909588823022443,0.992454996826885,0.9872215189778083,1785
2025-11-06 13:00:00,0.9882255036046976,0.9884048319968081,0.9903876861620851,0.9870138548719611,480
2025-11-06 14:00:00,0.989070315171781,0.9883588326147896,0.9902333011483211,0.9871541010113133,2539
2025-11-06 15:00:00,0.9871832092249401,0.9890571014427144,0.9912019155326173,0.9854004048078892,794
2025-11-06 16:00:00,0.9874997204829512,0.9872485435415722,0.9888677054366158,0.985838142222653,3010
2025-11-06 17:00:00,0.9874475705171116,0.9873225072744418,0.9887015594212426,0.9856532969801053,4677
2025-11-06 18:00:00,0.9878977484329904,0.9874211451083352,0.9896300878053172,0.9857113653116919,594
2025-11-06 19:00:00,0.9884941190326532,0.9880604488045243,0.9902509610107879,0.9864838310869879,1473
2025-11-06 20:00:00,0.9872107607423427,0.9886377845023461,0.9903110910188018,0.9854924088161795,2875
2025-11-06 21:00:00,0.9848204094621448,0.9870929822263739,0.9883428802062022,0.9833389512542439,838
2025-11-06 22:00:00,0.9837301860313253,0.984739907153099,0.9863636604991941,0.9818521028425291,2721
2025-11-06 23:00:00,0.9843471388123577,0.9835842043882373,0.9855184456381745,0.9818645254059227,1153
2025-11-07 00:00:00,0.9832467341281266,0.9842503264336397,0.9854900297172152,0.9814897381332935,3215
2025-11-07 01:00:00,0.9819638821394974,0.9830406590590794,0.9844856571598958,0.9807674134532197,1869
2025-11-07 02:00:00,0.9793282617291879,0.9819435842089566,0.9831716725434586,0.9777819287125219,4635
2025-11-07 03:00:00,0.9809814387946489,0.9794214262817087,0.9827627289001086,0.978489991212663,4204
2025-11-07 04:00:00,0.9815222951643593,0.9808658567613434,0.982824333310233,0.9789810327431373,4968
2025-11-07 05:00:00,0.981996170341889,0.981508948910972,0.9834042184487778,0.9802195860184412,847
2025-11-07 06:00:00,0.9827074408060243,0.9819636675280092,0.9839220087469976,0.9806325024444686,4746
2025-11-07 07:00:00,0.9829494908398765,0.9828630100690243,0.9847298904868845,0.9817918004811081,177
2025-11-07 08:00:00,0.9822062962136611,0.9828593844369532,0.9841364116487885,0.9807436746435659,1173
2025-11-07 09:00:00,0.9815597792887144,0.9821216048643107,0.9839302301830304,0.9801664312944601,4338
2025-11-07 10:00:00,0.9805967020512039,0.9814353384594741,0.9832205766072686,0.9785896076019932,4325
2025-11-07 11:00:00,0.9833083909565019,0.980428923652821,0.984651804299256,0.978700493056643,1568
2025-11-07 12:00:00,0.9835254853940613,0.9833864609953383,0.9850095273358085,0.9820630245129782,4224
2025-11-07 13:00:00,0.9825189248644396,0.983505573056909,0.9848397230338988,0.981536278099748,476
2025-11-07 14:00:00,0.9826275209934391,0.9825270035159422,0.9842623347103345,0.9817262614827157,1747
2025-11-07 15:00:00,0.9809644782920115,0.9828150776479586,0.9842292935308585,0.9797950469785816,236
2025-11-07 16:00:00,0.9823198863543185,0.9811607577001077,0.9836703363163923,0.9800795820169077,2634
2025-11-07 17:00:00,0.98107660343935,0.9820776240598391,0.9835628305539845,0.9795023835935074,4507
2025-11-07 18:00:00,0.981227905958497,0.9811719544583033,0.982233993539309,0.9797427804193931,3105
2025-11-07 19:00:00,0.9820570791141887,0.9812611456826132,0.9835078185411352,0.9797829554463274,2663
2025-11-07 20:00:00,0.9820688013672347,0.9819890819963007,0.9837332936639461,0.9807955507746261,1070
2025-11-07 21:00:00,0.9817321653574183,0.9821170560095774,0.9836303139853149,0.9802147905817542,3091
2025-11-07 22:00:00,0.9812951278592454,0.9814780516387872,0.9832301511159784,0.980241336555225,1688
2025-11-07 23:00:00,0.980777398542981,0.9815103068420375,0.9828704593087259,0.9793322132116911,3118
2025-11-08 00:00:00,0.979635360356268,0.9808530671598957,0.9821875389736867,0.977921905472132,739
2025-11-08 01:00:00,0.9786459802405443,0.9795083520120039,0.9806482830567984,0.9772853000671259,2658
2025-11-08 02:00:00,0.9799714886889254,0.9785599274415587,0.9813221603908112,0.9769595427189094,2538
2025-11-08 03:00:00,0.9793912447297032,0.9797212816769288,0.981767981951514,0.9785029950794526,3869
2025-11-08 04:00:00,0.9779982892064438,0.9793451872817196,0.9808930289974557,0.9771348393962742,4554
2025-11-08 05:00:00,0.97692873209021,0.9779275499956741,0.9792213349479416,0.9753674264535852,4539
2025-11-08 06:00:00,0.9777991769070467,0.976734378313334,0.9789707342447391,0.9749605472403612,1774
2025-11-08 07:00:00,0.978159904866844,0.977913137754502,0.9791580591253517,0.976515807173457,3241
2025-11-08 08:00:00,0.9783822998807227,0.9783472842324842,0.9796061406194709,0.9762500605976949,3300
2025-11-08 09:00:00,0.9776232744420309,0.9783782876429425,0.9800673841277314,0.9765801693772442,4235
2025-11-08 10:00:00,0.9778613094062384,0.9775784424028695,0.9792028280156656,0.9763111293959487,4054
2025-11-08 11:00:00,0.9766390360562976,0.9779250328476172,0.979109255021957,0.97513303179593,147
2025-11-08 12:00:00,0.9758774992186827,0.9766361612730566,0.9778516604808724,0.9742777310804882,4024
2025-11-08 13:00:00,0.9765912646035528,0.9757189722032867,0.9782464346831828,0.9744251555893947,2452
2025-11-08 14:00:00,0.9771903978182557,0.9764955960043488,0.978632360565895,0.9753403414834775,4757
2025-11-08 15:00:00,0.9755621060031147,0.9771470190579999,0.9784267991592382,0.9739172313599846,3059
2025-11-08 16:00:00,0.9740854742596243,0.9755983692466025,0.9769693784686279,0.9725854097119663,1995
2025-11-08 17:00:00,0.9737659168430004,0.9740868380262708,0.9761918910427945,0.9724059420294321,1086
2025-11-08 18:00:00,0.9753872756926039,0.9737966955854657,0.9772072380544592,0.9721876534599742,4751
2025-11-08 19:00:00,0.9726385974952411,0.9751648097099415,0.9770523001104532,0.9712194247534442,885
2025-11-08 20:00:00,0.9725225970227257,0.9727356383884506,0.9736832340801473,0.9711045838564664,541
2025-11-08 21:00:00,0.9704213450248379,0.9725230942497388,0.9739347364045676,0.9690171192142092,767
2025-11-08 22:00:00,0.9692101478326073,0.9707924617527999,0.9720587961331161,0.9679950658628527,2802
2025-11-08 23:00:00,0.9683228337309302,0.9691538445508402,0.9707643126652946,0.9671384035553171,1495
2025-11-09 00:00:00,0.9673682237188059,0.9683697692514093,0.9701283886362355,0.9660697356989723,2946
2025-11-09 01:00:00,0.9662776685912149,0.9677782954132048,0.9693223374240879,0.9648189552488209,4134
2025-11-09 02:00:00,0.9658363170636666,0.9663057877029068,0.9675017432026771,0.9649297657614934,1526
2025-11-09 03:00:00,0.9647440103837098,0.9658265301400137,0.9670823335580043,0.9630234633304902,235
2025-11-09 04:00:00,0.9625390615218848,0.9646015177525545,0.966224523454566,0.9610899278004023,1859
2025-11-09 05:00:00,0.9630249050569122,0.9627598253078623,0.9646774769342767,0.9616230002852472,3051
2025-11-09 06:00:00,0.9634783516574909,0.9628573896640642,0.9649643105528145,0.9609449058010541,3669
2025-11-09 07:00:00,0.964040160829518,0.9635401159150966,0.9655237581684031,0.9620819688287922,433
2025-11-09 08:00:00,0.9617412794340011,0.9639718451744284,0.9654289185670829,0.9606838878377384,4404
2025-11-09 09:00:00,0.9616499812171021,0.9617139681519984,0.963234076133735,0.9597540726290907,3006
2025-11-09 10:00:00,0.9620111558440704,0.9614445054079667,0.9636608013114157,0.959610469187915,2459
2025-11-09 11:00:00,0.9603237133619429,0.9622046313822343,0.9638266658738792,0.9591450449778319,1335
2025-11-09 12:00:00,0.9598847212597614,0.9602837153535092,0.9617303342246876,0.9585379012820611,4798
2025-11-09 13:00:00,0.959295201285389,0.9597098768079253,0.961134703748653,0.9579879467633436,870
2025-11-09 14:00:00,0.961055782075671,0.9594757871166046,0.9624721961853754,0.9585789689016742,2299
2025-11-09 15:00:00,0.9629151773200861,0.9609829659273631,0.9641341324198779,0.9594447992031895,2382
2025-11-09 16:00:00,0.9604679496480899,0.962963384257,0.9641755827452916,0.9587837272012096,2780
2025-11-09 17:00:00,0.9630106620549634,0.9605894935901733,0.964612328755744,0.9589552003178495,1232
2025-11-09 18:00:00,0.9614623911895794,0.9630790269821105,0.9643156015816595,0.9600107501386727,4723
2025-11-09 19:00:00,0.9621891991427723,0.961145354339408,0.9638674304544432,0.9594301099591889,1953
2025-11-09 20:00:00,0.9629037967198089,0.9622896333838893,0.9643333209874716,0.9611732463351773,3589
2025-11-09 21:00:00,0.9612589684475987,0.9628892893375522,0.964567530778024,0.9592927281487105,3201
2025-11-09 22:00:00,0.9614008898002057,0.9612115191753172,0.963026702963057,0.9599921019679113,1094
2025-11-09 23:00:00,0.9608218493070864,0.9613851695610776,0.9630693739817849,0.9595711497106912,4687
2025-11-10 00:00:00,0.9610370453126452,0.9605897541332146,0.9623412593388792,0.9593140396622621,2354
2025-11-10 01:00:00,0.960863852075502,0.9610647428254431,0.9626239076138859,0.9596093905221328,3127
2025-11-10 02:00:00,0.9618494594579462,0.9606670012097083,0.9635051547962994,0.959279838479384,3264
2025-11-10 03:00:00,0.9614899389097215,0.9618082346572142,0.9628029940615485,0.9601144635602604,2584
2025-11-10 04:00:00,0.9608384900264099,0.9615124606417881,0.9634442341456169,0.9593598633652448,3226
2025-11-10 05:00:00,0.9617037671060785,0.9609934258534393,0.9638000754308976,0.9597870734396872,2829
2025-11-10 06:00:00,0.9619502422639088,0.961585503044425,0.9636665408886205,0.9600944981508385,3728
2025-11-10 07:00:00,0.9623784183370938,0.9621597887177581,0.9640546546405675,0.9610310421985735,2413
2025-11-10 08:00:00,0.9611309143303834,0.962514925827087,0.9641263844253114,0.9594780167296847,4080
2025-11-10 09:00:00,0.9594265989927053,0.9610691162610616,0.9624151629942461,0.9577802027770709,2857
2025-11-10 10:00:00,0.9582953324208021,0.9592672226056825,0.9606729929245446,0.9568595530929499,4992
2025-11-10 11:00:00,0.9571003467579854,0.958088050875502,0.9598006110735684,0.9558512438398887,2893
2025-11-10 12:00:00,0.9575937858803689,0.957139381227913,0.9587505925377546,0.9556136087510599,2991
2025-11-10 13:00:00,0.9583149667407218,0.9574878033150821,0.9594474889228349,0.9563055245333006,2511
2025-11-10 14:00:00,0.957678810393283,0.9584872565304997,0.9598096206226469,0.9562323686433959,2046
2025-11-10 15:00:00,0.9589459132158722,0.957581066403351,0.9605731254757263,0.9561863223269579,3963
2025-11-10 16:00:00,0.9601380764883903,0.9588161979405218,0.9613288581199128,0.9566184682583375,3209
2025-11-10 17:00:00,0.959980155188071,0.9601717179875289,0.9615467697350406,0.9588935687747046,2014
2025-11-10 18:00:00,0.9585438850622193,0.9598815142851016,0.9612886541383101,0.9578730893292021,4054
2025-11-10 19:00:00,0.959984337041542,0.9585451162411767,0.9611328999610373,0.95728875990731,631
2025-11-10 20:00:00,0.9594611162203078,0.9601262398050219,0.960863172744725,0.9585157203106418,405
2025-11-10 21:00:00,0.959162514456025,0.9594779825173876,0.9606213485845427,0.9579328762253619,3250
2025-11-10 22:00:00,0.9583049884252971,0.959179902582942,0.9606923627208671,0.9572405810980894,2344
2025-11-10 23:00:00,0.9567872400337405,0.9583344306883099,0.9599091523085427,0.9556116835814443,4000
2025-11-11 00:00:00,0.9545748727173622,0.9565448115707681,0.9581182458245628,0.9534479712089479,3353
2025-11-11 01:00:00,0.954884314705631,0.95463099667556,0.9564912625132433,0.9529228180233918,3922
2025-11-11 02:00:00,0.953494233440955,0.954907188781054,0.9561582509535597,0.9520778738638337,1400
2025-11-11 03:00:00,0.9567156709157512,0.9536223707707415,0.9579094772452278,0.9518786264993391,1335
2025-11-11 04:00:00,0.9549623826166161,0.9568024498946615,0.958342343354366,0.9535183415543187,1331
2025-11-11 05:00:00,0.9530035236466385,0.9549335139529888,0.9563024796695383,0.9513085335205863,3270
2025-11-11 06:00:00,0.9531656901053747,0.953151129869073,0.9548548175069044,0.9518077796377239,3404
2025-11-11 07:00:00,0.9545508662801354,0.9531237904724887,0.9560919047194201,0.9512353398664437,4993
2025-11-11 08:00:00,0.9541783738684673,0.9545862410746843,0.9563850067805818,0.9526122900123721,1162
2025-11-11 09:00:00,0.954415064772692,0.9541338290128906,0.9557133929112369,0.952925488323435,612
2025-11-11 10:00:00,0.9517528078717415,0.9544809866658008,0.9562134244936202,0.9501483954483012,4794
2025-11-11 11:00:00,0.9504897940169115,0.9516991304173492,0.9537050467106832,0.9490563323012625,2661
2025-11-11 12:00:00,0.9487514551419464,0.9507242615648722,0.9521626852476436,0.9473859667966626,1896
2025-11-11 13:00:00,0.9460274001220089,0.9490377272057564,0.9505984756451744,0.9445811073921714,1596
2025-11-11 14:00:00,0.9457177764028376,0.9461513749633782,0.9473059464847621,0.9440860586698121,4429
2025-11-11 15:00:00,0.9425763832569051,0.9459356948760372,0.9476023744209006,0.9417612938878032,3976
2025-11-11 16:00:00,0.9405397480976001,0.9423592293968908,0.9440886162449428,0.9392279605075445,957
2025-11-11 17:00:00,0.939445115544784,0.9403394521408606,0.9416092663255866,0.9378435483709606,1691
2025-11-11 18:00:00,0.9379975725416427,0.9393998720901453,0.9409718133253948,0.9365207252112212,4364
2025-11-11 19:00:00,0.9380232627442913,0.9380033738823265,0.9395092246244883,0.9369133104594414,3694
2025-11-11 20:00:00,0.9379399589745743,0.9379953767456511,0.9395122466258518,0.9371992947183094,4094
2025-11-11 21:00:00,0.9385625174696968,0.9377087719854861,0.9401990006335397,0.9358220004049558,886
2025-11-11 22:00:00,0.939015377948952,0.9387247218179002,0.9405700774014436,0.9373689006273676,2938
2025-11-11 23:00:00,0.9399343532961856,0.9393190986874532,0.941305062996377,0.9374822650137496,428
2025-11-12 00:00:00,0.9394820512161747,0.9401148730360473,0.9417589562036528,0.9378487721688973,2307
2025-11-12 01:00:00,0.9393962114971547,0.9396350116831031,0.9413574480198177,0.9382107724504356,610
2025-11-12 02:00:00,0.9395600279394577,0.9394280794385339,0.9408131582999933,0.9387238135568527,1415
2025-11-12 03:00:00,0.9392800159763269,0.939441256351881,0.9408496694106212,0.9380013222679247,1375
2025-11-12 04:00:00,0.9383533828044265,0.9392902245178578,0.9401998569289882,0.9369563366803971,1024
2025-11-12 05:00:00,0.9375044517632187,0.9386494825281442,0.9402198769360692,0.9359714463526357,4262
2025-11-12 06:00:00,0.9360733816852228,0.9374550287578006,0.9392026171720722,0.9349812307808844,1918
2025-11-12 07:00:00,0.9361293218811146,0.9360094968622392,0.9374612573818865,0.9345553117248525,837
2025-11-12 08:00:00,0.9355665036722125,0.9362847153130424,0.9377255165884454,0.9341132951711901,4942
2025-11-12 09:00:00,0.9343206951714483,0.9357309935472393,0.9370707545603525,0.9326428551943787,263
2025-11-12 10:00:00,0.9330760013882589,0.934202021647473,0.9354941743434988,0.9317622696646102,826
2025-11-12 11:00:00,0.9311735229149195,0.9330394782559844,0.9345010960668846,0.9296530768824945,4281
2025-11-12 12:00:00,0.9318981325244041,0.9311033641957693,0.9330767294759209,0.9296248788407054,2310
2025-11-12 13:00:00,0.9315424737278423,0.9319078703168886,0.9332394328896647,0.9299004661646187,1936
2025-11-12 14:00:00,0.9300571137043544,0.9316964474737851,0.9328391479367238,0.9288907970913723,1595
2025-11-12 15:00:00,0.9305773710038768,0.9299448822318305,0.9321376914625567,0.9294063169029627,2984
2025-11-12 16:00:00,0.9294548324321236,0.9307292901376966,0.9321901806944402,0.9281266962244019,1858
2025-11-12 17:00:00,0.9273170316797089,0.929468971872286,0.9307399791401565,0.9259903098020263,510
2025-11-12 18:00:00,0.9280924984267719,0.9276408699004508,0.9294949609261111,0.9265710165251176,4822
2025-11-12 19:00:00,0.9269979820392925,0.9281368317647354,0.9294659451777874,0.9260268758366217,4545
2025-11-12 20:00:00,0.926057303131042,0.9269845192169104,0.9286913989146245,0.9248278789813377,963
2025-11-12 21:00:00,0.925656719155461,0.9261371014133548,0.9274031186882096,0.924300135142873,2571
2025-11-12 22:00:00,0.9265778262228092,0.9256098603212279,0.9281442185372305,0.9241934671725761,2322
2025-11-12 23:00:00,0.9261518709718487,0.9263284218884945,0.9275217109809389,0.9253976051648459,538
2025-11-13 00:00:00,0.9242629304204745,0.9261185252510447,0.9277306907576741,0.9233627556255016,2053
2025-11-13 01:00:00,0.9244655828254091,0.9242273902273721,0.9261399671974698,0.9225274212923292,3205
2025-11-13 02:00:00,0.9234335951562951,0.9242450229098252,0.9259306141659818,0.9221009719224557,610
2025-11-13 03:00:00,0.9252491039221304,0.9234234587947082,0.9270452946961277,0.9220362606544263,1891
2025-11-13 04:00:00,0.924797760255733,0.9249623550862424,0.9264306874709473,0.9237804614388376,1331
2025-11-13 05:00:00,0.9216657176582547,0.9247496926002664,0.9264744830873172,0.9202844366946232,1831
2025-11-13 06:00:00,0.9216445556248415,0.9216993939962307,0.9235309358127913,0.9203659593257055,3186
2025-11-13 07:00:00,0.9235280729755537,0.9216579924287253,0.9246024910277982,0.9204440698609392,2100
2025-11-13 08:00:00,0.9249691773218082,0.92347103898673,0.9261892380814761,0.9224892306857221,3862
2025-11-13 09:00:00,0.926716322468316,0.9249572879588753,0.9276905698737075,0.9238086658353105,2589
2025-11-13 10:00:00,0.9250426102458583,0.9266075285162392,0.9282895734909027,0.9231077862746686,3490
2025-11-13 11:00:00,0.9256871931210304,0.9250441121528838,0.9266567952106126,0.9237526314961291,3134
2025-11-13 12:00:00,0.9243707996733463,0.9256952471277471,0.9265882330409884,0.9227652730782228,4103
2025-11-13 13:00:00,0.9241899469526467,0.9242459993764482,0.9253280245118144,0.9228581146935906,817
2025-11-13 14:00:00,0.922212404038159,0.9242269782811358,0.9251293690177348,0.9209154366136223,4955
2025-11-13 15:00:00,0.9209890571202997,0.9222485232933015,0.9237052032491649,0.9197832989745932,3796
2025-11-13 16:00:00,0.9197275610834633,0.9209661269445328,0.9220464731575185,0.9179766852921764,1070
2025-11-13 17:00:00,0.9203558274196345,0.9200617947957088,0.9212696626423488,0.9185782533864565,233
2025-11-13 18:00:00,0.9208666903656381,0.9203363921984616,0.9222364224774766,0.9191732295799351,225
2025-11-13 19:00:00,0.920748874040835,0.920828124673085,0.9222139747484237,0.919476613635936,3525
2025-11-13 20:00:00,0.9186783683391686,0.9206906675289803,0.9215533662959451,0.9170038270373779,2172
2025-11-13 21:00:00,0.917854401018429,0.9185446912133153,0.9197249506859183,0.9172592289092013,998
2025-11-13 22:00:00,0.9165090612388977,0.9179486956902354,0.9193029371543429,0.9150489242175307,1657
2025-11-13 23:00:00,0.9171026721469311,0.9164146573996792,0.9183801530818765,0.9148910926665423,2289
2025-11-14 00:00:00,0.9180664939703117,0.9170244600223204,0.9193528474579424,0.9158538554030531,302
2025-11-14 01:00:00,0.9188841566735487,0.9179923067240832,0.9205875713448387,0.91657136421123,2851
2025-11-14 02:00:00,0.9175278933702483,0.918748599701171,0.920715745957624,0.916013336536527,277
2025-11-14 03:00:00,0.913790453623501,0.9172878748853315,0.9185726738160793,0.9127572709171878,3272
2025-11-14 04:00:00,0.9112200993457449,0.9137271776067394,0.9147326502493258,0.9096231127129052,399
2025-11-14 05:00:00,0.9124760517194436,0.9113396339794405,0.9137805503591357,0.9098895251802354,3976
2025-11-14 06:00:00,0.9115445457922597,0.912502985099539,0.9139234339638395,0.9102190616690038,1339
2025-11-14 07:00:00,0.9101936762503416,0.9117576096535954,0.9131083520296122,0.9087997341892585,2629
2025-11-14 08:00:00,0.9117148686024651,0.9102963749546811,0.9132494737571514,0.9087353753031765,1990
2025-11-14 09:00:00,0.912783060537051,0.9117866085329355,0.9147579331163639,0.9097832003803803,4412
2025-11-14 10:00:00,0.9123623990033548,0.9130407092638694,0.9139403567458899,0.9108269077558881,3992
2025-11-14 11:00:00,0.911560315294078,0.9123491158929732,0.9135777862555662,0.909971306372415,4779
2025-11-14 12:00:00,0.9109517938387023,0.911568934128767,0.913356533962119,0.9095324780638797,3605
2025-11-14 13:00:00,0.9107743891967672,0.910950227613457,0.9121737494793669,0.908888635023744,4882
2025-11-14 14:00:00,0.9122444459343507,0.9109856358274516,0.9138288759229207,0.9100184724824453,1203
2025-11-14 15:00:00,0.9123014068434354,0.9122447901433623,0.9138425304318312,0.9113518482667852,1665
2025-11-14 16:00:00,0.9127226416830824,0.9122126522278238,0.9144304041207137,0.9108016653341174,4066
2025-11-14 17:00:00,0.9136757658139666,0.9128031834176621,0.9155707311094897,0.9112517229940525,257
2025-11-14 18:00:00,0.9118221546127373,0.9135641232470203,0.9150229674009688,0.9111586988443392,976
2025-11-14 19:00:00,0.9122779888837061,0.9118951557605355,0.9131686012413589,0.9105276790515102,3607
2025-11-14 20:00:00,0.9114745063781122,0.9123345697028811,0.9135102604768736,0.9101566481626434,2059
2025-11-14 21:00:00,0.9080051921431849,0.9114487095872461,0.9134062015814108,0.9064404745052872,1334
2025-11-14 22:00:00,0.9050013886928019,0.9080820011819565,0.9090555479705817,0.9035274847316795,1586
2025-11-14 23:00:00,0.9033296475589795,0.9047997939797938,0.9062894224820479,0.9024646792109007,3861
2025-11-15 00:00:00,0.9035171154332906,0.9033517334188471,0.9041908204701824,0.9022892128067151,2452
2025-11-15 01:00:00,0.903203674911699,0.9034544197238826,0.9044430952293532,0.9020674780183308,124
2025-11-15 02:00:00,0.9029749149603098,0.9035913577432428,0.9051860847505575,0.9014202779114848,2631
2025-11-15 03:00:00,0.9048660471395338,0.9029960650825314,0.9062331081549921,0.9015370646153102,3908
2025-11-15 04:00:00,0.902893139601702,0.9047852753959944,0.9060376490829163,0.9017069343093931,915
2025-11-15 05:00:00,0.9024102195766815,0.9027065705658609,0.9038397209356004,0.9010174719764317,443
2025-11-15 06:00:00,0.9023255422040581,0.9025869047798294,0.9033999336942525,0.9012584537970801,3175
2025-11-15 07:00:00,0.9009920144642122,0.9022782357012943,0.9038171496728724,0.8990865140119788,4408
2025-11-15 08:00:00,0.9005760065583117,0.9008851135615599,0.9021594788531673,0.899069966800208,446
2025-11-15 09:00:00,0.8982060673574105,0.9006213164574823,0.901558540998484,0.8966469135772971,3291
2025-11-15 10:00:00,0.8994479548181405,0.8982937255985277,0.9008052728183048,0.8965730427055858,3915
2025-11-15 11:00:00,0.898180017355104,0.8995333653966234,0.9010372550284267,0.8965589165303949,892
2025-11-15 12:00:00,0.9001676975528382,0.8981826841590317,0.9014637571070876,0.8968239189225801,1375
2025-11-15 13:00:00,0.8996787283641373,0.9001891805498266,0.9015700054873194,0.8983791329850055,2588
2025-11-15 14:00:00,0.9004623926426163,0.8997100694631897,0.9018233857606295,0.898011360374157,3092
2025-11-15 15:00:00,0.8999484291998269,0.9005078035362425,0.9016669025167048,0.8985913424403433,2575
2025-11-15 16:00:00,0.8994615366011143,0.9000057543835046,0.9013695880189525,0.8983144581024318,1000
2025-11-15 17:00:00,0.8983107014012479,0.8996090103939156,0.9011546124171954,0.8964332412494982,4407
2025-11-15 18:00:00,0.8980036501164874,0.8983183005140509,0.8999440401277905,0.8969087846382671,2162
2025-11-15 19:00:00,0.8979352485497842,0.8978936346499594,0.8994951585461635,0.8970140276269534,2708
2025-11-15 20:00:00,0.896544138339086,0.8979158439676899,0.8990790836203858,0.8949323017839914,2725
2025-11-15 21:00:00,0.8959440850400541,0.8966454401589803,0.8981603595482626,0.8947967156760149,2797
2025-11-15 22:00:00,0.8947619664007855,0.8957043074496929,0.8971713948960393,0.8933030310617754,1520
2025-11-15 23:00:00,0.8970715632843234,0.8945223470774268,0.8982261727564752,0.8926876892828092,1663
2025-11-16 00:00:00,0.8965138863604294,0.8971950503784746,0.8984149423629698,0.8955388862125001,780
2025-11-16 01:00:00,0.8979181649424652,0.8967186282439585,0.8994481348249149,0.8953827725937237,3669
2025-11-16 02:00:00,0.8972334181454961,0.8977478879796564,0.8994643605093992,0.8954882787199709,1636
2025-11-16 03:00:00,0.897094563315338,0.8972469363653509,0.898105005907267,0.8955654064893963,346
2025-11-16 04:00:00,0.8950589264293637,0.8970409208523639,0.8988238946773959,0.8937646231231005,328
2025-11-16 05:00:00,0.8940724393191223,0.8950239462771588,0.8966773078604963,0.8920904471410265,4842
2025-11-16 06:00:00,0.8938750809240694,0.8941134053023988,0.8955076140434197,0.8925598288686276,2196
2025-11-16 07:00:00,0.8953282855212212,0.8937014494312382,0.8966066218289968,0.8922518571055981,3070
2025-11-16 08:00:00,0.8951446648544328,0.8951796175454614,0.8966271828684578,0.8933590245939108,2716
2025-11-16 09:00:00,0.8963551292878644,0.895104160649325,0.897527409767795,0.89349586732739,4243
2025-11-16 10:00:00,0.8966740042201079,0.8963355761099425,0.8979712148749184,0.894635019621696,4450
2025-11-16 11:00:00,0.8981768858274656,0.8965223081925472,0.8991267006220802,0.8954174265389848,3927
2025-11-16 12:00:00,0.8976560351666996,0.8982832106276051,0.899160708102517,0.8959788075623084,4911
2025-11-16 13:00:00,0.9000743024194817,0.897599659781461,0.9020541886532893,0.8962037546829379,1168
2025-11-16 14:00:00,0.8990418269759848,0.9000174176688004,0.9013829925871428,0.8978944101668492,2301
2025-11-16 15:00:00,0.8976720727749475,0.8990798872113018,0.9004812491041697,0.8962657947210705,1516
2025-11-16 16:00:00,0.8957700093553207,0.8976547519497987,0.8989901481095199,0.8943752292654911,4181
2025-11-16 17:00:00,0.8981172389611903,0.8958828322097558,0.8992413833845742,0.8940323276049077,1462
2025-11-16 18:00:00,0.8986505760483318,0.8979914158559966,0.8999157694498578,0.8965406445102718,3992
2025-11-16 19:00:00,0.8977996311682754,0.8984623900726153,0.8998336502721112,0.8966632335984468,1205
2025-11-16 20:00:00,0.8987363981909305,0.8977578685643816,0.9000314849950228,0.8966824660097713,3495
2025-11-16 21:00:00,0.8992521673297689,0.89874452331729,0.9003981196008183,0.8974084317444004,177
2025-11-16 22:00:00,0.9007267629333006,0.8990845300170013,0.9022074195942755,0.8980972521665187,3964
2025-11-16 23:00:00,0.8995658883087456,0.9005395065684779,0.9019396893363509,0.898409592411773,4152
2025-11-17 00:00:00,0.8993668682275099,0.8995904811965836,0.9010455419685774,0.8980837032084371,2859
2025-11-17 01:00:00,0.8990199771895527,0.8992646792472586,0.9008033640242888,0.8977852322321442,2735
2025-11-17 02:00:00,0.8975397151822463,0.8988244241466355,0.9001248181243061,0.8959976770767545,2350
2025-11-17 03:00:00,0.8983349605858311,0.8976697951570137,0.899636947644357,0.8965211376192154,2996
2025-11-17 04:00:00,0.8981321631689786,0.8982498453183899,0.8999964750611026,0.8974504758036949,2870
2025-11-17 05:00:00,0.8986868865727186,0.8982871612605421,0.899780404675886,0.8973936255328897,2509
2025-11-17 06:00:00,0.9004567155234657,0.8986907320799762,0.9013012633097189,0.897344860344622,2651
2025-11-17 07:00:00,0.900191782754595,0.9004965164492932,0.9019968315358033,0.8989999657249892,709
2025-11-17 08:00:00,0.8998759180176021,0.900163234225368,0.9013431470040806,0.8988599594736004,2382
2025-11-17 09:00:00,0.8999649161448952,0.8995174850875876,0.9010239900999307,0.8976387764675229,2236
2025-11-17 10:00:00,0.9007053516596327,0.8998113296934672,0.9022956112729685,0.8982363337651214,4486
2025-11-17 11:00:00,0.9002803168906501,0.9006883755967979,0.901999696434212,0.8989456766619888,1538
2025-11-17 12:00:00,0.899807095692801,0.9003295447705114,0.9013381662425748,0.898394408295,4843
2025-11-17 13:00:00,0.9005999876454821,0.8995653286324332,0.9024736713622127,0.8982860644483361,4471
2025-11-17 14:00:00,0.9008839671383606,0.9005927443075987,0.9017999806595625,0.8995802809724011,3936
2025-11-17 15:00:00,0.899350420941107,0.9007325708364742,0.9020582101932957,0.8977233016926639,3535
2025-11-17 16:00:00,0.8984313770915051,0.8993820394588092,0.9002204708640866,0.8968542715287288,1652
2025-11-17 17:00:00,0.8995573039893755,0.8984287592737332,0.9009796817227036,0.8976130408318453,897
2025-11-17 18:00:00,0.8998587502016846,0.8996576609527858,0.9010354661448727,0.8982467456469756,3970
2025-11-17 19:00:00,0.8992871032534067,0.9000026572170705,0.9015726168545845,0.8978472999356,3539
2025-11-17 20:00:00,0.8991592960104804,0.8993490090086127,0.9006930580133669,0.8978973433540375,4174
2025-11-17 21:00:00,0.8991692235150817,0.8992753419257772,0.9009884232454267,0.8972547307459964,2787
2025-11-17 22:00:00,0.8997210235352918,0.8991219419414277,0.9009546182769166,0.8972355657901215,4501
2025-11-17 23:00:00,0.8987023259891477,0.9001015948628988,0.9010170460283762,0.8974560526860982,500
2025-11-18 00:00:00,0.8980716141351448,0.8985381379641485,0.8999492373128887,0.8967845389963507,637
2025-11-18 01:00:00,0.8982763309512923,0.898000503556572,0.8995556855256489,0.8967447861225423,440
2025-11-18 02:00:00,0.8982014550159207,0.8983977711898695,0.8992548548106418,0.8970188827214877,1675
2025-11-18 03:00:00,0.8986303494028983,0.8983029177472993,0.8996937759031272,0.8972031992255305,822
2025-11-18 04:00:00,0.8977082188548786,0.8986959793721379,0.8998440227440135,0.8962251535881111,298
2025-11-18 05:00:00,0.8979760653620821,0.8977991818535842,0.8997420385772377,0.8959238195164044,4071
2025-11-18 06:00:00,0.8987947530766152,0.8976951618263378,0.900333699778052,0.8959290080558798,864
2025-11-18 07:00:00,0.8991598669869771,0.8990091081170326,0.9004148059366406,0.8974474894320212,4166
2025-11-18 08:00:00,0.8992642007917984,0.8991323642109511,0.9007401279803793,0.898432856782302,3249
2025-11-18 09:00:00,0.8991922880898738,0.8994322455578695,0.9002308740112527,0.8983464762126075,3080
2025-11-18 10:00:00,0.8985661497252952,0.8989181993676097,0.9001137669394226,0.8969314341632084,673
2025-11-18 11:00:00,0.8985121507809654,0.8986007292129781,0.9000565872052834,0.8967278745389091,176
2025-11-18 12:00:00,0.8994569301706257,0.8984361238764438,0.9008507402253436,0.896937520347672,784
2025-11-18 13:00:00,0.8993676587906756,0.8995341121248168,0.9007376397707442,0.8981010560182454,1653
2025-11-18 14:00:00,0.8987003057986643,0.8994104014875646,0.9007481236872443,0.8969876613407636,4786
2025-11-18 15:00:00,0.8983311204820903,0.8987496306178759,0.9001882473161639,0.8967805307801231,2064
2025-11-18 16:00:00,0.8984817582050473,0.8981884045136085,0.8998269588058111,0.8965340897255923,1242
2025-11-18 17:00:00,0.8982016227071616,0.8984740827415327,0.9000533917209732,0.897354592288544,1493
2025-11-18 18:00:00,0.898565600169459,0.8981773389204286,0.8999993609955071,0.8967369364899394,1740
2025-11-18 19:00:00,0.8989577329900207,0.8986323895882921,0.9004440446617988,0.8968053736521701,2947
2025-11-18 20:00:00,0.8996244703753242,0.8990912323578548,0.9014363738265334,0.8975994439978192,4050
2025-11-18 21:00:00,0.900692139979523,0.8996448002473556,0.9022667767244578,0.8980375390644214,404
2025-11-18 22:00:00,0.9014390340228023,0.9005195812522893,0.9032620029438904,0.8991575863128619,3895
2025-11-18 23:00:00,0.9007383547246913,0.9014535690767922,0.9026231108966557,0.8993585834132648,197
2025-11-19 00:00:00,0.9000607038897591,0.9010908737908991,0.9020109841013506,0.8983319048558204,1676
2025-11-19 01:00:00,0.9000038752824142,0.9002829155657128,0.9015950454020561,0.8988347131022731,2980
2025-11-19 02:00:00,0.8996654937644847,0.899602480584722,0.9009541036264954,0.8984601678719839,613
2025-11-19 03:00:00,0.898811748719264,0.8996740338000959,0.9014157729990993,0.8975924784113452,1396
2025-11-19 04:00:00,0.8984804798736342,0.8989373723990166,0.8999804962595874,0.8971264393133411,3228
2025-11-19 05:00:00,0.8981245951734199,0.8984559170174814,0.8997818509699123,0.8972112264161655,3463
2025-11-19 06:00:00,0.8976207093685991,0.8980626471027029,0.8995181873837464,0.8960774142138429,506
2025-11-19 07:00:00,0.8973838672539828,0.8975847739616365,0.8989577988741616,0.8960820092048442,3910
2025-11-19 08:00:00,0.8982677053917215,0.8974582693512863,0.8995688830870195,0.8958808153453595,2099
2025-11-19 09:00:00,0.8984171339226584,0.8981129346263054,0.8998614028361558,0.8973364515444131,3094
2025-11-19 10:00:00,0.9002709907297001,0.8985776552091664,0.9019128413037771,0.8969956477916837,1141
2025-11-19 11:00:00,0.9003988718692149,0.9002634283257165,0.9021643052239489,0.8985517084081097,4949
2025-11-19 12:00:00,0.9001813225387619,0.9002726181610635,0.9016317498754907,0.8987126187841913,3829
2025-11-19 13:00:00,0.9001844222007531,0.9003331409138204,0.9014630940556302,0.8988260387797963,3250
2025-11-19 14:00:00,0.9003767911845858,0.8999757421998075,0.9021418540364436,0.8983914743219168,1010
2025-11-19 15:00:00,0.9007032316524641,0.9003017792552935,0.9017630981215394,0.8986071705453762,3886
2025-11-19 16:00:00,0.9022607651468584,0.9006258616551912,0.9040988270056921,0.8991309256699055,1949
2025-11-19 17:00:00,0.9016267747981253,0.9025507204651273,0.9042667331575136,0.9001126798487802,3240
2025-11-19 18:00:00,0.9022710593417586,0.9015340636359366,0.9040276183583686,0.8997321538369024,3285
2025-11-19 19:00:00,0.9024268722899691,0.9019793545631841,0.9039660671363396,0.9004196476993855,4046
2025-11-19 20:00:00,0.9012485489830412,0.9023482182857059,0.9031289275341559,0.900113045874219,4196
2025-11-19 21:00:00,0.9018265730696122,0.9013101730943403,0.9028981808957884,0.8996147458370247,2013
2025-11-19 22:00:00,0.9027772907402152,0.9019327511280136,0.9042145721912567,0.9006120930231578,497
2025-11-19 23:00:00,0.9021344084373821,0.9030853524586594,0.9042556967497104,0.900772199100543,2228
2025-11-20 00:00:00,0.9021277080364631,0.9023247886295555,0.9035926533773997,0.9007455905359008,2060
2025-11-20 01:00:00,0.9008336923399574,0.9021531010870858,0.9036699631024646,0.8992206051558644,1742
2025-11-20 02:00:00,0.8998895874951941,0.9007133660153469,0.9020173129698179,0.8980676207574532,2494
2025-11-20 03:00:00,0.900675609678407,0.9001089957797236,0.9016972404551215,0.8987513836260268,2924
2025-11-20 04:00:00,0.9003257972989014,0.9006258355875616,0.9022155386996223,0.8985076986210669,3154
2025-11-20 05:00:00,0.8994941950676979,0.9002369960068889,0.9017251829166729,0.8981005399055224,1935
2025-11-20 06:00:00,0.8996662903410417,0.8994379109816405,0.9009485857996542,0.8977099665764197,3120
2025-11-20 07:00:00,0.8992744810174684,0.899497367712624,0.9010381664927231,0.897872035556716,4940
2025-11-20 08:00:00,0.8989213647741368,0.899211778543218,0.9005857925410824,0.8977057777705685,3288
2025-11-20 09:00:00,0.8994758592933929,0.8988899134768243,0.9011843312581063,0.8970220351746963,3054
2025-11-20 10:00:00,0.8986045592741921,0.8995743449969799,0.9009630146644992,0.8974151352234344,1499
2025-11-20 11:00:00,0.8979255353646808,0.8985522881102825,0.9002558129509691,0.8967550379992567,1744
2025-11-20 12:00:00,0.8980410953587924,0.8977548007918013,0.8988833718429982,0.8967461318896107,353
2025-11-20 13:00:00,0.8987681527018535,0.8978248824581921,0.9002401243608595,0.8961350363229756,2590
2025-11-20 14:00:00,0.8996967729279709,0.898796435085686,0.9009389315949994,0.8970410959212238,464
2025-11-20 15:00:00,0.8991979766376997,0.8997065686810446,0.900823628572837,0.8977485243932327,3925
2025-11-20 16:00:00,0.8999010093628895,0.8991231526524512,0.9015636216291602,0.8980389176668686,4789
2025-11-20 17:00:00,0.8993129026427867,0.8998379509189379,0.9014267906126213,0.8979657621636653,4049
2025-11-20 18:00:00,0.9006825596529668,0.8993653881535405,0.9014914239243815,0.8980961335055611,867
2025-11-20 19:00:00,0.899832231383902,0.9008702484037118,0.9024131445610093,0.8987606576939516,3221
2025-11-20 20:00:00,0.9008285904919958,0.8997268149019848,0.9023404010418901,0.8985076942655773,2209
2025-11-20 21:00:00,0.9003362259118818,0.9008405968586005,0.9019957989560577,0.8988491219347347,111
2025-11-20 22:00:00,0.9018461607529777,0.9004658577846041,0.9029729352968181,0.8992768192984955,3610
2025-11-20 23:00:00,0.9022896512996171,0.9017411187691371,0.903212537907136,0.9003087157530775,4356
2025-11-21 00:00:00,0.9015276389025609,0.9022875373821171,0.9035485405401599,0.900655768511806,2362
2025-11-21 01:00:00,0.9011359600429041,0.901522503021921,0.9028262248410172,0.8993303049724587,4558
2025-11-21 02:00:00,0.9017218459468219,0.9009585965089154,0.9032900295381417,0.8997118970513295,372
2025-11-21 03:00:00,0.9025113292600336,0.9017446567575084,0.9039380319031762,0.9001552669204996,4371
2025-11-21 04:00:00,0.9024582925662403,0.9025155994235525,0.9035823300019975,0.9010535210187074,3437
2025-11-21 05:00:00,0.9024917862769629,0.9025334364126332,0.9039518487269131,0.9010290732240223,3388
2025-11-21 06:00:00,0.903060551051446,0.9023310117238865,0.9043463163590915,0.9012830960323558,2564
2025-11-21 07:00:00,0.9031593998717041,0.9030619017785213,0.9042608498468764,0.9019132344774313,232
2025-11-21 08:00:00,0.9021892712272004,0.9033463877188921,0.9042694607111721,0.9010356923505256,2315
2025-11-21 09:00:00,0.9015795407087203,0.9024702259288421,0.9039915882110529,0.9002203155814388,4758
2025-11-21 10:00:00,0.901755880666084,0.9017526953231665,0.9032292768634799,0.900041300924148,2366
2025-11-21 11:00:00,0.9026674924784573,0.901596505038413,0.9041722669079695,0.9001251782817221,432
2025-11-21 12:00:00,0.9038794792965789,0.9027286470679645,0.9050378249557202,0.901616967605041,2521
2025-11-21 13:00:00,0.9044641263621575,0.9038139309848549,0.9058672432311049,0.9024335376610206,832
2025-11-21 14:00:00,0.9046795944329348,0.9045026522231753,0.9056633346609543,0.9031675171670315,2164
2025-11-21 15:00:00,0.9052412048474217,0.9045747380757636,0.906331138030708,0.9033121615324954,3176
2025-11-21 16:00:00,0.9047411417097665,0.9050086673597111,0.9063749347449496,0.9033882143867532,428
2025-11-21 17:00:00,0.9046262184895728,0.904694392810739,0.9061225315673923,0.9030620170136134,2362
2025-11-21 18:00:00,0.9040081204485682,0.9047242042954118,0.9056384770946863,0.9028473540664254,2577
2025-11-21 19:00:00,0.9030715634905374,0.9040471331069873,0.9051152288846411,0.901810665444145,3798
2025-11-21 20:00:00,0.9033217252492646,0.9031261622239379,0.9045776876510131,0.9015050283186423,433
2025-11-21 21:00:00,0.9034608602292031,0.903351044856601,0.9050758467672412,0.9018687467130677,3202
2025-11-21 22:00:00,0.9039765995925849,0.9035157127348761,0.9051120567334772,0.9018128616911559,3146
2025-11-21 23:00:00,0.9043861834657543,0.9040484320604201,0.9057809030440019,0.9023022839913831,120
2025-11-22 00:00:00,0.9045681666692472,0.9043489132542631,0.9059916112305668,0.9033612716602895,685
2025-11-22 01:00:00,0.9049856291685053,0.904579418884279,0.9062753173580579,0.9031436688341137,3249
2025-11-22 02:00:00,0.9049536168463347,0.9052222643642207,0.9066524585003661,0.9037340895772564,4314
2025-11-22 03:00:00,0.9052632853927515,0.9049729031677258,0.9062559291793169,0.90394055514817,4305
2025-11-22 04:00:00,0.9047186770907367,0.9052690615912821,0.9064481487288973,0.9035757984734298,3866
2025-11-22 05:00:00,0.9049959565349661,0.9047326436001912,0.9067428774311362,0.9034568079073589,4275
2025-11-22 06:00:00,0.9054972697989306,0.9049663591997059,0.9072642838567635,0.9036881195979038,3072
2025-11-22 07:00:00,0.9049950087278765,0.9054381705528025,0.9070245147860629,0.9038022855848955,871
2025-11-22 08:00:00,0.9050338828021212,0.9050233378981511,0.906690201291208,0.9036694908513853,2704
2025-11-22 09:00:00,0.9045661809198992,0.9049652648717907,0.9058266169802461,0.9025453856263332,1802
2025-11-22 10:00:00,0.9041713008975121,0.9045464453564364,0.905645367229954,0.9032830118885815,1350
2025-11-22 11:00:00,0.9033276038811855,0.9040641868341602,0.9053348702493317,0.9016644394853899,685
2025-11-22 12:00:00,0.9042769350750605,0.9033422547687189,0.90628867326091,0.9019908240064329,197
2025-11-22 13:00:00,0.9050761989561005,0.9043562462159891,0.9063488037984545,0.9031175260343315,3782
2025-11-22 14:00:00,0.905479274346771,0.9050474162790642,0.9070398418796953,0.904237431586097,934
2025-11-22 15:00:00,0.9069584213107289,0.9052060469862937,0.9084218092519193,0.9036380709713858,3175
2025-11-22 16:00:00,0.9068164870383026,0.9070387251081731,0.9084958314264142,0.9058482702329036,1582
2025-11-22 17:00:00,0.9090903088496356,0.9068328757333126,0.9104475268743644,0.9052434511724586,2473
2025-11-22 18:00:00,0.9089196617881132,0.908954893710592,0.9099910531730191,0.907081463336079,2047
2025-11-22 19:00:00,0.9091110568019303,0.909025110067192,0.9097380259931379,0.908011306807546,1568
2025-11-22 20:00:00,0.9088127233664751,0.9089204208096673,0.9106331263218247,0.9071309579918987,2455
2025-11-22 21:00:00,0.9090919675365203,0.9089552791163591,0.9102874695321779,0.9075847031484091,3956
2025-11-22 22:00:00,0.9097186787324351,0.909084139413706,0.9105736924259018,0.9082911025168096,2569
2025-11-22 23:00:00,0.9096332414376452,0.9094091034685,0.9111172064707491,0.9083734360446749,3978
2025-11-23 00:00:00,0.9109657813229834,0.9096576092604144,0.9124466808413406,0.9082424530766008,4562
2025-11-23 01:00:00,0.9111451432864586,0.9109102662924695,0.9127217594064402,0.9094338877277919,2506
2025-11-23 02:00:00,0.9113480073260413,0.911069020762586,0.9130200709215032,0.9101341666993933,4032
2025-11-23 03:00:00,0.910666259055156,0.9112472340321321,0.9123621664570045,0.909291597838864,709
2025-11-23 04:00:00,0.9109801333610688,0.9106488753964375,0.9121074762755615,0.9090573322608194,2872
2025-11-23 05:00:00,0.9108796129454617,0.9109138410893527,0.9121930704158422,0.9092404189012558,2380
2025-11-23 06:00:00,0.9104234331484587,0.9106260567996372,0.9122161040925139,0.9091705546603296,127
2025-11-23 07:00:00,0.9098410773423474,0.9105970400909288,0.9113878815087246,0.9083566346545751,4490
2025-11-23 08:00:00,0.911844899877165,0.9098076548999973,0.9132477385150898,0.908146519128903,3733
2025-11-23 09:00:00,0.9116472919395308,0.9117448098908998,0.9133672107299228,0.9100466792461358,2962
2025-11-23 10:00:00,0.9105545528739448,0.9114931682412739,0.9131023520887217,0.9089452103801281,3508
2025-11-23 11:00:00,0.9100308867791453,0.9106597613719668,0.9122182515803516,0.9086348520911525,3794
2025-11-23 12:00:00,0.9099922108995382,0.9098536523324062,0.9116473958739691,0.9085144671374071,3910
2025-11-23 13:00:00,0.9104022111740006,0.9100105082499202,0.9110175021276083,0.9085705850933882,1543
2025-11-23 14:00:00,0.9108183085652946,0.9103224714444982,0.9126254090749703,0.9091649403414831,2147
2025-11-23 15:00:00,0.9113257694791269,0.9107464842938253,0.9127830900979121,0.9090754513920168,1781
2025-11-23 16:00:00,0.9108421242491489,0.9111749942030125,0.9129059543692143,0.9098940481440093,4564
2025-11-23 17:00:00,0.911097454581775,0.9107573485307492,0.9121430388190538,0.9095285451013292,673
2025-11-23 18:00:00,0.9104404099836921,0.9110986580553755,0.9119852922209227,0.9090846484461831,4545
2025-11-23 19:00:00,0.9099756777464316,0.9104725292440903,0.9123251608340972,0.9084824951537015,1779
2025-11-23 20:00:00,0.9092873960155564,0.9098685283451864,0.9109797170513039,0.9077441002041694,3915
2025-11-23 21:00:00,0.9083961043746077,0.9092750053470172,0.9105528873233738,0.9066277334506192,931
2025-11-23 22:00:00,0.9091942614912513,0.9085172710251429,0.9107019205031798,0.907132272100199,4232
2025-11-23 23:00:00,0.9097107202669854,0.9089673848379395,0.9112862173315106,0.907798766584916,2741
2025-11-24 00:00:00,0.910443219294469,0.9097098641353106,0.9121034351643815,0.9083838136189961,4925
2025-11-24 01:00:00,0.9104727040939873,0.9103133698700021,0.9118994292524927,0.9090349016408662,2029
2025-11-24 02:00:00,0.9110553098681361,0.9103288460682941,0.912133732628165,0.9088201566607177,4973
2025-11-24 03:00:00,0.9097343428146542,0.9110909275387228,0.9126483834450075,0.9086609469899939,4195
2025-11-24 04:00:00,0.9103816584531882,0.9096598847742062,0.9119445714751533,0.9083422246866641,140
2025-11-24 05:00:00,0.910514498325692,0.9102154709199815,0.9113844853981629,0.908406461984368,1975
2025-11-24 06:00:00,0.9109848305258038,0.9106954586105864,0.9127390278826054,0.909279828595892,2088
2025-11-24 07:00:00,0.9112698480000903,0.9111105980005846,0.9119568336674636,0.9100315450012076,1140
2025-11-24 08:00:00,0.9105295566341876,0.9110059347472315,0.9126542888854717,0.9092565774802484,4403
2025-11-24 09:00:00,0.9094060268026443,0.9103284285603337,0.9115195385725554,0.9086511242975425,512
2025-11-24 10:00:00,0.908871986178007,0.9094869332787123,0.9110426065990358,0.9075247270829936,1367
2025-11-24 11:00:00,0.9092956741389617,0.9088331309963986,0.910798792865325,0.9070197186250315,1337
2025-11-24 12:00:00,0.9098132427003432,0.9095004605414259,0.9111678301884146,0.9084596168054426,2150
2025-11-24 13:00:00,0.9087872859923068,0.9098972605027765,0.91138342397259,0.9078210761286016,3517
2025-11-24 14:00:00,0.9080514614667057,0.908828075508296,0.9101666027521289,0.9068673423883841,133
2025-11-24 15:00:00,0.9075090347022501,0.9079123590229472,0.9094679976226342,0.9058969402793964,3168
2025-11-24 16:00:00,0.90724105590705,0.9075759129240543,0.9095315449861865,0.9054162391626417,2083
2025-11-24 17:00:00,0.9062195177839104,0.907067637577668,0.908062329768946,0.9047383349275365,3137
2025-11-24 18:00:00,0.9051529789593054,0.9063967346805634,0.906888736105175,0.9041444329952872,402
2025-11-24 19:00:00,0.9045366024869997,0.9052102549300688,0.9064542620570499,0.9031858285465022,4305
2025-11-24 20:00:00,0.9046012928641685,0.9044246810660804,0.9058268396670122,0.9025821641454093,2929
2025-11-24 21:00:00,0.9037158471093534,0.9047103728257107,0.9059635822933333,0.9024445631060407,1338
2025-11-24 22:00:00,0.9036289944768745,0.9040196731416031,0.905123969503204,0.9022354704765781,3968
2025-11-24 23:00:00,0.9044229090889808,0.9035994717933029,0.9060162582874036,0.902177567144612,2406
2025-11-25 00:00:00,0.9034465742859207,0.9044974994255811,0.905478282077547,0.9025103858029243,2012
2025-11-25 01:00:00,0.9032917399671128,0.9033880641072878,0.9048651561461128,0.9016663712504309,924
2025-11-25 02:00:00,0.9040603075174258,0.9033033144999288,0.9055895614055477,0.9017156684057138,2503
2025-11-25 03:00:00,0.903746606224653,0.9038559837996639,0.905297405205843,0.9029314829259953,1172
2025-11-25 04:00:00,0.9033163539565091,0.9037465344769215,0.9052335223541884,0.9023219792360617,3694
2025-11-25 05:00:00,0.904188975817239,0.9033222642776934,0.9058027543772847,0.9022290184628664,1917
2025-11-25 06:00:00,0.9039593242580103,0.9044329089394437,0.9058033741767365,0.9024004420879361,680
2025-11-25 07:00:00,0.9047876955269145,0.9037157097485393,0.9060508253084126,0.9025624072929651,3564
2025-11-25 08:00:00,0.9051094195702599,0.9047495609872185,0.9065991492392352,0.9032829168597157,4240
2025-11-25 09:00:00,0.9048522860805776,0.905284252941654,0.9068045041995515,0.9035443515074808,4185
2025-11-25 10:00:00,0.9052120539785257,0.9048194579097317,0.9068114770548744,0.903442312170153,2476
2025-11-25 11:00:00,0.9054523911139102,0.9051887827384149,0.9063454226648904,0.9036958903755781,1605
2025-11-25 12:00:00,0.9062180532296621,0.9053391239582055,0.9075274844362923,0.9039057586491638,1184
2025-11-25 13:00:00,0.9058067940762633,0.906091339186217,0.9071605440274487,0.9044532393412844,2049
2025-11-25 14:00:00,0.9058376986263496,0.9055587050002727,0.9073488981005536,0.9041110639173301,596
2025-11-25 15:00:00,0.9057915618666461,0.9057522079470625,0.9073477233200448,0.9043345611612591,4449
2025-11-25 16:00:00,0.906319672972876,0.9056570610741456,0.9076045407989015,0.9043545891549434,1320
2025-11-25 17:00:00,0.9055507885770429,0.9063357064967111,0.9074959159207328,0.9043096140625242,3923
2025-11-25 18:00:00,0.9063135213632213,0.9054437074257122,0.9078353024823054,0.9035729559180284,1987
2025-11-25 19:00:00,0.9066632679423491,0.9062482972337543,0.9079870210698967,0.9050087176110378,3482
2025-11-25 20:00:00,0.9056755741371244,0.9066018352355013,0.9083479234006688,0.9039456445830107,4562
2025-11-25 21:00:00,0.9065817712562347,0.9056690242856833,0.9084238419891746,0.9044954893073966,2095
2025-11-25 22:00:00,0.9082573410668331,0.9065097661233402,0.9098923980252961,0.9049266260265086,4827
2025-11-25 23:00:00,0.9090087165439952,0.9081125651452044,0.910435675901831,0.9062626165366111,1771
2025-11-26 00:00:00,0.9100789551194151,0.9090204246793491,0.9119424987375669,0.907747453511947,1347
2025-11-26 01:00:00,0.910142983655617,0.910224689473333,0.9116556309138648,0.9089599958665026,3644
2025-11-26 02:00:00,0.9088968549658131,0.9101604980338155,0.911393181970289,0.9076505473190523,788
2025-11-26 03:00:00,0.9075137646274374,0.9088138418995652,0.9099912483239437,0.906157766899007,557
2025-11-26 04:00:00,0.9077050761603382,0.9074969975348852,0.9088750621927817,0.9060477906463169,1903
2025-11-26 05:00:00,0.9072610920545408,0.9074260072613428,0.9087851651922476,0.9059110867846419,2762
2025-11-26 06:00:00,0.9065751598457953,0.9072421351940488,0.908727944835133,0.9053295213768027,2393
2025-11-26 07:00:00,0.9065280998328188,0.9065207199729746,0.9075030281231729,0.9046293736883041,397
2025-11-26 08:00:00,0.9069897887987147,0.9064011039808747,0.9082281221122436,0.9050951580880658,2786
2025-11-26 09:00:00,0.9059002206386431,0.9068875898892168,0.9083042867543242,0.9047098952999958,3154
2025-11-26 10:00:00,0.9055635624234327,0.9058444966261465,0.9073776953189329,0.9039795928843336,1495
2025-11-26 11:00:00,0.9066959654357729,0.9056985411106405,0.9080489581675094,0.9041082591851665,2885
2025-11-26 12:00:00,0.9058894991506069,0.9068443583453728,0.9082696417993663,0.9041467971136202,1838
2025-11-26 13:00:00,0.9065418200409806,0.9057632915096292,0.9075648010639437,0.9038791720432918,392
2025-11-26 14:00:00,0.9061782719698188,0.9064713994721557,0.9075827944810043,0.9047248693075847,3746
2025-11-26 15:00:00,0.9065876172897063,0.9061112855764669,0.9079309457392266,0.9048298024694246,2157
2025-11-26 16:00:00,0.9074106129201084,0.9066978058185741,0.908910712689597,0.9058545229300703,4919
2025-11-26 17:00:00,0.9079665742453471,0.9074304301830268,0.9093915288040594,0.9063239416434994,1043
2025-11-26 18:00:00,0.9086484439470075,0.9079792212499925,0.9097800317255178,0.9065593957861933,137
2025-11-26 19:00:00,0.9077847487969515,0.9087214656002796,0.9100187185125086,0.9067446839730156,4010
2025-11-26 20:00:00,0.9086199935770074,0.9077034618248535,0.9103950295309912,0.9067726138300579,4325
2025-11-26 21:00:00,0.9079804737410313,0.9088057509336941,0.9103159743986667,0.9066005718974467,4575
2025-11-26 22:00:00,0.90817513006521,0.9079802360728594,0.9094931102199708,0.9064063433563175,4948
2025-11-26 23:00:00,0.9083688147054579,0.9080585074390741,0.9094518164905188,0.9067631221081345,1641
2025-11-27 00:00:00,0.9087326566246101,0.9083375124671358,0.9099012765204156,0.9067299314280026,3426
2025-11-27 01:00:00,0.9089853741316553,0.9089006273489126,0.9103506493557171,0.9073690098188715,243
2025-11-27 02:00:00,0.9083525166477617,0.9089274472922821,0.9103651732396962,0.9066768151811395,2145
2025-11-27 03:00:00,0.9073401160885399,0.9084817524303045,0.9099967101250175,0.9053874915434615,4498
2025-11-27 04:00:00,0.9079943775985112,0.9072549445189562,0.9094620557836732,0.9051808965047723,3208
2025-11-27 05:00:00,0.9081337535316504,0.9078900788414767,0.9093950869207396,0.9063285416399647,4238
2025-11-27 06:00:00,0.9099630057407998,0.9082237849179988,0.911188424284261,0.9069843744076875,4735
2025-11-27 07:00:00,0.9103593262197743,0.9098436613800832,0.9122839138350022,0.9084612345279566,4004
2025-11-27 08:00:00,0.909123128986962,0.910471494774666,0.9116834102742795,0.9073303596541443,3467
2025-11-27 09:00:00,0.9107324846041669,0.9091711645699233,0.9117456643763359,0.9080491125378702,1846
2025-11-27 10:00:00,0.9107380398725735,0.9106131423200386,0.9116564142292225,0.908851503251363,2704
2025-11-27 11:00:00,0.9115984440214787,0.9107282708084342,0.912869251755525,0.9094073438949889,490
2025-11-27 12:00:00,0.9112714927073033,0.9115234316664411,0.913147313043316,0.9098424934467912,2927
2025-11-27 13:00:00,0.9136946547595838,0.911319321409473,0.9149073246441715,0.9101701733697025,4876
2025-11-27 14:00:00,0.9130927769705639,0.9139532150008608,0.9157275865231519,0.912085742981462,824
2025-11-27 15:00:00,0.9131378612656365,0.9130420013093276,0.9145055733411686,0.9117486792321056,2517
2025-11-27 16:00:00,0.9137167997088732,0.913211019317943,0.9153915214621882,0.9114832690157803,4507
2025-11-27 17:00:00,0.9128561809163689,0.913720146327495,0.9148819234730979,0.911679133355859,1847
2025-11-27 18:00:00,0.913702804350674,0.9128594781549821,0.9148699089054791,0.9110469144166604,2986
2025-11-27 19:00:00,0.916087096923635,0.9136801030087568,0.9174862493072358,0.9124634129371958,3908
2025-11-27 20:00:00,0.9159485423308026,0.9159692943846118,0.9174758157710781,0.914868151849336,3961
2025-11-27 21:00:00,0.9168727137136407,0.9159946344320185,0.9181987984804221,0.9145495594947387,3386
2025-11-27 22:00:00,0.9140233912503943,0.9168331262066222,0.9182843573724142,0.9124661498591627,407
2025-11-27 23:00:00,0.9144266762098126,0.9138992852504132,0.9159597544004502,0.9124760474535968,305
2025-11-28 00:00:00,0.9145010254667011,0.9145657955830616,0.9155478309510114,0.9130878598179811,3797
2025-11-28 01:00:00,0.9139688283438087,0.9145145992230295,0.915792070605253,0.9121583584015303,4796
2025-11-28 02:00:00,0.9157165689073629,0.9139374972446203,0.916947653904965,0.9125378479441285,1411
2025-11-28 03:00:00,0.9157750764894143,0.9159006474746932,0.917145152242971,0.9145306499176469,2824
2025-11-28 04:00:00,0.9160121035049019,0.9155227955529788,0.9174979331373501,0.9144601215420771,449
2025-11-28 05:00:00,0.916009472055155,0.9161869908917686,0.9174222875285353,0.9142854591404326,1022
2025-11-28 06:00:00,0.914159293009037,0.9158887772561605,0.9167101280893697,0.9129047953257158,2474
2025-11-28 07:00:00,0.9132509092809447,0.9141882703516315,0.9154933464533981,0.9119709250227405,178
2025-11-28 08:00:00,0.914854221464289,0.9131702103897525,0.9159343698911708,0.9115092341632963,2984
2025-11-28 09:00:00,0.912772280688033,0.9147278479995733,0.916232917842938,0.9108406315167481,2805
2025-11-28 10:00:00,0.9123027022684941,0.9129520800222503,0.9145410459385164,0.9108654609798451,554
2025-11-28 11:00:00,0.9122730382009464,0.9125567087176186,0.9133299069554098,0.9109421225928841,3010
2025-11-28 12:00:00,0.9148153844416963,0.9122426811066491,0.9159751236957185,0.9108720093213611,2331
2025-11-28 13:00:00,0.9161877089602919,0.9148614881115189,0.9176591173299528,0.9136124141213094,588
2025-11-28 14:00:00,0.9159691043278282,0.9161955392941529,0.9171823471219345,0.9146929342291791,1171
2025-11-28 15:00:00,0.9179845207643669,0.9162073911012932,0.9195770387165912,0.9149269374266888,2770
2025-11-28 16:00:00,0.9175459017797656,0.9176936838844311,0.9193588415629705,0.9159188924824133,4073
2025-11-28 17:00:00,0.9192068215442464,0.9175978999457326,0.9205409540138013,0.9162434038164605,2215
2025-11-28 18:00:00,0.9180261688491388,0.9191066933965799,0.9202705913196335,0.91627476428594,3197
2025-11-28 19:00:00,0.9197640782472858,0.91770112918765,0.9205061712339747,0.9163535673367441,2244
2025-11-28 20:00:00,0.9197267178727206,0.9197143398728054,0.9213309121933145,0.9184360197509043,4321
2025-11-28 21:00:00,0.9189425127835911,0.9199814554626705,0.921911934140784,0.9172118109142265,4878
2025-11-28 22:00:00,0.9191319404478995,0.9188520634187808,0.9210057704696594,0.9174674233147022,2170
2025-11-28 23:00:00,0.9199147534635638,0.9192410559763023,0.9212408178891769,0.9178960764704005,1549
2025-11-29 00:00:00,0.9197710553469329,0.92008012906232,0.9211582821683361,0.9183821383315542,2921
2025-11-29 01:00:00,0.9208857995541273,0.9197693015011481,0.922498535130075,0.9179827877889343,4432
2025-11-29 02:00:00,0.9206362068937304,0.9209024339246723,0.922248348238358,0.9191707167107875,3037
2025-11-29 03:00:00,0.921830653766448,0.9203988864905437,0.9233456266909155,0.91867059671718,1788
2025-11-29 04:00:00,0.922811320240892,0.9217315211484356,0.9242793520309607,0.9204122583843694,3903
2025-11-29 05:00:00,0.9231882125752424,0.9229369210530166,0.9245987528046631,0.9212504212803877,979
2025-11-29 06:00:00,0.9231085538004032,0.9231966145842692,0.9248661063818787,0.9216580682980194,1437
2025-11-29 07:00:00,0.9237404027553215,0.9231594530200634,0.9254213335548415,0.9215292611766924,846
2025-11-29 08:00:00,0.924850707246962,0.9237588753875833,0.92609296088537,0.9221033982900175,4572
2025-11-29 09:00:00,0.9277748662302399,0.9251557601718913,0.9289095963646884,0.9240261811523244,4709
2025-11-29 10:00:00,0.9293521707363976,0.9277148505492908,0.9300494313733799,0.926300760105878,4796
2025-11-29 11:00:00,0.9309733586761767,0.9295763598333634,0.9322731386129741,0.9279125620575079,214
2025-11-29 12:00:00,0.935129573310009,0.9309920850978594,0.9362255474632837,0.9292761731916716,4506
2025-11-29 13:00:00,0.9361987234821304,0.935367489347608,0.9377207570534895,0.9336111521352424,1173
2025-11-29 14:00:00,0.9372302956957045,0.9360265104956079,0.9385417057392501,0.9345912188530348,4767
2025-11-29 15:00:00,0.9385251137848905,0.9372562908058311,0.9398688672055984,0.9354148455347014,1768
2025-11-29 16:00:00,0.9377643546117845,0.9384697359699636,0.9401048123604061,0.9365425995482475,1599
2025-11-29 17:00:00,0.937681672648082,0.9377839717097597,0.9393022437485842,0.9366956343104694,3318
2025-11-29 18:00:00,0.9375242695280512,0.9378535737599937,0.9392270402353248,0.9361960632089007,3971
2025-11-29 19:00:00,0.9387514063007147,0.9375776107355137,0.9406344737526375,0.9358327040382194,1941
2025-11-29 20:00:00,0.9389923968260493,0.9389232958107877,0.9406088202873369,0.937820789298068,4139
2025-11-29 21:00:00,0.9396082649366184,0.938897935034263,0.9409004534454509,0.9379028498580131,200
2025-11-29 22:00:00,0.9413632104807966,0.9394920770236241,0.9426704100466163,0.9385659193672499,4503
2025-11-29 23:00:00,0.9428489913672417,0.9413654881785911,0.9444862617539429,0.9397430493937244,2633
2025-11-30 00:00:00,0.9431049261635922,0.9428435234082645,0.9445769749860554,0.9418384389632841,2730
2025-11-30 01:00:00,0.9427509320473383,0.9430786432996139,0.9441756773891175,0.9411815259937949,4433
2025-11-30 02:00:00,0.9445632617253221,0.9426151088008994,0.9462336404813846,0.9412912334683828,369
2025-11-30 03:00:00,0.945941931142414,0.9447333399452729,0.9477176246357322,0.9435331093887517,4444
2025-11-30 04:00:00,0.9444644229604595,0.9458905281183152,0.9476419586794098,0.9433307036374526,1095
2025-11-30 05:00:00,0.9445386382337696,0.944666470843595,0.9465204346132537,0.943063375375499,4958
2025-11-30 06:00:00,0.9451872567881897,0.9445404449637296,0.9471917715845202,0.9433365101852375,3623
2025-11-30 07:00:00,0.946571852448735,0.9452793244743231,0.9484829693860259,0.9438608788321551,1777
2025-11-30 08:00:00,0.9481139742426627,0.9466511682946446,0.9496330410627598,0.9451148236318856,424
2025-11-30 09:00:00,0.9489046614440734,0.9479966505211483,0.950268684981508,0.9463988863986869,700
2025-11-30 10:00:00,0.950056958481704,0.9489569909976927,0.9509605761723805,0.9472656082773637,697
2025-11-30 11:00:00,0.9505839226445578,0.9503319148258814,0.9520128977682694,0.9488590625069244,440
2025-11-30 12:00:00,0.9502253006187411,0.9506197858938841,0.9521931127101046,0.9490993093085028,3117
2025-11-30 13:00:00,0.9503617833494916,0.950353781464166,0.9517997433295775,0.948795455950971,4348
2025-11-30 14:00:00,0.9508345727734597,0.9504606613752169,0.9517222088906475,0.9488472271831021,4018
2025-11-30 15:00:00,0.9512429576734375,0.9508783845972361,0.9525880281480933,0.9495033322425678,3766
2025-11-30 16:00:00,0.9494302701881053,0.9512695149543405,0.9528774696940748,0.9480881279663228,4904
2025-11-30 17:00:00,0.94940329018619,0.9495082136669953,0.9506401164693807,0.947274202784873,3175
2025-11-30 18:00:00,0.949920736969897,0.9495120488740496,0.9513928361402874,0.9484556566042152,565
2025-11-30 19:00:00,0.9500330929796101,0.9497280468796966,0.9515811605994772,0.9481622951430767,2534
2025-11-30 20:00:00,0.9501869044249962,0.950068340574607,0.9519308682452557,0.9483448826033785,3814
2025-11-30 21:00:00,0.9512224940699617,0.950160639571872,0.953138048442994,0.9488311915829357,2340
2025-11-30 22:00:00,0.9503777454455034,0.9511666793101191,0.952484522683821,0.9490002251985575,1605
2025-11-30 23:00:00,0.948874094788762,0.9505622014995577,0.9520378214275331,0.9475650660323252,2520
2025-12-01 00:00:00,0.948906291039758,0.9487697417257059,0.9503908746235722,0.9473463190029238,3927
2025-12-01 01:00:00,0.9502732283263602,0.9487074792851015,0.9518837632320573,0.9470256403321918,1882
2025-12-01 02:00:00,0.9527482919737441,0.950386945917555,0.9543310173732886,0.9490144761664551,1830
2025-12-01 03:00:00,0.9541368458606578,0.9525450044566183,0.9559759462226404,0.9502234200161299,2425
2025-12-01 04:00:00,0.9528249293488152,0.9538612970266012,0.9546241391279452,0.9515251058541805,2154
2025-12-01 05:00:00,0.9529960886615632,0.9529547656822179,0.9545450945303129,0.9511314415797402,1130
2025-12-01 06:00:00,0.953754049918861,0.9530187959599561,0.9553241420608889,0.951432533722976,1471
2025-12-01 07:00:00,0.9544171592591694,0.9538217256774429,0.9557814329532923,0.9523590413561129,677
2025-12-01 08:00:00,0.9555143247227008,0.9543537473763662,0.956298608087705,0.9524988759011112,3782
2025-12-01 09:00:00,0.954863865986948,0.9553160368140622,0.9567308597183996,0.953889926684908,1135
2025-12-01 10:00:00,0.9553917976920089,0.9546939322802932,0.9566212262112161,0.9531389809802229,4894
2025-12-01 11:00:00,0.9563461850877403,0.9553527516696697,0.9582621162418803,0.9541237645583661,4857
2025-12-01 12:00:00,0.9577869902317047,0.9561633814521932,0.9593315054745224,0.9548519760384881,3394
2025-12-01 13:00:00,0.9572701284317693,0.9578310801180691,0.9590385371518224,0.9559729323389606,4954
2025-12-01 14:00:00,0.9573059401910778,0.957203721372094,0.9581523963245063,0.9560445648781393,4331
2025-12-01 15:00:00,0.9545113589749898,0.9573324330424323,0.9589333254668415,0.9535528139034212,3782
2025-12-01 16:00:00,0.9542156046138965,0.9545335656897369,0.9561641720238007,0.9526729860116658,1842
2025-12-01 17:00:00,0.9540363067423313,0.9542709577366495,0.9556402545117165,0.9526241049603068,4202
2025-12-01 18:00:00,0.9532628053325304,0.954107727459608,0.9557102600826959,0.9519188738802947,1770
2025-12-01 19:00:00,0.9539115399128095,0.9532135977212113,0.9552427414398449,0.9515654747626113,607
2025-12-01 20:00:00,0.9542944053943552,0.9539378740390965,0.95603137827238,0.9523770487693478,2872
2025-12-01 21:00:00,0.952033348741262,0.9543281085356796,0.9560396792793245,0.9506815098791758,702
2025-12-01 22:00:00,0.9527419583044241,0.9516862328848231,0.9537026293515212,0.9493850970462737,551
2025-12-01 23:00:00,0.9520779693474772,0.9528342897423114,0.9538639072710438,0.9503590910046277,554
2025-12-02 00:00:00,0.9531107960985059,0.9520994060763784,0.9551212732546988,0.9499706900974683,4566
2025-12-02 01:00:00,0.9520225746012315,0.9531913441864395,0.9548856196390973,0.9507130546759157,409
2025-12-02 02:00:00,0.9525085824474686,0.9518387151658919,0.9535766166986573,0.9503386001254774,2033
2025-12-02 03:00:00,0.9526187864528048,0.952463460728631,0.9535989225745424,0.951388412117501,3761
2025-12-02 04:00:00,0.9534325087147453,0.9524626815025884,0.954922086470344,0.9511270593701331,4029
2025-12-02 05:00:00,0.9540321454479269,0.953539064762013,0.9551362519848727,0.9522751513197308,376
2025-12-02 06:00:00,0.9541759484379012,0.9538310361865479,0.9555165539888829,0.9515423005459571,4479
2025-12-02 07:00:00,0.9527824216610481,0.9540432275451002,0.9554588871433631,0.9515511820875525,4750
2025-12-02 08:00:00,0.9514597721048949,0.9528586784208558,0.9542600535323555,0.9500993845753392,4852
2025-12-02 09:00:00,0.9512091077779842,0.951369972086799,0.9531182577906335,0.9501971174469954,3304
2025-12-02 10:00:00,0.9516491719172687,0.9510765824480218,0.9536004589518348,0.9494967334698577,2610
2025-12-02 11:00:00,0.9513692743806298,0.951778565668131,0.953068931260661,0.9501991545076118,937
2025-12-02 12:00:00,0.9525695286973251,0.9515046885818275,0.9536752735503368,0.9498133406871259,705
2025-12-02 13:00:00,0.9526844635942712,0.9526727145983366,0.954224624596837,0.9517548006237874,4105
2025-12-02 14:00:00,0.9519764483245358,0.9528056563374296,0.9546995602033742,0.9505832184043714,4266
2025-12-02 15:00:00,0.9520927327729503,0.9519433755822551,0.9534057024060812,0.9510424482844987,4136
2025-12-02 16:00:00,0.9528137645765301,0.9520634919225949,0.9544860553205372,0.9507744815247989,3129
2025-12-02 17:00:00,0.9536536262391196,0.9527210578173244,0.9548446054604361,0.9513727478509328,2863
2025-12-02 18:00:00,0.9563576811975114,0.9536776876008055,0.9577983206301893,0.9524150175816647,1048
2025-12-02 19:00:00,0.9560049899895073,0.9562819801822419,0.9573827408812385,0.954714445278374,545
2025-12-02 20:00:00,0.9563668155955989,0.9559428644672616,0.9578044736459483,0.9542296763123164,1084
2025-12-02 21:00:00,0.9573281643317822,0.9564529608327859,0.9587307108889795,0.95439246867793,2063
2025-12-02 22:00:00,0.9577500567807413,0.9574983382112298,0.9593614107882731,0.9559642216785907,1576
2025-12-02 23:00:00,0.957599315005555,0.9578072628427438,0.9597544629888077,0.9564099891791364,2787
2025-12-03 00:00:00,0.9561902063939418,0.9578566710941833,0.9591793990059387,0.9547375400183744,3930
2025-12-03 01:00:00,0.9560272049230782,0.9560890325818878,0.9569495347490704,0.9546947714038836,3744
2025-12-03 02:00:00,0.9551887620278169,0.9557638630150386,0.9571387319489684,0.9535011174639877,4157
2025-12-03 03:00:00,0.9535668340104684,0.9552909788459426,0.9568069549045364,0.9520541352838391,1562
2025-12-03 04:00:00,0.9530620194004636,0.9534564932238194,0.9549438132446695,0.9520835473031972,4685
2025-12-03 05:00:00,0.9522555093355439,0.9530229256586997,0.9544063369011863,0.9505134715364164,4378
2025-12-03 06:00:00,0.9534060531898955,0.9520024091296944,0.9552616811986732,0.9502957625630464,1809
2025-12-03 07:00:00,0.9545773633947926,0.9532772983278381,0.9560482376347818,0.9514172961153305,1328
2025-12-03 08:00:00,0.9539427082472955,0.9543624075612663,0.9557633307337486,0.9526595906944011,4450
2025-12-03 09:00:00,0.9540804338906198,0.953880554210395,0.9552889562817779,0.9523632876020584,4991
2025-12-03 10:00:00,0.9523005426960848,0.9540240741503578,0.9549535069037556,0.9512105709232496,2378
2025-12-03 11:00:00,0.9521573347558655,0.9523133911659387,0.9538356713489728,0.9507437366896837,663
2025-12-03 12:00:00,0.9530861130367083,0.9523345691670665,0.9545859135239396,0.950791431633808,3071
2025-12-03 13:00:00,0.9545260385042452,0.953183031735029,0.9556544799883101,0.9519333822159844,4181
2025-12-03 14:00:00,0.9541203820062156,0.9542938767372983,0.9557123563385138,0.9525912113670483,2397
2025-12-03 15:00:00,0.9558326078388486,0.9542075561531298,0.957225107383352,0.9527256332509442,747
2025-12-03 16:00:00,0.9544637775330325,0.9558486077104501,0.95710148443787,0.9531608876478532,3704
2025-12-03 17:00:00,0.9534166241740599,0.9544497871310444,0.95565300538069,0.951586787496692,3820
2025-12-03 18:00:00,0.9547182184128253,0.9534133734258429,0.9562663173958492,0.9520484441330744,4387
2025-12-03 19:00:00,0.9571735638871013,0.9547475872393143,0.9585444819355898,0.9532736791073063,4325
2025-12-03 20:00:00,0.9582156822729218,0.9570741173710753,0.9594831159981024,0.9560584767570033,2441
2025-12-03 21:00:00,0.9586172714090809,0.9581894615706998,0.9598073932103461,0.9566022240049412,1633
2025-12-03 22:00:00,0.9564330509132543,0.9587871251853348,0.9601844781577986,0.9551352364082331,911
2025-12-03 23:00:00,0.9544561144460021,0.9563322738362634,0.9580286717064362,0.9527503455155439,596
2025-12-04 00:00:00,0.9550614058902771,0.9543085735072367,0.95655320418705,0.9532516489485121,4151
2025-12-04 01:00:00,0.9550817306867917,0.9550525655561866,0.9564464120094824,0.9534965377233496,4999
2025-12-04 02:00:00,0.9542047284682091,0.954919911907959,0.9564395279072044,0.95339805987631,3252
2025-12-04 03:00:00,0.9547333675652052,0.9539580086885395,0.9565562547864658,0.9523495116901288,4858
2025-12-04 04:00:00,0.9553215252062146,0.9546840060288573,0.9568950584192452,0.9533011215586656,1606
2025-12-04 05:00:00,0.9569048242484629,0.9555294541966922,0.958414877757198,0.9539794539704743,3808
2025-12-04 06:00:00,0.9575187469880782,0.956899279626636,0.9591384462998104,0.9556354015652897,2045
2025-12-04 07:00:00,0.9594428202300794,0.9575444471647471,0.9608365029169234,0.9563785223957579,1993
2025-12-04 08:00:00,0.959902413065538,0.9591361100477029,0.9613952728287336,0.9578213806045872,3236
2025-12-04 09:00:00,0.9602140110717692,0.9599655172010054,0.9615134815337373,0.9584698844028263,758
2025-12-04 10:00:00,0.9619411856952658,0.960227482941869,0.9629366351436859,0.9586181830423972,2120
2025-12-04 11:00:00,0.9612170566392161,0.9618453165741772,0.9633860040598187,0.9596876131512737,2148
2025-12-04 12:00:00,0.9650443935831354,0.9612431201439144,0.9665923286750656,0.9600667582805568,2209
2025-12-04 13:00:00,0.9659447025569355,0.965069042794368,0.9673102451684015,0.9630875967309086,3629
2025-12-04 14:00:00,0.9668516976603407,0.965791047401608,0.9686024208144263,0.9642442352996953,1462
2025-12-04 15:00:00,0.9679318128291079,0.9668998794272442,0.9691741717052,0.9656287036301081,846
2025-12-04 16:00:00,0.9706343765995059,0.9681061099482904,0.9715745181831067,0.9665266295690763,3093
2025-12-04 17:00:00,0.9720353854935131,0.9706011415225086,0.9732901521907655,0.9690684398362396,182
2025-12-04 18:00:00,0.9705593183187083,0.971909077747859,0.9729162448256204,0.9691545307330737,4941
2025-12-04 19:00:00,0.9726934827804293,0.9705334086722232,0.9742511647325786,0.9691598065314219,4529
2025-12-04 20:00:00,0.9727344068850953,0.9728181795293419,0.9740578095335137,0.9709878998356037,1976
2025-12-04 21:00:00,0.9733129929725025,0.972555368076123,0.97506048569749,0.9705908776217904,3529
2025-12-04 22:00:00,0.9722278882058922,0.9733973665436237,0.9751368179982729,0.9713633842664599,2642
2025-12-04 23:00:00,0.9733093306276409,0.9721289005360755,0.9744992088489212,0.9703096290128019,3499
2025-12-05 00:00:00,0.9729776814795599,0.9733446589239948,0.9745682444635547,0.9715123976628974,1174
2025-12-05 01:00:00,0.973547885045152,0.9728952709516671,0.975164297650786,0.9713658202505933,4741
2025-12-05 02:00:00,0.973656966238719,0.9734650730439084,0.9754036600367785,0.9716097768033857,4419
2025-12-05 03:00:00,0.976416981600802,0.9738800425998393,0.9772920599903907,0.9731930772730201,2651
2025-12-05 04:00:00,0.9792456939609767,0.9762100053043723,0.9807973099978954,0.9745017730572816,4399
2025-12-05 05:00:00,0.9797515097652344,0.9793170246977626,0.980575209219527,0.9774704389033636,1658
2025-12-05 06:00:00,0.980278283018877,0.9800060867233674,0.9815873909142794,0.9787381801096939,3949
2025-12-05 07:00:00,0.9802801514592576,0.9803790835495637,0.9821711307951393,0.9792196705791794,4556
2025-12-05 08:00:00,0.982057359009061,0.9800840694157923,0.9844171751201096,0.9781278321286244,3510
2025-12-05 09:00:00,0.982112655164661,0.9818685605435983,0.9835154585744461,0.9809128839261986,4930
2025-12-05 10:00:00,0.9820570504350861,0.9820019343145977,0.9831627143284198,0.9804055073439802,1149
2025-12-05 11:00:00,0.983681361871484,0.9820803500955042,0.9850053501098596,0.9803029042692408,200
2025-12-05 12:00:00,0.9834854029571041,0.9837146935727152,0.9852094152492805,0.9818931600529214,2680
2025-12-05 13:00:00,0.9838900969157658,0.9832977215101955,0.9851680989457013,0.9816552254407147,1720
2025-12-05 14:00:00,0.9824425239779526,0.9837614818097212,0.9849625697637489,0.9810469701507523,3232
2025-12-05 15:00:00,0.9837375523921004,0.98232278110862,0.9850871862065068,0.9807106160637699,1875
2025-12-05 16:00:00,0.9865165927191186,0.9837108059333074,0.9881134406692474,0.9824407058517978,4356
2025-12-05 17:00:00,0.9878320631664784,0.9868106745903685,0.9892636069866921,0.9855004964638348,645
2025-12-05 18:00:00,0.9900362221675352,0.9876934798169246,0.9912594308890895,0.9861978680054508,4822
2025-12-05 19:00:00,0.9894708996041224,0.9898912214656309,0.9911765256117305,0.9884437824630664,1185
2025-12-05 20:00:00,0.9902044887425562,0.9893025935131284,0.9915668540975936,0.9876458704669137,1701
2025-12-05 21:00:00,0.989522696833313,0.9902988216092702,0.991486419123253,0.988774836865895,219
2025-12-05 22:00:00,0.9896993781786153,0.9895165594704821,0.9909739689569211,0.9879242869310721,3425
2025-12-05 23:00:00,0.9910760319514383,0.9895661438809519,0.9927540136634153,0.9879436913809702,3512
2025-12-06 00:00:00,0.9916482166871623,0.9910220671123869,0.9930671698010536,0.989770960201684,4654
2025-12-06 01:00:00,0.9904030474600408,0.9915306295550376,0.9924952364778401,0.9892840800362065,623
2025-12-06 02:00:00,0.9892750125333956,0.9904469551376769,0.9922350544976111,0.9879122376466605,2463
2025-12-06 03:00:00,0.9880676158156066,0.9896728643724698,0.9912784900038327,0.9863959010737361,4449
2025-12-06 04:00:00,0.9891073589235342,0.9881493454212226,0.9901805998640759,0.9865631043211356,247
2025-12-06 05:00:00,0.9920340323663221,0.9890935217577933,0.9934133428922385,0.98793627431088,2961
2025-12-06 06:00:00,0.9941189822591224,0.9919348726530949,0.9953739285879737,0.9904121763052294,1226
2025-12-06 07:00:00,0.9922938000201471,0.9939190251232923,0.995608972624818,0.9907273778910725,1845
2025-12-06 08:00:00,0.9944490911458308,0.9924032425831336,0.9958298880170249,0.9908460635664165,3803
2025-12-06 09:00:00,0.9960227716462484,0.9945505889805807,0.9974950606344021,0.9933513550484994,4063
2025-12-06 10:00:00,0.9946184117116139,0.9959532327512945,0.9973887074928515,0.9930800246533716,128
2025-12-06 11:00:00,0.9947045697715613,0.9947994480402378,0.9958498159207168,0.9929386473697398,3288
2025-12-06 12:00:00,0.9964691966653563,0.9947077246337265,0.9983840306574986,0.9930525010948446,2031
2025-12-06 13:00:00,0.997579716878478,0.9965851295046159,0.9992743045630733,0.9949656147241938,3789
2025-12-06 14:00:00,0.9964588028156124,0.9976239890949845,0.9988952562087041,0.9944730549599429,4223
2025-12-06 15:00:00,0.9976416934025678,0.9964322950947379,0.9991955787782001,0.9948856139268003,4401
2025-12-06 16:00:00,0.9955266926872711,0.9974991014347189,0.9992833195895664,0.9942848455341228,601
2025-12-06 17:00:00,0.9957093060763624,0.9955049558663626,0.9972195205890169,0.9942619348255249,4057
2025-12-06 18:00:00,0.9975248541996425,0.9958353010469702,0.9994870117788662,0.9942863363204663,4825
2025-12-06 19:00:00,0.9979969272583281,0.9974487866075964,1.0003675245015453,0.9963821903766901,3917
2025-12-06 20:00:00,0.9978482021983738,0.9980627465324834,0.9995217637315498,0.9964445240052165,1947
2025-12-06 21:00:00,0.9993654177029005,0.9976858948788236,1.0006898178054613,0.996047683023695,3676
2025-12-06 22:00:00,1.0009851198810045,0.9994825417209664,1.0021894823792024,0.9976293744248468,431
2025-12-06 23:00:00,1.0030071675124448,1.001032202241531,1.003845608899877,0.9999922885468364,1949
2025-12-07 00:00:00,1.0045063784265804,1.0028260383237209,1.0063892688938352,1.0012894215260169,4138
2025-12-07 01:00:00,1.006254028179305,1.0044725660990808,1.0076566978504802,1.0029837839160103,3293
2025-12-07 02:00:00,1.0075835184482302,1.0063948038556008,1.0093594919330815,1.0048720915400509,1399
2025-12-07 03:00:00,1.00835215282717,1.0073930862223033,1.01019031391559,1.0058377336283653,2871
2025-12-07 04:00:00,1.0089095636268866,1.0081900790364824,1.010095747611435,1.0066862994319126,108
2025-12-07 05:00:00,1.0090748519639696,1.0088990444824821,1.010306685883185,1.006963979292338,4820
2025-12-07 06:00:00,1.008070010012298,1.0093974339735876,1.0114371689476411,1.0061816942625639,2798
2025-12-07 07:00:00,1.007373636201714,1.0079683793977756,1.0094582653166626,1.0052148478404148,2554
2025-12-07 08:00:00,1.0074852188233918,1.0074484833867916,1.0087968776714809,1.0059404509589538,1733
2025-12-07 09:00:00,1.0082249614149148,1.0075245600750855,1.0094211679155591,1.0061364428422968,1186
2025-12-07 10:00:00,1.01040393653252,1.0081356134307309,1.01187666419411,1.0069133566887425,1710
2025-12-07 11:00:00,1.0108037798590692,1.0104283676626769,1.0127772411429639,1.0090696770291525,2342
2025-12-07 12:00:00,1.0124579514081224,1.010735767794386,1.0141848314756845,1.0090000388997125,2186
2025-12-07 13:00:00,1.014203130195841,1.012403518397402,1.0157797380733087,1.0106179554430972,2131
2025-12-07 14:00:00,1.0143753940386144,1.013950357194694,1.0163803640971005,1.0122232264430557,2589
2025-12-07 15:00:00,1.0155390222922587,1.0143716716461046,1.0174875700696093,1.013050800970768,2395
2025-12-07 16:00:00,1.0146257921357904,1.015675858811463,1.017299500203484,1.0133044677676029,1618
2025-12-07 17:00:00,1.0195838017385848,1.0146345746942556,1.0219623234315462,1.01250676527723,2947
2025-12-07 18:00:00,1.021968214257082,1.019750971378929,1.0234253089983214,1.0184731001729188,1306
2025-12-07 19:00:00,1.0175039001770008,1.0220567870730264,1.0239182174068013,1.0155452485148388,4745
2025-12-07 20:00:00,1.0181096176225777,1.0174948072405077,1.0195167479620255,1.0158440719843465,3368
2025-12-07 21:00:00,1.0242900382294173,1.0180131409392734,1.026103906884598,1.0167018240205317,1477
2025-12-07 22:00:00,1.0236104218498672,1.0242153765383957,1.0256745166582453,1.0224387417462397,3494
2025-12-07 23:00:00,1.0252893532127236,1.0233842670399598,1.0269691980492086,1.0220582355326724,4848
2025-12-08 00:00:00,1.0273363988542454,1.0252481962329492,1.029614045538056,1.0235784771871448,3847
2025-12-08 01:00:00,1.0234490629823783,1.0273588121981427,1.0291862373428828,1.0221931767633539,3919
2025-12-08 02:00:00,1.0253642177919289,1.0237129026941976,1.027048944862974,1.0216967053381099,1168
2025-12-08 03:00:00,1.0201373359717991,1.0254450616849984,1.0267381767161812,1.0186707438352491,996
2025-12-08 04:00:00,1.017791245572794,1.0200052998503466,1.0215894599769884,1.0160506862224261,2851
2025-12-08 05:00:00,1.0218252067008973,1.0175706281549464,1.0230489438015906,1.0158479194206027,1474
2025-12-08 06:00:00,1.0231630427895537,1.0217935062315915,1.0249700437795415,1.019760920986063,689
2025-12-08 07:00:00,1.0220212510105042,1.0232874888668746,1.0250847779224506,1.0206225036351286,4555
2025-12-08 08:00:00,1.0236954798401736,1.0219873744185062,1.0251758554617336,1.0204192524174946,1791
2025-12-08 09:00:00,1.0234701339110919,1.0237786855325992,1.0258246633250803,1.02236521433321,4026
2025-12-08 10:00:00,1.0235173032949112,1.0234423261563854,1.0255201923932895,1.0218753780055452,3684
2025-12-08 11:00:00,1.0259803727701118,1.023627647550904,1.0275654036711241,1.0217377881452139,802
2025-12-08 12:00:00,1.02325274374264,1.0257352129719821,1.027443690329651,1.021650492123718,1019
2025-12-08 13:00:00,1.02340400526347,1.0234990027036794,1.0248534398694444,1.0211588606746693,2964
2025-12-08 14:00:00,1.0222329995336952,1.0232334226696387,1.0246833025938893,1.0205402706466915,3156
2025-12-08 15:00:00,1.0162869868789441,1.0223539985093606,1.0235497594262422,1.014927320626548,1457
2025-12-08 16:00:00,1.0128352777930092,1.0162456352461664,1.0176195451894972,1.011177540491773,851
2025-12-08 17:00:00,1.0187160519694987,1.0128175784318036,1.0202122232639537,1.0117367394866017,3185
2025-12-08 18:00:00,1.0201587643991934,1.0186791576361254,1.0211808510861533,1.0173934457122966,1257
2025-12-08 19:00:00,1.0151953082689382,1.0201976876855208,1.0218961543002723,1.0140431659171327,950
2025-12-08 20:00:00,1.0094189793595068,1.0152645833625649,1.0170882385342868,1.0078999720992805,1954
2025-12-08 21:00:00,1.008998364734092,1.0095791621147159,1.0110902629673442,1.007503187523386,1824
2025-12-08 22:00:00,1.0148528142335038,1.0092126938669623,1.0155539023467515,1.0073235119696013,2071
2025-12-08 23:00:00,1.0141524712279875,1.0149032918797543,1.0163475486154259,1.0126613836867897,2003
2025-12-09 00:00:00,1.0190537195532525,1.0144144201441165,1.0201563195118362,1.0131923260200686,2872
2025-12-09 01:00:00,1.0203734599438226,1.0190679495605324,1.0217174084092953,1.017060063446804,2734
2025-12-09 02:00:00,1.0221406491607448,1.0205386542825183,1.0241190850683453,1.0199083944259357,282
2025-12-09 03:00:00,1.0171316972508526,1.0222060588160269,1.022988902440296,1.0155942623432095,1272
2025-12-09 04:00:00,1.0206474082074142,1.0170476156083066,1.0219284138311702,1.0154500143393348,2572
2025-12-09 05:00:00,1.0193914130676383,1.0206751204885236,1.022457904449785,1.0178654720564582,3665
2025-12-09 06:00:00,1.022628009768679,1.0194685967159887,1.0239466089901406,1.017781232312032,248
2025-12-09 07:00:00,1.0195748723362312,1.022623085507822,1.0239143474617725,1.0180116529382974,4065
2025-12-09 08:00:00,1.0202388073893933,1.019638054172463,1.0223912274941547,1.017954764213823,561
2025-12-09 09:00:00,1.0215588184666595,1.0203714102637345,1.02320712018792,1.0190236327657087,3235
2025-12-09 10:00:00,1.0209811935295001,1.0215552389358977,1.0233728822834118,1.019896621258783,1172
2025-12-09 11:00:00,1.0224982380035732,1.020529675536384,1.0241837250350545,1.019010147025102,4525
2025-12-09 12:00:00,1.0214992489716013,1.0227553907584714,1.0243371917611526,1.020281578353822,3496
2025-12-09 13:00:00,1.0190652748976965,1.0214537592077046,1.0233687942877587,1.0177594012957794,3973
2025-12-09 14:00:00,1.025085837583174,1.0189386849634858,1.0272094094855266,1.0170438708158747,4076
2025-12-09 15:00:00,1.0290194108320294,1.0249123278860526,1.0300432284701109,1.0228878357777191,315
2025-12-09 16:00:00,1.0261661680380987,1.028967623421677,1.030496000230915,1.0242751368818663,4249
2025-12-09 17:00:00,1.0282978341840785,1.0260793671816784,1.0298269545815293,1.0242415784117087,515
2025-12-09 18:00:00,1.0255127884789492,1.028184462289512,1.0295906626838458,1.023956075095176,2759
2025-12-09 19:00:00,1.0210702210652156,1.0254083136557774,1.0272404385255198,1.0192275638527528,3333
2025-12-09 20:00:00,1.0249470064704618,1.0211516648134735,1.0265634158585266,1.019504897129913,4509
2025-12-09 21:00:00,1.018556632874284,1.0252572124929586,1.0273734083895194,1.0164337091309537,3637
2025-12-09 22:00:00,1.022032342550196,1.0186824304811666,1.023902743420738,1.017430880693549,3588
2025-12-09 23:00:00,1.021084633878047,1.0222042827136668,1.0241539526711965,1.0193469699061095,4842
2025-12-10 00:00:00,1.020291334116495,1.021026873650373,1.0221902615929974,1.0191478811573231,179
2025-12-10 01:00:00,1.0218279011900824,1.020307376615116,1.0231135387154924,1.0185666880563786,116
2025-12-10 02:00:00,1.024007396735061,1.0218934093605587,1.0253210882093413,1.020885511397245,1032
2025-12-10 03:00:00,1.0209086098219524,1.0239063944852165,1.0258429924130599,1.0197489218062732,1261
2025-12-10 04:00:00,1.0236000808547652,1.020843243221757,1.0248384804586417,1.019701711253227,2549
2025-12-10 05:00:00,1.0240252203723597,1.023731343268383,1.0252731176743246,1.0221178485794407,4175
2025-12-10 06:00:00,1.0193150148991046,1.024191923138746,1.025377991336896,1.0176776305319768,2024
2025-12-10 07:00:00,1.0186779855856805,1.0193253153027382,1.0216946667475937,1.016401093905479,4468
2025-12-10 08:00:00,1.0238577818940264,1.0184944349386615,1.0253498809926038,1.0169866888169126,3240
2025-12-10 09:00:00,1.0301450123874478,1.0238121065029444,1.0318539883552436,1.0220281406070233,2375
2025-12-10 10:00:00,1.0328350691034804,1.0299217137861616,1.0340309008372,1.0283226155105938,3986
2025-12-10 11:00:00,1.0283712810228491,1.0328466695032612,1.0346851685616627,1.0266161912071885,2470
2025-12-10 12:00:00,1.0302110569070586,1.0284107488892291,1.0312081982018417,1.0268210311914434,309
2025-12-10 13:00:00,1.0334017852965305,1.0301690940121988,1.034648377019065,1.028278087522579,4282
2025-12-10 14:00:00,1.0361231902339756,1.0334393516869582,1.0374500369819342,1.0322123767339815,750
2025-12-10 15:00:00,1.0390667688165554,1.0361881684674872,1.0406935956124712,1.0353924947577275,2353
2025-12-10 16:00:00,1.0404290053637335,1.039106855824528,1.0417421051188138,1.0374159288219402,863
2025-12-10 17:00:00,1.040157459093119,1.0402415382593546,1.0422773338457438,1.0391604923008324,3958
2025-12-10 18:00:00,1.037876080983479,1.0401180305452766,1.0418315296649328,1.0359108403109016,3222
2025-12-10 19:00:00,1.0307588227890985,1.03793944837335,1.039272342162835,1.0293821781192718,4748
2025-12-10 20:00:00,1.0320324794142735,1.0310032150626416,1.0338894001010608,1.0297766145740506,4345
2025-12-10 21:00:00,1.0327301775779691,1.0319903555250236,1.0341574257907973,1.0296045876845508,1383
2025-12-10 22:00:00,1.0348210869885621,1.0328156807362168,1.0361900197342209,1.0312691768449884,1337
2025-12-10 23:00:00,1.0298052981387138,1.0349567358122826,1.0367781984694746,1.0283255006299334,1444
2025-12-11 00:00:00,1.0322241107236452,1.0297748535610494,1.0330128874897484,1.0279948939240935,853
2025-12-11 01:00:00,1.0399286548284732,1.032403250042251,1.0417177950078405,1.030588949707556,4699
2025-12-11 02:00:00,1.0402228428188904,1.0401162341305472,1.0415606438349079,1.038200416186616,505
2025-12-11 03:00:00,1.039991597871866,1.0404381810976786,1.0417752128170135,1.0388474948471271,2179
2025-12-11 04:00:00,1.0411503567071874,1.0400631923943058,1.043323696732731,1.0383340165291335,1480
2025-12-11 05:00:00,1.0487716205498512,1.041521643452394,1.0501776417168243,1.040040731582444,177
2025-12-11 06:00:00,1.0449329414434765,1.048675181110925,1.0505422405297846,1.0436542659301726,4170
2025-12-11 07:00:00,1.0456949674437037,1.0452661120298257,1.047351111337261,1.0436824761697525,2562
2025-12-11 08:00:00,1.0426962521100875,1.045815132893302,1.0474989802634844,1.0416987803691895,4400
2025-12-11 09:00:00,1.0406449844069188,1.042905482213379,1.0443882320267925,1.0387958838795266,3122
2025-12-11 10:00:00,1.0404590207523614,1.0405950364816146,1.0420612360902028,1.0389890631388219,2529
2025-12-11 11:00:00,1.0455114829084122,1.0405914569522074,1.0475590089550744,1.0391729595476251,1299
2025-12-11 12:00:00,1.052265197660995,1.04573671619597,1.054137322682262,1.0442017807395685,2996
2025-12-11 13:00:00,1.053945730703345,1.0520932951109505,1.0553686583154906,1.0505653425864523,3664
2025-12-11 14:00:00,1.0525335004920071,1.053919944745877,1.0551684990939827,1.0505945184890144,236
2025-12-11 15:00:00,1.0618812712419015,1.0521924370730127,1.0632879006354614,1.050948670371132,1241
2025-12-11 16:00:00,1.0602779419369157,1.0618529088636506,1.063755523112041,1.0588090984621457,1872
2025-12-11 17:00:00,1.0581361822580666,1.0601484247677377,1.0621097939654762,1.0566177219190864,686
2025-12-11 18:00:00,1.0514801458408964,1.0581018354980212,1.0598541093706568,1.050238923691815,512
2025-12-11 19:00:00,1.0567154892255641,1.0519435647240394,1.0577880223937413,1.0503079867941907,1321
2025-12-11 20:00:00,1.0603464101969564,1.0569887092428425,1.062176709894888,1.0556284565623113,1770
2025-12-11 21:00:00,1.069413180957393,1.0601155055715998,1.0714355198428316,1.058961913105734,2716
2025-12-11 22:00:00,1.064202468386575,1.0695018936682439,1.0711536071621184,1.0624381609324947,4086
2025-12-11 23:00:00,1.0696706089146215,1.0643306573519313,1.0719104359699985,1.0622296290355726,4293
2025-12-12 00:00:00,1.0699336171084946,1.0696163797967932,1.071114512260566,1.0679959372723171,1969
2025-12-12 01:00:00,1.072956492921495,1.0699623145535764,1.0747863582635167,1.0683861260686853,2693
2025-12-12 02:00:00,1.0667773286423532,1.0730006546557918,1.0742743159441337,1.0652169989612288,169
2025-12-12 03:00:00,1.072282635477348,1.0665607364435747,1.0742315762627752,1.0651182860399055,4260
2025-12-12 04:00:00,1.0752320732948424,1.0721162977174015,1.0770426116993526,1.0701260117245854,1250
2025-12-12 05:00:00,1.075086160664394,1.0752598583674708,1.0774534714211776,1.073443197945313,414
2025-12-12 06:00:00,1.0775053332431233,1.0751022266774997,1.0792831228444546,1.0741902177768907,3051
2025-12-12 07:00:00,1.0746347258642148,1.0773911163282073,1.0788728207480638,1.0726362425091145,1925
2025-12-12 08:00:00,1.0724618255432834,1.0745069351514476,1.0759576316728177,1.0705462473443728,2114
2025-12-12 09:00:00,1.0707239082421882,1.0724474062249203,1.0739731308613085,1.068924577810653,2232
2025-12-12 10:00:00,1.0637761787608497,1.0708653081833737,1.072297983630822,1.0630598553628283,3177
2025-12-12 11:00:00,1.0670077731141123,1.0637639371240297,1.0690394974967212,1.062164369229326,4028
2025-12-12 12:00:00,1.071476249167297,1.067268580745685,1.0734935083758714,1.0653741803129522,2901
2025-12-12 13:00:00,1.0688462086056825,1.071364690394161,1.0724880795752347,1.0671212513470052,3092
2025-12-12 14:00:00,1.0701519699154756,1.068877207130848,1.0717695132251546,1.0672061162392832,4062
2025-12-12 15:00:00,1.069156193135616,1.0700951503426417,1.0717189285900066,1.0672652259662556,3946
2025-12-12 16:00:00,1.0703872204934197,1.0692505950180944,1.0717419147786384,1.067600280041903,945
2025-12-12 17:00:00,1.0680338058388783,1.0702620061513521,1.0720044766021934,1.0660461016703806,1758
2025-12-12 18:00:00,1.0647209615035498,1.0683416269573531,1.070405327952208,1.063072212310479,2519
2025-12-12 19:00:00,1.0686662423261388,1.064449956442946,1.0705551555363542,1.062820608875041,4676
2025-12-12 20:00:00,1.068426727631922,1.0689411720669586,1.0709755853196146,1.0665380439493783,3073
2025-12-12 21:00:00,1.0760096361976224,1.068441251900908,1.0773917271537448,1.066955902460293,4086
2025-12-12 22:00:00,1.0761832985656004,1.0760988127139113,1.0778093602300445,1.0748387878696393,3995
2025-12-12 23:00:00,1.072710505914286,1.076398032398193,1.077760702664251,1.071100216826322,4585
2025-12-13 00:00:00,1.0773115342009207,1.0728491012074635,1.0790048837352235,1.0710423287207207,2639
2025-12-13 01:00:00,1.0796770348164684,1.0771933052110885,1.0814032605428918,1.0752740618561742,1387
2025-12-13 02:00:00,1.08240280805533,1.0797744656094235,1.0843380916731102,1.0778485789204595,2115
2025-12-13 03:00:00,1.0868675606010847,1.0827072625874985,1.0889261394481042,1.0810993446887718,132
2025-12-13 04:00:00,1.084419574499163,1.086723231125941,1.0885740025845794,1.0828486962501955,3450
2025-12-13 05:00:00,1.0839423745904682,1.0847640126637865,1.0861102138565686,1.082509006897455,3115
2025-12-13 06:00:00,1.083299437722389,1.0840050492833948,1.0851905560576391,1.0815932813891722,909
2025-12-13 07:00:00,1.0784591382089554,1.083229354954956,1.0850152897685192,1.0773724150560853,2513
2025-12-13 08:00:00,1.077470675145862,1.0783147642415052,1.0804160005018946,1.0758471124101792,3608
2025-12-13 09:00:00,1.0824820981129002,1.077434419506744,1.084097770231138,1.0748852778615396,3916
2025-12-13 10:00:00,1.083372116002127,1.0821643540094645,1.0845007534975173,1.0810280689416387,3901
2025-12-13 11:00:00,1.0783243860227083,1.0833049507665549,1.0855968503016962,1.076656163545585,577
2025-12-13 12:00:00,1.072489988228965,1.0782820879972081,1.0800482874236241,1.0707596857158819,1930
2025-12-13 13:00:00,1.078732898449271,1.072316137426489,1.0804063825920407,1.0705341359277292,3017
2025-12-13 14:00:00,1.0783942021608142,1.0788538692376157,1.080093600545596,1.0770893375294377,615
2025-12-13 15:00:00,1.0759664138894331,1.0783588943840912,1.079978078438284,1.0741860380732315,1074
2025-12-13 16:00:00,1.0749389447710693,1.0758638978419013,1.077697813820005,1.0734989049286425,4720
2025-12-13 17:00:00,1.0693990406923792,1.0748867580013592,1.0766522355252004,1.0682529390463948,2621
2025-12-13 18:00:00,1.0747356475030478,1.0694562876914193,1.0761285412944313,1.0675372534839158,2933
2025-12-13 19:00:00,1.0732616989871002,1.07474743533116,1.0763389540848785,1.071437814752773,875
2025-12-13 20:00:00,1.0783894547161192,1.0731483103656483,1.0798077503587402,1.0718434254115232,3206
2025-12-13 21:00:00,1.0785831486452966,1.0784097838740696,1.080739504360245,1.0769678683896378,4570
2025-12-13 22:00:00,1.0839438935499282,1.0785749091610835,1.0858608073456448,1.0771376035963742,4803
2025-12-13 23:00:00,1.0849064979213396,1.0837584617289517,1.0863632013764124,1.082666042678481,998
2025-12-14 00:00:00,1.0881061204070988,1.084859409362924,1.0893568538915164,1.0829783688431394,1187
2025-12-14 01:00:00,1.0908027193299301,1.0882009119712168,1.0925298358430757,1.0863029419397243,2917
2025-12-14 02:00:00,1.093140060828375,1.090896533417764,1.0946181553902057,1.0893658999785467,4445
2025-12-14 03:00:00,1.09444481511781,1.0931023083376858,1.0959491382727213,1.0914698756775278,127
2025-12-14 04:00:00,1.0935716249323766,1.0945558300465457,1.095823756094539,1.0918936383609479,1203
2025-12-14 05:00:00,1.1007545050257748,1.093409821368172,1.1020716429703314,1.0916779849788272,866
2025-12-14 06:00:00,1.0973534913316652,1.100598298758154,1.1022978809931059,1.0961510758561697,3968
2025-12-14 07:00:00,1.097369644990452,1.0973121333961844,1.0989278401656684,1.0955052776457646,2546
2025-12-14 08:00:00,1.0974254670224806,1.097616165072896,1.1000842248132319,1.0961663383034301,3601
2025-12-14 09:00:00,1.0989346198475187,1.097452377452103,1.1007789354783266,1.0955793394789826,300
2025-12-14 10:00:00,1.0973240974254144,1.0988892950167357,1.1001561463002383,1.096028666880799,747
2025-12-14 11:00:00,1.0985043960713754,1.0975785337827844,1.0996460817163662,1.0963592297414113,2759
2025-12-14 12:00:00,1.0978712363768643,1.0984571428531822,1.1002350919821742,1.0962336643407924,2157
2025-12-14 13:00:00,1.0919389144364722,1.0982372652046408,1.099745167188918,1.090317550650729,1003
2025-12-14 14:00:00,1.0919747355099354,1.0918551681984192,1.0940488787149474,1.090183219481353,1378
2025-12-14 15:00:00,1.0878476155110723,1.0918096445070864,1.0935334034017232,1.0865071922191698,3660
2025-12-14 16:00:00,1.081343668901889,1.0878206313408345,1.0887995111085802,1.0796558587015477,167
2025-12-14 17:00:00,1.081856943854474,1.0813032478713103,1.0831488678934627,1.0795840717020517,4354
2025-12-14 18:00:00,1.0836865063870473,1.0817256465685776,1.085092497930998,1.0797211364751649,881
2025-12-14 19:00:00,1.0856616240449395,1.0841102358975598,1.0874340872431258,1.0824214785839052,3816
2025-12-14 20:00:00,1.0877885141962633,1.0857136137930559,1.0890766453671132,1.0842775345921074,3185
2025-12-14 21:00:00,1.080541305367736,1.087863760322316,1.0895341099971054,1.0793571603159906,410
2025-12-14 22:00:00,1.075437491888083,1.0804667970256452,1.081648869579724,1.0743180456369101,3845
2025-12-14 23:00:00,1.0828381972761343,1.075343663516803,1.0844644639144292,1.0736144863037698,2532
2025-12-15 00:00:00,1.0789111644258453,1.0830041702300974,1.0847423045264608,1.0770360603441027,1575
2025-12-15 01:00:00,1.081201818292608,1.0786393759500912,1.0832976773038212,1.0773063256116497,644
2025-12-15 02:00:00,1.078625802211361,1.0810169098262907,1.0827143137260946,1.0769252633370716,665
2025-12-15 03:00:00,1.0789245749836145,1.0785857781277157,1.0802786032317835,1.0770237819099944,2104
2025-12-15 04:00:00,1.0765498717250885,1.0791427454541507,1.0812397585921931,1.0747030716705188,1543
2025-12-15 05:00:00,1.0786556510549121,1.076489275497692,1.0802143587243231,1.074591032394572,4213
2025-12-15 06:00:00,1.0791685539948497,1.078723015706058,1.0810377495050072,1.0778379505014604,2760
2025-12-15 07:00:00,1.0774874673436838,1.0791730355905287,1.0805911505378771,1.075537602482104,301
2025-12-15 08:00:00,1.0735493218948813,1.0776962069447151,1.0793357674093624,1.0718577741484159,4397
2025-12-15 09:00:00,1.0745534751354782,1.0732938914509291,1.0759070037750968,1.0718533523628853,1333
2025-12-15 10:00:00,1.0700057796390685,1.074671597867716,1.0763800525416054,1.0685623834133584,3071
2025-12-15 11:00:00,1.0716088335470217,1.0699738083615542,1.0734746635835715,1.0683561888716067,4150
2025-12-15 12:00:00,1.08145815195591,1.0717588670796911,1.0829198077708146,1.0703001148221534,3372
2025-12-15 13:00:00,1.0865212896481427,1.0813246268383343,1.0879714670320613,1.0800002672231417,2089
2025-12-15 14:00:00,1.0892150942239958,1.086525275043126,1.0909655124021653,1.0851227355680126,136
2025-12-15 15:00:00,1.0888940668574665,1.0891983513815968,1.090562185983451,1.0876005136100624,1253
2025-12-15 16:00:00,1.0816237445062034,1.0887314281562492,1.089861310592495,1.0795643647678235,2890
2025-12-15 17:00:00,1.0766651705215777,1.081416958091965,1.083146038132361,1.0750321155355556,4752
2025-12-15 18:00:00,1.0814756437319628,1.0765710154088977,1.083062915635537,1.0742178834633715,275
2025-12-15 19:00:00,1.078514058431495,1.0814966636143502,1.0830727417024286,1.0767762240191927,863
2025-12-15 20:00:00,1.0758918630633798,1.0783919050760176,1.080173927496352,1.0740879447891791,1855
2025-12-15 21:00:00,1.0752706737795648,1.0758386253000027,1.0776646769536695,1.0740002216721023,3964
2025-12-15 22:00:00,1.0712880003088903,1.0749676389680338,1.076522827150152,1.0697511976929224,4755
2025-12-15 23:00:00,1.0666876175543216,1.0712286951567962,1.0724694653171587,1.0650643244527855,972
2025-12-16 00:00:00,1.0664983397813912,1.0668513655732088,1.0682467975532643,1.0651024796564126,2944
2025-12-16 01:00:00,1.063155104326371,1.066610797190845,1.068392102063891,1.061708618345042,4818
2025-12-16 02:00:00,1.0603762846522,1.063141278832275,1.0647752347040973,1.0586520657859708,4992
2025-12-16 03:00:00,1.0574468183041488,1.0604149321220255,1.0618266999618358,1.0557211412968466,3951
2025-12-16 04:00:00,1.059405669106028,1.0573151987403604,1.060745482562728,1.0561510004579626,3915
2025-12-16 05:00:00,1.0585351977666704,1.0596635979344597,1.0614475968883015,1.0568572900506532,1454
2025-12-16 06:00:00,1.0578655528870684,1.0588633099757492,1.0603797647717121,1.056103249844218,1616
2025-12-16 07:00:00,1.0601041000019766,1.0578917624180717,1.0619336435949747,1.05648933273758,4919
2025-12-16 08:00:00,1.0595714514711032,1.0605158525147198,1.0623847254240932,1.0582020339269294,3151
2025-12-16 09:00:00,1.0585279998393888,1.059463452658313,1.0609518997675302,1.0568000156058828,660
2025-12-16 10:00:00,1.060292188672777,1.0583290234075404,1.0621846980988354,1.0575570524514468,438
2025-12-16 11:00:00,1.0627979305861182,1.060179060674175,1.0644362579621818,1.0585841991670135,4312
2025-12-16 12:00:00,1.062246404962961,1.062762957674368,1.0644416548493942,1.0601321858057628,735
2025-12-16 13:00:00,1.062548684121538,1.0626149074536984,1.0635110347386156,1.061782488547091,3527
2025-12-16 14:00:00,1.059616970760038,1.0625039959741054,1.0637847800247526,1.0577659656518366,1676
2025-12-16 15:00:00,1.0563894093481712,1.0594807510655884,1.0607748193143278,1.0546322886017387,952
2025-12-16 16:00:00,1.0592737124805467,1.0562466522704168,1.0607613602780275,1.0551147444229791,659
2025-12-16 17:00:00,1.060942245215089,1.0594551371234187,1.0625700545273524,1.0576980611704312,2777
2025-12-16 18:00:00,1.062649614359151,1.061101212562825,1.0642930817901,1.0591879906013664,4038
2025-12-16 19:00:00,1.0637028181668717,1.0625721536819037,1.0653895573438974,1.0613520707638595,158
2025-12-16 20:00:00,1.0638760804511778,1.063403477888894,1.0652532857217298,1.062033383485454,3548
2025-12-16 21:00:00,1.0664876250417632,1.0636955357938076,1.0683085554929093,1.0620874514831178,2908
2025-12-16 22:00:00,1.0699942828955986,1.0667638832016022,1.0721800528071548,1.0648450613370655,3992
2025-12-16 23:00:00,1.0734113879150635,1.0701051890297029,1.0749077261095896,1.06866932474432,2952
2025-12-17 00:00:00,1.073033470730266,1.0734219242521157,1.0748178330110767,1.0714374699537783,717
2025-12-17 01:00:00,1.078234693467424,1.0733357268448052,1.0796303609429019,1.0719334482662028,2101
2025-12-17 02:00:00,1.0790914210239202,1.0785516754295075,1.080737726434971,1.076925088320087,4936
2025-12-17 03:00:00,1.081462831746042,1.0790855909223638,1.0829144480152562,1.077123813599018,4139
2025-12-17 04:00:00,1.0825206613366727,1.0814599784769672,1.0835825074512595,1.0798018068306354,1821
2025-12-17 05:00:00,1.0834469364897383,1.0824260688324785,1.0845986128884428,1.0809170848485337,4660
2025-12-17 06:00:00,1.0806878665262996,1.0834008013918046,1.0853525853231758,1.0790774546559336,136
2025-12-17 07:00:00,1.0833179321700928,1.0804463421514021,1.0853594862090523,1.07908156486059,2715
2025-12-17 08:00:00,1.0939877861509963,1.083073362496264,1.0961538457307476,1.0817587366510664,3892
2025-12-17 09:00:00,1.0925823046205336,1.0937054641614368,1.0954185144859478,1.0905489811904292,3402
2025-12-17 10:00:00,1.0928485348033772,1.0927600570369205,1.0941629347158335,1.0905838536707286,976
2025-12-17 11:00:00,1.091175265062075,1.092592970280709,1.0940863474620046,1.090124958036064,814
2025-12-17 12:00:00,1.0893451904312177,1.0914938923698176,1.0926405193712942,1.0875209306560478,3743
2025-12-17 13:00:00,1.0951368759741626,1.0892252108669105,1.0962769489479225,1.0873003106373578,4990
2025-12-17 14:00:00,1.0926132346576847,1.09542161369937,1.097144204576119,1.0913714857691197,3844
2025-12-17 15:00:00,1.090835432882561,1.092553502525866,1.0943661475442377,1.0893535619013976,4303
2025-12-17 16:00:00,1.0848823347935685,1.0905805636284471,1.0928452685932977,1.0834428194790036,4560
2025-12-17 17:00:00,1.082041290826535,1.0850907000599683,1.0866867887920775,1.0798011580243656,4750
2025-12-17 18:00:00,1.07563479122796,1.0822674751427914,1.0834427670206606,1.0734881091580641,3970
2025-12-17 19:00:00,1.0780040588500048,1.0754882822295881,1.0795816357377166,1.074169185844303,3912
2025-12-17 20:00:00,1.0885029234318948,1.0779499081807418,1.0900434405178472,1.0767936725460592,3969
2025-12-17 21:00:00,1.0871278779557054,1.0883552160297387,1.0898256983515575,1.0852450886975258,1682
2025-12-17 22:00:00,1.080877535706992,1.0871083367662315,1.0888411184254099,1.0790798372068977,2748
2025-12-17 23:00:00,1.0842525344486034,1.080895072810952,1.0854838747749658,1.0788640530773275,1186
2025-12-18 00:00:00,1.0815265658526152,1.0841955299316197,1.085860233391097,1.0802479011892376,2701
2025-12-18 01:00:00,1.086399116842191,1.0812301595517775,1.0882410728443876,1.0793647445788188,2604
2025-12-18 02:00:00,1.085610681984843,1.08630452552378,1.0883953262934516,1.0842205876500526,435
2025-12-18 03:00:00,1.0844025031579436,1.0857251166110755,1.0874526920700966,1.0825731713863975,504
2025-12-18 04:00:00,1.0837389540910487,1.084368544272173,1.0863332937831207,1.0821254139602674,4758
2025-12-18 05:00:00,1.0841982862041721,1.0836857025059632,1.0856802022356327,1.0814412110421927,2803
2025-12-18 06:00:00,1.0834753814472653,1.0840470151833468,1.0855733209492842,1.0817047463586278,260
2025-12-18 07:00:00,1.0824293118039128,1.0833763308247064,1.0854376595359843,1.0809076308307768,1912
2025-12-18 08:00:00,1.081740713880338,1.082657929283508,1.0838354307398261,1.0800733403547536,4467
2025-12-18 09:00:00,1.079764487658937,1.0815561102294777,1.0830451679863935,1.0781774018054802,3666
2025-12-18 10:00:00,1.0797909255816898,1.0798812383947496,1.0818664706077248,1.0785452041576822,4135
2025-12-18 11:00:00,1.077196853669076,1.0797985287420757,1.081346101360108,1.0749590120568853,3165
2025-12-18 12:00:00,1.0762139079238373,1.0772363739651447,1.078758484163381,1.07408341774185,3531
2025-12-18 13:00:00,1.0766751701744341,1.0760956314503138,1.0782044799791688,1.0745375651636966,1307
2025-12-18 14:00:00,1.0765888281139535,1.0766183622370935,1.0782710827668627,1.0747478997386744,4225
2025-12-18 15:00:00,1.0768472128015372,1.0765879041499422,1.0788133475281514,1.074309910540098,3693
2025-12-18 16:00:00,1.0763191579942746,1.0767631522271957,1.078676061391065,1.0743052906957813,1272
2025-12-18 17:00:00,1.0772728534114573,1.0763727144155386,1.078892465464147,1.0748561484611028,1624
2025-12-18 18:00:00,1.077932492447581,1.077346816668276,1.0799026475256355,1.075758361513122,3858
2025-12-18 19:00:00,1.0780178616526783,1.07828382492984,1.0800113893981562,1.076956294703838,1318
2025-12-18 20:00:00,1.0786809165854545,1.078062873394057,1.0805769529193574,1.0761941325385846,3378
2025-12-18 21:00:00,1.0791314248507389,1.078371382414228,1.0804171982432598,1.0763503272724577,2150
2025-12-18 22:00:00,1.0781540686347226,1.0793195119138248,1.0814990713277028,1.076132624795468,1506
2025-12-18 23:00:00,1.076091389940693,1.0781211611184036,1.0798063890147702,1.0742509378368,873
2025-12-19 00:00:00,1.0761458244917042,1.07641615870247,1.0771431029506493,1.0744178528540087,3635
2025-12-19 01:00:00,1.0763511315687018,1.07638330917154,1.0785337060542028,1.075058803774877,1693
2025-12-19 02:00:00,1.077209697958068,1.0762694897298324,1.078827146071282,1.074550356917007,2825
2025-12-19 03:00:00,1.0756361124280138,1.0773261736636672,1.0788120055562507,1.0742264897942588,1373
2025-12-19 04:00:00,1.0740983951568812,1.075540417487365,1.076956396117613,1.0723180192500759,821
2025-12-19 05:00:00,1.0742002754764506,1.0740988287298525,1.0759532097981408,1.0727336918990757,206
2025-12-19 06:00:00,1.0736648750898268,1.0743091426491405,1.0756334903684706,1.0718872674131137,4703
2025-12-19 07:00:00,1.0709519611571414,1.0738436705528418,1.075264746762297,1.0689204327311232,1574
2025-12-19 08:00:00,1.0709520909536465,1.0710957695402834,1.072524565888318,1.0692244894103853,2923
2025-12-19 09:00:00,1.0682791834556598,1.0709641074330587,1.072472865778278,1.0665714989900021,2387
2025-12-19 10:00:00,1.0666948755934118,1.0686765417878812,1.0701117131013156,1.0648026569463838,1912
2025-12-19 11:00:00,1.067866893240844,1.0666364066122886,1.0697419011738898,1.0644674617423948,4165
2025-12-19 12:00:00,1.0696067480622125,1.0676090323446705,1.071298137205413,1.066039047763135,4563
2025-12-19 13:00:00,1.067697960420046,1.0693801773293972,1.0711076176271974,1.0659295252386038,984
2025-12-19 14:00:00,1.0668526905751508,1.0679338427869676,1.069729548607139,1.0647687327763848,252
2025-12-19 15:00:00,1.0664538376028452,1.0668404285550706,1.0684103250889716,1.0646400271456293,1704
2025-12-19 16:00:00,1.0681413099159431,1.0664793219854938,1.069416571517818,1.065518756588236,605
2025-12-19 17:00:00,1.0670998671785539,1.068054470841912,1.070233010436573,1.0657283083144233,243
2025-12-19 18:00:00,1.0660776063509139,1.0670274747822257,1.0689232383690765,1.0642382891919724,4044
2025-12-19 19:00:00,1.0674860770210692,1.0659515742699872,1.0696038072512069,1.064478498775943,468
2025-12-19 20:00:00,1.0665863300378073,1.067561455473602,1.0694923623299675,1.0645255717602877,444
2025-12-19 21:00:00,1.067002972088567,1.0665707443385923,1.0684561112498432,1.0643755167471187,1844
2025-12-19 22:00:00,1.064780400530432,1.0670724498686286,1.0679195962025412,1.0633717743749425,2882
2025-12-19 23:00:00,1.0641249212375212,1.0648345812571882,1.0660383949979422,1.0628583474025153,2549
2025-12-20 00:00:00,1.0616834050315296,1.0640570989799132,1.0658523595556386,1.0602059183159296,3754
2025-12-20 01:00:00,1.0599668844943828,1.0614514741080967,1.0630090696073193,1.0585101456919384,3766
2025-12-20 02:00:00,1.0605239261205655,1.0597209808759012,1.0619811337635188,1.0576414774721417,181
2025-12-20 03:00:00,1.0600140396512614,1.0610051700976149,1.0618015946325563,1.0587532592975182,3839
2025-12-20 04:00:00,1.0591811127625979,1.0602488876603196,1.0618334880843585,1.0573564306781624,309
2025-12-20 05:00:00,1.0578326132138207,1.0593937660866355,1.0606372128172366,1.0558054342234535,4578
2025-12-20 06:00:00,1.0571178259259313,1.0577256423816472,1.0590815917988607,1.0552723454310837,1598
2025-12-20 07:00:00,1.0570291617264522,1.0571193337358176,1.0589744529246843,1.0553052141990762,4548
2025-12-20 08:00:00,1.0577586611742062,1.056899793168106,1.0590187240213145,1.0553646292629675,4996
2025-12-20 09:00:00,1.0541584851532901,1.0575511898031307,1.0588371505797338,1.051992513103962,597
2025-12-20 10:00:00,1.0527103717441748,1.054065513954564,1.0557031882128172,1.0512087611391474,1966
2025-12-20 11:00:00,1.0524512872348015,1.0529197335049558,1.054773846017684,1.0505732033887727,649
2025-12-20 12:00:00,1.0518826514956467,1.0525839420546703,1.0540346862284038,1.0503549187596564,4845
2025-12-20 13:00:00,1.0519167029866787,1.051729590041306,1.0539575945585857,1.0507329104573326,2534
2025-12-20 14:00:00,1.0517877513300307,1.051867035036857,1.0530412500900486,1.0502951517731793,4203
2025-12-20 15:00:00,1.0509719098944386,1.051905847441644,1.0530238538289864,1.0494447270040743,2988
2025-12-20 16:00:00,1.049889686059254,1.0508819913476122,1.0519720017286525,1.0483600162567364,4253
2025-12-20 17:00:00,1.0491450842715713,1.0499022106868852,1.050955914170869,1.0477791949681565,3029
2025-12-20 18:00:00,1.0500735750913586,1.0492083796793783,1.0517547058065073,1.0474361378435657,337
2025-12-20 19:00:00,1.0487451655718718,1.0501350730703067,1.0514005552721675,1.0469401421141538,2482
2025-12-20 20:00:00,1.048219797504099,1.0487851256121843,1.0499139978422176,1.0467436374384642,3308
2025-12-20 21:00:00,1.0479898081608972,1.0481170373077369,1.0498084289396807,1.046516611846879,4907
2025-12-20 22:00:00,1.0494122292767465,1.0479030782403727,1.0512457463455531,1.0466597414300431,4180
2025-12-20 23:00:00,1.048601859366863,1.0492339171754201,1.0511373995851514,1.046948939132728,2593
2025-12-21 00:00:00,1.049302427354076,1.0483561122252412,1.0511519124291282,1.0463484023343863,4048
2025-12-21 01:00:00,1.050330802637994,1.0492843487333818,1.051617005136833,1.0472744513177108,4683
2025-12-21 02:00:00,1.0498042975200053,1.050459339565687,1.0521209984562627,1.0484182878705801,4392
2025-12-21 03:00:00,1.049101434745113,1.0495870890839962,1.0513171218415318,1.0469010939511032,4942
2025-12-21 04:00:00,1.0482565703386553,1.049144356644615,1.0505674016555806,1.046798080048319,1860
2025-12-21 05:00:00,1.0474995825775641,1.0483798554689296,1.0500028781708166,1.0462475921267191,2275
2025-12-21 06:00:00,1.0480746704102564,1.0472108274566558,1.0492532456067178,1.0460669104379856,170
2025-12-21 07:00:00,1.047901882382963,1.048032139043631,1.0494066928454315,1.0466683764670288,755
2025-12-21 08:00:00,1.0477342300339667,1.0481606009994906,1.0498490626304486,1.0460577243568252,4101
2025-12-21 09:00:00,1.0459339618215109,1.047820824112276,1.0498627620733312,1.0444458480203922,1696
2025-12-21 10:00:00,1.0443229737286606,1.0456409576156898,1.0475681845285987,1.0429544953704515,2250
2025-12-21 11:00:00,1.046445109918393,1.0444263111453267,1.0482222432199824,1.043122669205561,1856
2025-12-21 12:00:00,1.0457817190480465,1.0463278144978834,1.0479214917295228,1.044553799003778,4640
2025-12-21 13:00:00,1.0444019926533525,1.0458900193983451,1.0474330511180272,1.0431142038901982,4452
2025-12-21 14:00:00,1.0456693116520597,1.0442937530544727,1.046783702365339,1.042406719286424,3723
2025-12-21 15:00:00,1.04555748191048,1.045660994381704,1.0469672595722617,1.0434234980917676,4812
2025-12-21 16:00:00,1.0458012678107174,1.0454731574741503,1.0471180817249928,1.04331927947998,2778
2025-12-21 17:00:00,1.0451856113203795,1.045801762871673,1.0475497603386261,1.0434023928920764,931
2025-12-21 18:00:00,1.0443532036116874,1.0450967451903341,1.0469593327654707,1.042940906821967,3209
2025-12-21 19:00:00,1.0436996999646906,1.0443182075923412,1.0461143855793766,1.0423432494355318,198
2025-12-21 20:00:00,1.0415904141603323,1.0435160251285662,1.0454479669573196,1.0397917521403635,2156
2025-12-21 21:00:00,1.0410349012690283,1.0416670332248525,1.0432511523666619,1.039550289163154,4170
2025-12-21 22:00:00,1.0409401409614794,1.0410622704804975,1.0423167292470923,1.0392500966098202,983
2025-12-21 23:00:00,1.0427106968420918,1.0406873046530203,1.0442591432178108,1.0385193721065729,2837
2025-12-22 00:00:00,1.042363895720098,1.0428659439138,1.0442028265533765,1.0407325455919638,3908
2025-12-22 01:00:00,1.0391128832694456,1.0423364182565917,1.0441001648193422,1.0368441305078546,3780
2025-12-22 02:00:00,1.0385501007501041,1.039138083022382,1.0405840290959076,1.03734337038529,3000
2025-12-22 03:00:00,1.041387505709834,1.0386695314959935,1.0429188040898671,1.0369676682060902,1725
2025-12-22 04:00:00,1.041977145191816,1.0414388088470279,1.043756932462818,1.0397777712440295,1285
2025-12-22 05:00:00,1.0405540784592457,1.0421590137266317,1.0434885002386534,1.0393004442756795,876
2025-12-22 06:00:00,1.0408134062765624,1.040508288572519,1.0426756223121354,1.0386967563113914,3709
2025-12-22 07:00:00,1.0394729901666946,1.040974695487645,1.0421136679700425,1.037436409988731,1396
2025-12-22 08:00:00,1.0373984211432383,1.0394921184373596,1.0411436207161162,1.035156809654315,3284
2025-12-22 09:00:00,1.0365303779073574,1.0374773477630397,1.0390038774582868,1.0348476880111561,337
2025-12-22 10:00:00,1.036190209634444,1.0365931133969337,1.0384045837522282,1.0352265859458616,1529
2025-12-22 11:00:00,1.033493623031524,1.0363825526663104,1.0375066710832836,1.0317954928356552,1990
2025-12-22 12:00:00,1.0316646318828775,1.0336052613761444,1.0346789794059135,1.029887498897499,3887
2025-12-22 13:00:00,1.0312270345586962,1.031596115279758,1.0333749956459417,1.0297529530545235,586
2025-12-22 14:00:00,1.0302872267475094,1.0311279311720412,1.032552533385435,1.0286753055148763,2404
2025-12-22 15:00:00,1.0303110002728848,1.030279537410673,1.031828400451386,1.028883494748265,2372
2025-12-22 16:00:00,1.0284033982801146,1.0301937466371283,1.031532805250821,1.0269020410879413,1675
2025-12-22 17:00:00,1.0288103347783786,1.02824102234848,1.030635282906284,1.0263837665085147,4016
2025-12-22 18:00:00,1.0269398238619063,1.02848252750418,1.0301151203526975,1.0249714809875827,4903
2025-12-22 19:00:00,1.0284611050242314,1.026700820388723,1.0300780507779506,1.0255501911417915,333
2025-12-22 20:00:00,1.0259521950829773,1.0287666448263786,1.0299455807129816,1.0245706444871636,4668
2025-12-22 21:00:00,1.0241911299585171,1.0258513378231044,1.0275417157798072,1.023142907563846,4493
2025-12-22 22:00:00,1.0242419749221554,1.0244835705490183,1.0257150536755661,1.0221407452989524,4227
2025-12-22 23:00:00,1.0257890548239526,1.0243040076587455,1.0271250774598435,1.0224973532464325,703
2025-12-23 00:00:00,1.0257171064672919,1.0257813991758562,1.0268998366987436,1.0247942698328099,2000
2025-12-23 01:00:00,1.0259425359715106,1.0254861762744354,1.027433269008242,1.0239671251578348,3314
2025-12-23 02:00:00,1.0255135802535182,1.0259432541738833,1.0278090140794682,1.0240625172215188,1100
2025-12-23 03:00:00,1.02383190210858,1.0258041719693094,1.0274095490910582,1.0225283405775518,1278
2025-12-23 04:00:00,1.0227937360906927,1.0240708732743127,1.0254694963817572,1.0209415761019414,2859
2025-12-23 05:00:00,1.0208894444267151,1.0228357311925615,1.024400493256416,1.0190477434808944,4240
2025-12-23 06:00:00,1.0189049924653828,1.020713886836809,1.0222739161635561,1.017294271299585,897
2025-12-23 07:00:00,1.0189370911685665,1.0187586987744846,1.0204856927551045,1.0174264341794228,150
2025-12-23 08:00:00,1.017139277590061,1.0188070104708165,1.0203868315314875,1.015806799106583,4980
2025-12-23 09:00:00,1.017072742398129,1.0173342740706384,1.0185425582113419,1.0155337302742915,2164
2025-12-23 10:00:00,1.0150605550954637,1.0173211866558745,1.018876220354579,1.0136771705882295,473
2025-12-23 11:00:00,1.0149662147196037,1.0150903787868433,1.0160783727709382,1.013445537971299,4813
2025-12-23 12:00:00,1.013929795636848,1.0149201193769959,1.016616106648741,1.012239144427852,1439
2025-12-23 13:00:00,1.0151677342772287,1.01416562577574,1.0163546432590562,1.0131099107589654,653
2025-12-23 14:00:00,1.0151061969519235,1.015018730867403,1.0169874723038248,1.0137269628415675,3375
2025-12-23 15:00:00,1.0161391364235164,1.0151140959086267,1.016917935048559,1.0136001582248244,3827
2025-12-23 16:00:00,1.0147823603638062,1.0162096078829845,1.018241534492159,1.012783641506384,720
2025-12-23 17:00:00,1.0143997323720992,1.0146510766580548,1.0156738287518663,1.0126208809354733,3660
2025-12-23 18:00:00,1.0127724277823598,1.0143031269136202,1.0154577073430344,1.0112543580813738,1951
2025-12-23 19:00:00,1.0118261014910666,1.0126641010355242,1.0142726183028077,1.0101862424036152,1663
2025-12-23 20:00:00,1.011061576423773,1.012040961204323,1.0137452212532114,1.0095757720572889,3367
2025-12-23 21:00:00,1.0097405465589484,1.0113515285628705,1.0127802956560716,1.0078996207824582,396
2025-12-23 22:00:00,1.0078319431283336,1.009757900295769,1.01153952727809,1.0061890501292186,923
2025-12-23 23:00:00,1.0056857223399505,1.0077914815878153,1.0090596851996054,1.0037913724121903,4182
2025-12-24 00:00:00,1.0024280246011015,1.0055955277143684,1.0069789710286716,1.0013319714076203,4929
2025-12-24 01:00:00,1.0007104088448973,1.0024282867342085,1.0038386645850785,0.9994513722111243,4533
2025-12-24 02:00:00,1.0010134015209036,1.0006277919428477,1.002353239182377,0.9990438169642727,3938
2025-12-24 03:00:00,0.9986452032824876,1.0009988667029883,1.0019173670612298,0.9969993827031648,726
2025-12-24 04:00:00,0.9965534558669836,0.998706974572164,1.0001944301408519,0.9943410060099023,1613
2025-12-24 05:00:00,0.9982525341524632,0.9964927651661438,0.999715471098903,0.9955367626629684,4254
2025-12-24 06:00:00,0.9970387388926453,0.9982241801560345,1.0000422352592813,0.9955530739766779,3594
2025-12-24 07:00:00,0.9969739941036431,0.9970110048978392,0.9981218499468988,0.9955018389715174,4182
2025-12-24 08:00:00,0.9972947746794436,0.9969264884505308,0.9985994135665068,0.9953593877268965,2112
2025-12-24 09:00:00,0.9976398060351811,0.9972287137832835,0.9994964609700728,0.9952135031372215,2927
2025-12-24 10:00:00,0.9953630289584514,0.9977536053830852,0.9993342285933212,0.9936083207101066,3710
2025-12-24 11:00:00,0.994635757342572,0.9950988433527662,0.9967547267928427,0.9936224267064039,3939
2025-12-24 12:00:00,0.9922438846191499,0.994870067776988,0.9964934086258685,0.99029895976261,3656
2025-12-24 13:00:00,0.9947294660498424,0.9922641068917348,0.9963581977747287,0.9903226347959951,293
2025-12-24 14:00:00,0.9923656157330236,0.9948202701199527,0.9968509627633775,0.9907987474629655,1092
2025-12-24 15:00:00,0.9906582074703798,0.9924733613715633,0.9939865543340125,0.9896530158853455,2531
2025-12-24 16:00:00,0.98895948644457,0.9905531711968883,0.9917365571682495,0.9875210307221924,3525
2025-12-24 17:00:00,0.9867134938725025,0.9888241549557271,0.9904933182263896,0.9850946735625058,4838
2025-12-24 18:00:00,0.9878866065642103,0.9865605291224009,0.989200529830788,0.9847833553928846,1574
2025-12-24 19:00:00,0.9903435440455105,0.9878499042299682,0.9917963967491245,0.9868903943759398,3898
2025-12-24 20:00:00,0.9893226451023354,0.9904473049007475,0.9920411574027481,0.9880669288983195,3354
2025-12-24 21:00:00,0.9872881373261221,0.9892361939039571,0.9904738520983591,0.9854819875468512,1413
2025-12-24 22:00:00,0.9841538267276508,0.9873778820636326,0.9887034502450763,0.9822342056352134,948
2025-12-24 23:00:00,0.9834108962654243,0.9838045307984319,0.985420033543759,0.9818087643104996,3155
2025-12-25 00:00:00,0.9825812577576306,0.9833540685994843,0.9846662140063588,0.9807688338983714,1708
2025-12-25 01:00:00,0.9813497024059984,0.9827530632438864,0.9845116572145475,0.9797436408104455,1141
2025-12-25 02:00:00,0.9811653527107699,0.9813245397402323,0.9825060126690979,0.9794101210627881,1171
2025-12-25 03:00:00,0.9811895604821484,0.9810433206487779,0.9823700715264784,0.9795288185696486,1188
2025-12-25 04:00:00,0.981127260391674,0.981092893463492,0.9831599762931781,0.9794799353931035,547
2025-12-25 05:00:00,0.9802979105453118,0.980682005762925,0.9817024292937365,0.9791867757801666,1027
2025-12-25 06:00:00,0.9785259643498226,0.9801493993704875,0.9816093454718215,0.9768461863839243,4881
2025-12-25 07:00:00,0.9788749640671907,0.9786812004164019,0.9808869878687176,0.9775806570249931,1030
2025-12-25 08:00:00,0.9784399805784965,0.9787894577912016,0.9802487252573512,0.9767606793239503,2103
2025-12-25 09:00:00,0.9790560096082981,0.9783717583360945,0.9809201627978439,0.9770321110158239,2546
2025-12-25 10:00:00,0.9795541002676648,0.9787133891799682,0.9812151717466912,0.9771353309615071,3540
2025-12-25 11:00:00,0.9773979857848082,0.9793150036315452,0.9807789888780789,0.9762112672848061,1618
2025-12-25 12:00:00,0.975226919135859,0.9775720709839181,0.978996688729871,0.9739114184354721,4151
2025-12-25 13:00:00,0.9738702702733704,0.9753170937888348,0.976158717127373,0.9723019580863473,3912
2025-12-25 14:00:00,0.9721527517834215,0.9736810739346676,0.9750462354788576,0.9704745249838397,2591
2025-12-25 15:00:00,0.9726090539145928,0.9720607567208426,0.9741357248418421,0.9702826937793717,4481
2025-12-25 16:00:00,0.9725806255257784,0.9726047980462525,0.9741312622418272,0.9714573163965031,1806
2025-12-25 17:00:00,0.9734496463183208,0.9724059700081055,0.975629937588305,0.9713841787023486,2489
2025-12-25 18:00:00,0.9734754304992138,0.9731569985938529,0.9750176953772818,0.9719816164735005,3031
2025-12-25 19:00:00,0.9732758099974619,0.9734521871563946,0.9750960924306443,0.9721270354942908,1037
2025-12-25 20:00:00,0.9742654857338748,0.973359490911306,0.9760673789843233,0.9714401404785269,501
2025-12-25 21:00:00,0.9743791585415569,0.9743519897494511,0.9759987232433043,0.9724986597602969,4990
2025-12-25 22:00:00,0.9740108796976822,0.9745070321519324,0.9759429046533221,0.9728410780404387,337
2025-12-25 23:00:00,0.975337423338399,0.9737835933171752,0.9767766739550218,0.9718201486450277,330
2025-12-26 00:00:00,0.9750256403981824,0.9753458917154054,0.9767058610426724,0.9731885462346083,597
2025-12-26 01:00:00,0.9742104316722809,0.9749864111802681,0.9765775533333111,0.9732253888559007,2793
2025-12-26 02:00:00,0.9727550437617477,0.9741977050180203,0.9756071334815458,0.971596560304695,1414
2025-12-26 03:00:00,0.9731486743126022,0.9727241295093455,0.9747908441300638,0.9717488184555564,1176
2025-12-26 04:00:00,0.9741831349628132,0.9730521646907425,0.9753494989134289,0.9716161939019232,4315
2025-12-26 05:00:00,0.973672430081093,0.9737423840580585,0.9752457873917858,0.9722068353244284,4694
2025-12-26 06:00:00,0.9747919288296288,0.9738423113138829,0.9767079995322457,0.9723755789853799,4392
2025-12-26 07:00:00,0.971977910791263,0.9748400403023718,0.9762325084452596,0.9711109242023338,1692
2025-12-26 08:00:00,0.9714613667414934,0.9717616212634168,0.973755934777361,0.9704201269370678,517
2025-12-26 09:00:00,0.970963252846968,0.9715302757588157,0.9730343963263551,0.969431027720355,4794
2025-12-26 10:00:00,0.9696408596000793,0.9708981940943334,0.9723362175881315,0.9680053986067793,2774
2025-12-26 11:00:00,0.9720514928456575,0.969579770200234,0.9735435778417033,0.9687107011366956,4866
2025-12-26 12:00:00,0.971522061686431,0.9719395130849772,0.9733060298118387,0.9704381729996785,919
2025-12-26 13:00:00,0.9705827847605056,0.9716002320074364,0.9724794180965165,0.9688292096056093,4720
2025-12-26 14:00:00,0.9701639392966258,0.970466390762473,0.972177810843735,0.9690650403897787,1617
2025-12-26 15:00:00,0.9673105628103948,0.9700047923299989,0.9720920685556244,0.9658638625636833,3984
2025-12-26 16:00:00,0.965948721299981,0.9674745439282912,0.9690626880219602,0.964882181590525,639
2025-12-26 17:00:00,0.9666786092633155,0.9659227831751186,0.9682856121954372,0.9642316325155882,3731
2025-12-26 18:00:00,0.9654738748373962,0.9666572501248508,0.9680525743968141,0.9646098672155763,2419
2025-12-26 19:00:00,0.9640292246420359,0.9655740081847406,0.967354894779877,0.9626712330188584,4768
2025-12-26 20:00:00,0.9651506554058532,0.9639325763807566,0.9665870104804734,0.9622125891880162,823
2025-12-26 21:00:00,0.9663089606869955,0.9650827983149978,0.9678358892806349,0.9634564920417883,1195
2025-12-26 22:00:00,0.9664793492535888,0.9663532808112363,0.9674752434595945,0.9650381282939338,3217
2025-12-26 23:00:00,0.9654832084527424,0.9662561231246292,0.9675510267311327,0.9642373534031271,4068
2025-12-27 00:00:00,0.9647458431746028,0.9655152041106873,0.9670686436022546,0.9633661301960833,4452
2025-12-27 01:00:00,0.9633308632207128,0.964636643148755,0.9663438229626062,0.9622584884333564,656
2025-12-27 02:00:00,0.9616871354778784,0.9634542677687505,0.9651665343287033,0.9602734575274698,134
2025-12-27 03:00:00,0.9599838356919083,0.9617658536714796,0.962751032979316,0.9585677278143171,1873
2025-12-27 04:00:00,0.958792170403766,0.9600434555497465,0.9610565787019254,0.95747420009057,577
2025-12-27 05:00:00,0.9571005052149443,0.9585614672636072,0.9601648413957901,0.9553776244949626,2068
2025-12-27 06:00:00,0.9547740590726925,0.9570856973287734,0.9583039484345929,0.9536485189824964,2436
2025-12-27 07:00:00,0.9545873422763972,0.9546054885091341,0.9562935595560151,0.9536435572594372,4977
2025-12-27 08:00:00,0.9544188569734693,0.9545820647357758,0.9555469340376,0.9531376411027118,263
2025-12-27 09:00:00,0.9560098082835833,0.9540868424614654,0.9574155987345762,0.952617264860467,1672
2025-12-27 10:00:00,0.9547578022415576,0.9557891400390568,0.9572114703819031,0.9533562354289498,1758
2025-12-27 11:00:00,0.9546631229491055,0.9549280712223036,0.956497671172517,0.9532744209053458,2818
2025-12-27 12:00:00,0.9545883780442352,0.9547159670300099,0.9558525495926087,0.9534790598192388,1669
2025-12-27 13:00:00,0.9538337729708846,0.9545377558185245,0.9554057166824336,0.952684176257022,3204
2025-12-27 14:00:00,0.9542769732773841,0.9537036940467657,0.9557574212330481,0.952412083841476,4260
2025-12-27 15:00:00,0.954757248301605,0.9541216933843618,0.9563401681095889,0.952852018239375,3421
2025-12-27 16:00:00,0.954700141615842,0.9547859116107642,0.9565065070418372,0.9529535886699552,3336
2025-12-27 17:00:00,0.9539433739697847,0.9546509707511194,0.9559792744198825,0.9524369306749152,688
2025-12-27 18:00:00,0.9530643378395193,0.9541644821108306,0.9558158609704605,0.9517870115144852,4446
2025-12-27 19:00:00,0.9509730331609628,0.9530379820422338,0.9546030289200159,0.94923417524459,2839
2025-12-27 20:00:00,0.9495559318266216,0.9509813969197224,0.9527824400932087,0.9480044679845759,908
2025-12-27 21:00:00,0.9483595227979396,0.9493584117536663,0.9507651927405747,0.9473232153348538,3210
2025-12-27 22:00:00,0.9465607566830242,0.9483083092382117,0.9492369139353248,0.9460614476306226,2485
2025-12-27 23:00:00,0.9466386654430494,0.9465858887191475,0.9480394086622722,0.9455425702025301,4526
2025-12-28 00:00:00,0.9476246188858338,0.9465856763054222,0.9490712012462033,0.9449951069697878,3273
2025-12-28 01:00:00,0.9460849439670388,0.9475557020092376,0.9491219061564232,0.9444127903747147,4790
2025-12-28 02:00:00,0.9459750736899324,0.946131331220616,0.9471153300368181,0.9450272721128209,4876
2025-12-28 03:00:00,0.9442841403224967,0.9461896372299577,0.9475176657495336,0.9426811299258928,1251
2025-12-28 04:00:00,0.9434682337173698,0.9443046564218589,0.9459655672154393,0.9418773368694834,1530
2025-12-28 05:00:00,0.9421898382223565,0.943629939820768,0.9450138041013434,0.9403822352124125,1131
2025-12-28 06:00:00,0.9424621130006842,0.9422777137258809,0.9437893632486448,0.9405953074138705,1230
2025-12-28 07:00:00,0.9411975671920736,0.9426152016144163,0.9445652668955647,0.9394040542942814,3450
2025-12-28 08:00:00,0.9419615596885216,0.9411114172825783,0.943072131184244,0.9395604683683054,4750
2025-12-28 09:00:00,0.9412166947601269,0.941932345146589,0.943692369928807,0.9396764156947391,2498
2025-12-28 10:00:00,0.9399871703086131,0.9411881040768775,0.9428860733271612,0.9386723025085807,4061
2025-12-28 11:00:00,0.938033203993799,0.9400640342365856,0.9414077199573495,0.9363953258764158,3743
2025-12-28 12:00:00,0.9382231073765205,0.938144722996856,0.9396211844345104,0.9371124167678846,1378
2025-12-28 13:00:00,0.9388945211781902,0.9382407195624216,0.9402925936885721,0.9368714388240779,4257
2025-12-28 14:00:00,0.9390995121205928,0.9390180183860531,0.9405594215035378,0.9374572678076395,2446
2025-12-28 15:00:00,0.9407786358704037,0.9390200165878242,0.9420220042820436,0.9372114030971613,152
2025-12-28 16:00:00,0.9418509764597565,0.9409037199273137,0.9431427773769067,0.9396259874243703,3606
2025-12-28 17:00:00,0.9416203306362187,0.9419944524831786,0.9433065369870627,0.939934854429238,4405
2025-12-28 18:00:00,0.9413818100608634,0.9417159980466842,0.943036766789402,0.9400254234493338,1301
2025-12-28 19:00:00,0.9417340826004774,0.9414007628995573,0.9430588888042707,0.9397092976630904,1400
2025-12-28 20:00:00,0.9411055682151581,0.941834779484487,0.9426137820309028,0.9399201569414783,3688
2025-12-28 21:00:00,0.9419802844450574,0.9409792480280891,0.9434208499264121,0.9393611223292396,4850
2025-12-28 22:00:00,0.9422514848364402,0.9420083205157768,0.9435157598739788,0.9406218929354002,1374
2025-12-28 23:00:00,0.942443829019584,0.9422939669731061,0.9433296853865558,0.9412153686194468,2208
2025-12-29 00:00:00,0.9429590442704121,0.9422557771967238,0.9442744577056779,0.9408847046417305,3427
2025-12-29 01:00:00,0.9442511666829388,0.9430262632805912,0.9455596275700437,0.941235478321827,4276
2025-12-29 02:00:00,0.9443793831970795,0.9440742628842562,0.9461572466638486,0.9429464486434715,264
2025-12-29 03:00:00,0.944294602918926,0.9443187710561985,0.9455824553787338,0.9432986508982294,1079
2025-12-29 04:00:00,0.9454261426364179,0.9443002415764794,0.947033685738527,0.942769007880822,4480
2025-12-29 05:00:00,0.9461518054484113,0.9453224345039738,0.9479635381786636,0.9443794423068957,2673
2025-12-29 06:00:00,0.9459110705681235,0.9461635187652689,0.9474041562276388,0.9440485655328491,3815
2025-12-29 07:00:00,0.9459149604046178,0.9459205141560695,0.9473259081002607,0.9440595972938134,410
2025-12-29 08:00:00,0.9460614960915719,0.9457985690642979,0.9479712229537649,0.9440847937081001,545
2025-12-29 09:00:00,0.9463328558000256,0.946142120025318,0.9478173613813694,0.9447258095016073,3700
2025-12-29 10:00:00,0.9453154059118213,0.9462245004627601,0.9477484670167272,0.9434253437068953,1942
2025-12-29 11:00:00,0.9441585424559701,0.9456394374944452,0.9469403216267501,0.9423612099248666,4716
2025-12-29 12:00:00,0.9434929999394682,0.944143048580452,0.9457527563750958,0.9422285453903243,2211
2025-12-29 13:00:00,0.9427694461072097,0.9433273608896231,0.9447303029052999,0.9409483447447822,4231
2025-12-29 14:00:00,0.9422865780967303,0.9426303163020252,0.9435258363667536,0.941130865540813,2763
2025-12-29 15:00:00,0.9427626110782978,0.9424488624900286,0.944076285009532,0.9410904451580689,3433
2025-12-29 16:00:00,0.9426359142110543,0.9427047589223904,0.9437841207475287,0.9417291354027554,3303
2025-12-29 17:00:00,0.9427832101648119,0.9424430541679564,0.9442291306490418,0.9409876070101743,682
2025-12-29 18:00:00,0.9418649826072802,0.9429038224860707,0.9440575583679202,0.9405354013053782,3992
2025-12-29 19:00:00,0.9415187509550895,0.9418062920161177,0.9433536202172947,0.9402341992460057,4921
2025-12-29 20:00:00,0.9419591942013982,0.941611075132515,0.943384782587474,0.9402449481776975,1996
2025-12-29 21:00:00,0.9424054085450307,0.9420914465737926,0.9434661775273826,0.9408416884340945,1785
2025-12-29 22:00:00,0.9418619781738898,0.9424441845607706,0.943717806650862,0.9404374098196054,3026
2025-12-29 23:00:00,0.9419832249636745,0.9422005138601851,0.943788856594123,0.9402075199605279,3200
2025-12-30 00:00:00,0.9436323608537862,0.9417390965391038,0.9453727944086555,0.9406242476025471,1977
2025-12-30 01:00:00,0.9436191624068445,0.9435165858490484,0.9447791285605369,0.9418569878869818,1437
2025-12-30 02:00:00,0.9430992721972377,0.9435829544673854,0.9446871047760637,0.9416237248564006,4859
2025-12-30 03:00:00,0.942968950405216,0.943419104661581,0.9453854735536125,0.9414486600965759,4153
2025-12-30 04:00:00,0.9430380832358611,0.9432232881256748,0.9446350817868666,0.9416322139991002,2902
2025-12-30 05:00:00,0.9429247069503432,0.9432203540046342,0.9446606155607697,0.9417132561756207,1954
2025-12-30 06:00:00,0.9429011909248358,0.9428123898889226,0.9441063908992987,0.9412721993495077,1825
2025-12-30 07:00:00,0.9418186058271332,0.9428054765266901,0.9442790139601077,0.9402592821672682,2014
2025-12-30 08:00:00,0.9410966329708187,0.9417016425682404,0.943597508747621,0.9399109837224707,3005
2025-12-30 09:00:00,0.940984631543015,0.9409860540715811,0.9424693371615335,0.9399510110815311,121
2025-12-30 10:00:00,0.9408606805654982,0.9411952956039178,0.9429071812389748,0.9394253106730094,3319
2025-12-30 11:00:00,0.9404360386093532,0.9408262934573177,0.9422451247541992,0.9388124545472156,2919
2025-12-30 12:00:00,0.9403032784197959,0.9404203122958903,0.9415413973825728,0.9386092966613894,808
2025-12-30 13:00:00,0.9403490395613565,0.9404125075004958,0.9416302867761089,0.9385990528508132,1328
2025-12-30 14:00:00,0.9410160996537499,0.940114228570488,0.9421120628502736,0.9385978589947559,1458
2025-12-30 15:00:00,0.9409416908523304,0.9410235301509621,0.942496420030102,0.9396045786512554,4617
2025-12-30 16:00:00,0.941241018256304,0.9407868277529114,0.9429984720839988,0.9393755745942496,4680
2025-12-30 17:00:00,0.9408348180302286,0.9411994688850727,0.9426561665222558,0.939774453001648,3937
2025-12-30 18:00:00,0.9412638898229275,0.9407520215367083,0.9425888744841157,0.9395328905555885,3439
2025-12-30 19:00:00,0.9415456875461368,0.941173786619903,0.9427349615064117,0.9397765080482298,4765
2025-12-30 20:00:00,0.9421950502985217,0.9415775688553942,0.9437088126737561,0.9402396440394235,3698
2025-12-30 21:00:00,0.9427301456453551,0.9422263319799801,0.9437940735406856,0.940786214781146,2009
2025-12-30 22:00:00,0.9431716973625159,0.9426990463616156,0.94426555929687,0.9416733010880171,1856
2025-12-30 23:00:00,0.9430978843060226,0.943224136105459,0.9448934655538905,0.9420090219582533,3342
2025-12-31 00:00:00,0.943281588726306,0.9429749820904095,0.9446179163981405,0.9413405787321324,2102
2025-12-31 01:00:00,0.9440792204226446,0.94337810938469,0.9454110931564822,0.9421980135709689,2313
2025-12-31 02:00:00,0.9435901644955925,0.9440500353172591,0.9454175618549595,0.9423661908602813,4864
2025-12-31 03:00:00,0.9431188586615699,0.9435217416615875,0.9451417947571813,0.9416772913777671,4555
2025-12-31 04:00:00,0.9432549322100326,0.9430064096362114,0.944716647972135,0.9418550313169122,3071
2025-12-31 05:00:00,0.9435663919777317,0.9432207660304118,0.9447713975632408,0.9414922477210139,1688
2025-12-31 06:00:00,0.9429483121032838,0.9438309793972013,0.9450453764416143,0.9418894273890508,2267
2025-12-31 07:00:00,0.9428922401807238,0.9429393573939049,0.944298505213319,0.941477470733208,1709
2025-12-31 08:00:00,0.9428217411000522,0.9427303949005537,0.9443214555149027,0.941527896961306,2153
2025-12-31 09:00:00,0.9411602810133496,0.9429514545017166,0.9443531687587162,0.939704441351691,1893
2025-12-31 10:00:00,0.9409955855214055,0.9410936686271353,0.9424700185907285,0.939724525674189,2281
2025-12-31 11:00:00,0.9408775971467691,0.9410356328949331,0.942460013439804,0.9394729568040644,2539
2025-12-31 12:00:00,0.9407573774396518,0.9407921302021134,0.9421930427553722,0.9390015626640512,3249
2025-12-31 13:00:00,0.9418193131455848,0.9409383159963876,0.9430115482085182,0.9397198221290419,4449
2025-12-31 14:00:00,0.9409074644217031,0.9417359356058785,0.9434597865425854,0.9396924998890205,2690
2025-12-31 15:00:00,0.9402889974932996,0.9411046229933003,0.9423790028431357,0.9389676754367071,1116
2025-12-31 16:00:00,0.9383298506445601,0.9401413146141644,0.9415851848401383,0.9365074209529679,1007
2025-12-31 17:00:00,0.9379691631449295,0.9382886400709367,0.9391158345376968,0.9365874621609352,3291
2025-12-31 18:00:00,0.937672430479335,0.9381660737626143,0.9395120535090352,0.9359187385054791,4990
2025-12-31 19:00:00,0.9372899475970843,0.9376960746808849,0.9387928194414744,0.9359337578650889,1599
2025-12-31 20:00:00,0.9381207056016971,0.9376095839818959,0.9392523544820828,0.9358675959863845,532
2025-12-31 21:00:00,0.9387661687434499,0.9380828066094393,0.9408564778629905,0.936559923733452,505
2025-12-31 22:00:00,0.9388245612866504,0.9388023664649993,0.9403030764418372,0.9372379374437447,1442
2025-12-31 23:00:00,0.9385466014964955,0.9390927719928441,0.940845795579659,0.9375430421891412,4772
2026-01-01 00:00:00,0.9393162437475756,0.9383332935961046,0.9409662382779416,0.9373707238715556,3925
2026-01-01 01:00:00,0.9393014253526987,0.9390854926064948,0.9409874459228863,0.9373749679267669,3950
2026-01-01 02:00:00,0.9386877228235099,0.9391894152887958,0.9405413870356213,0.9369818161273077,1730
2026-01-01 03:00:00,0.9374005363153964,0.9388020912228103,0.9406599446595346,0.9353134734793125,4764
2026-01-01 04:00:00,0.9370695504449746,0.9371742549366993,0.9388178807282401,0.9360816785154411,2097
2026-01-01 05:00:00,0.9376355331578541,0.9371535226065453,0.9390536135934622,0.9356104184676809,2061
2026-01-01 06:00:00,0.9393429371750114,0.9377097468898687,0.9408261473555236,0.9365892481837115,4695
2026-01-01 07:00:00,0.9393891449346535,0.9396267816228212,0.9409973318558875,0.9381887750150332,3809
2026-01-01 08:00:00,0.9388151282983133,0.9395363724943253,0.9409593080678855,0.9375483604959002,1515
2026-01-01 09:00:00,0.9379264043921001,0.9388663461478545,0.940260967470236,0.9364119285188921,3290
2026-01-01 10:00:00,0.9383403705643293,0.9381177037874027,0.939855283642851,0.9368971179730026,1816
2026-01-01 11:00:00,0.937016908525041,0.9384161148800636,0.9403107557045448,0.9356019222359395,3133
2026-01-01 12:00:00,0.9374296673510947,0.9369522160273009,0.9384968708114971,0.9353120794527301,772
2026-01-01 13:00:00,0.9380429510557918,0.9372686139439599,0.9397714888324299,0.9355441232917613,297
2026-01-01 14:00:00,0.9383701606457164,0.9379628097018413,0.9396740538111944,0.9363602829155876,4822
2026-01-01 15:00:00,0.9382054143917625,0.9383645210168051,0.9401291905904395,0.9366709227459658,451
2026-01-01 16:00:00,0.9386291198819227,0.938230055997529,0.9399431691034611,0.9368619947664406,2066
2026-01-01 17:00:00,0.9387573236602689,0.9383284553061499,0.9402817023067752,0.9370805460150093,1056
2026-01-01 18:00:00,0.9381737307788734,0.9387264257994868,0.9400889793452036,0.9366147642450141,173
2026-01-01 19:00:00,0.9395615400206547,0.9381777589285856,0.9404830829905091,0.9370646347379784,3773
2026-01-01 20:00:00,0.9392977804859468,0.939638685126661,0.9415376569334558,0.9378552646118425,1487
2026-01-01 21:00:00,0.9398795947112842,0.9395271300290657,0.9410235916380942,0.9384206127800837,4011
2026-01-01 22:00:00,0.9380656339992625,0.939905717991499,0.9413364227312976,0.9366701520427744,2793
2026-01-01 23:00:00,0.9390229871613481,0.9379375189319027,0.9401350471672678,0.9368258218969567,3271
2026-01-02 00:00:00,0.9401245599698391,0.9387666039992734,0.9411576623830088,0.9374693910453457,3376
2026-01-02 01:00:00,0.9401469353101841,0.9402214436568582,0.9415738619911614,0.9389273634535726,1041
2026-01-02 02:00:00,0.9405660135862375,0.9400243202052099,0.9418093916500816,0.9388382358079139,2333
2026-01-02 03:00:00,0.9409848999724432,0.9406883656621745,0.9420664261366287,0.9393015488026911,3910
2026-01-02 04:00:00,0.9405028122952126,0.9411820416099032,0.9425827984862066,0.9397759357156468,1247
2026-01-02 05:00:00,0.9409131540242921,0.9402848862564965,0.9419062200966886,0.9393823093283308,655
2026-01-02 06:00:00,0.9403066811718876,0.9409912783553399,0.9424371335323861,0.938669500240874,2131
2026-01-02 07:00:00,0.9398501134791537,0.9404889118697441,0.9418627866023778,0.9383987559209723,4480
2026-01-02 08:00:00,0.9406953208365629,0.9399939043079096,0.9414063719126887,0.9387870016022772,1677
2026-01-02 09:00:00,0.9414263141045881,0.9403992828216247,0.942690712747375,0.9387120858744501,1985
2026-01-02 10:00:00,0.9408965324780013,0.9413058343672547,0.9428493967722917,0.93966560763882,718
2026-01-02 11:00:00,0.9403463502203755,0.9407159605180705,0.9418264495960378,0.939099364443086,3662
2026-01-02 12:00:00,0.9398621527685322,0.9404201490549607,0.9419742465182033,0.9386732417907101,1753
2026-01-02 13:00:00,0.9404116324433813,0.9399204573432409,0.9419443188606822,0.9379719379533885,930
2026-01-02 14:00:00,0.9396616438577735,0.9400313666158349,0.9411539649449098,0.9381858765672723,600
2026-01-02 15:00:00,0.9399291783370505,0.9396192297949756,0.9413356087559797,0.9381541497191215,1639
2026-01-02 16:00:00,0.9404893134450262,0.9400421386035753,0.9421328160044665,0.9384998110905808,1096
2026-01-02 17:00:00,0.9404231293573063,0.9405101874517366,0.9416735598247902,0.9395351939204976,2526
2026-01-02 18:00:00,0.941180677129955,0.9404437788970568,0.9425343366696665,0.9391997286690739,2189
2026-01-02 19:00:00,0.9409524445028377,0.9411291608746931,0.9428652856343955,0.9394125795362078,2532
2026-01-02 20:00:00,0.9407920528020922,0.9408030080195752,0.9419721400695522,0.9393820242916286,1897
2026-01-02 21:00:00,0.9400591181287433,0.9407896477796774,0.9423292272368403,0.9380270622639916,576
2026-01-02 22:00:00,0.9408220011394585,0.9400664697284989,0.941928636119733,0.9388062927293829,3908
2026-01-02 23:00:00,0.9402471108042243,0.9409087748322313,0.9422737423091091,0.9385706925975729,2786
2026-01-03 00:00:00,0.9405094396675105,0.9403453705172534,0.9420462490346143,0.938707189964689,1003
2026-01-03 01:00:00,0.9404559526171661,0.9405215519999234,0.9412538304690021,0.939004973658243,468
2026-01-03 02:00:00,0.9396663653198324,0.9406102799016622,0.9418691538213796,0.9381654164708969,4704
2026-01-03 03:00:00,0.9392095379619649,0.9396135453961828,0.9411433294954152,0.9378824913498983,4626
2026-01-03 04:00:00,0.9402466921412455,0.939005877063185,0.9417207669324413,0.9381520865421219,1024
2026-01-03 05:00:00,0.9403979352982214,0.9403139851841076,0.9416611591348615,0.938804876819715,2166
2026-01-03 06:00:00,0.9396410725421962,0.9404157480112264,0.9415138364339092,0.9381108402627069,2953
2026-01-03 07:00:00,0.9398700687577077,0.9397111302008677,0.9414570764604562,0.9381361958654498,2251
2026-01-03 08:00:00,0.9397604832340118,0.9396918265461945,0.9410792284254275,0.9382643971901379,4197
2026-01-03 09:00:00,0.942351018035695,0.9400136170115914,0.9439187171099399,0.9383257529512906,2927
2026-01-03 10:00:00,0.9425648609167017,0.9424514722270023,0.9440862236981307,0.9412825004583643,1400
2026-01-03 11:00:00,0.9422793922814019,0.9425241548863872,0.943811096065743,0.9404508837780231,3930
2026-01-03 12:00:00,0.9433444132197423,0.9421470241065407,0.9450629683779981,0.9410115907369869,4386
2026-01-03 13:00:00,0.9419636360942727,0.9434966091212106,0.9447416182058322,0.9405811648202921,440
2026-01-03 14:00:00,0.9420343762115585,0.9418079503428664,0.9437838623459605,0.9402024768339977,4271
2026-01-03 15:00:00,0.9435301975825693,0.9423544261115498,0.9453194966996668,0.9410848929537555,3544
2026-01-03 16:00:00,0.9434430481192995,0.9434434189919262,0.9451558005809179,0.9418158904494455,4597
2026-01-03 17:00:00,0.9421430723358134,0.9436861924296283,0.9450483727061989,0.9408267436057487,4561
2026-01-03 18:00:00,0.9418461338625055,0.942117010447623,0.9442494666418462,0.9403999857213614,342
2026-01-03 19:00:00,0.9429370223932247,0.9420697155517215,0.9443943818554508,0.9407065478642216,2252
2026-01-03 20:00:00,0.9432190745904653,0.9428330510942815,0.9447021139230215,0.9415814416173757,450
2026-01-03 21:00:00,0.9425899325083309,0.9432217378375828,0.9446293842957696,0.9405394953794114,165
2026-01-03 22:00:00,0.9420760004029466,0.942703652762875,0.9437974689982511,0.940900218220993,4594
2026-01-03 23:00:00,0.9416562251995843,0.9421695177615463,0.9439478562321675,0.9408895603789669,1312
2026-01-04 00:00:00,0.9419271236126248,0.9418117508137482,0.9431782656032289,0.9406259501653014,397
2026-01-04 01:00:00,0.9429307707123288,0.9418581757440881,0.9446053057284584,0.9404066387079975,4711
2026-01-04 02:00:00,0.9437200879719282,0.9429427760170918,0.9454639561723033,0.9416338890375885,2098
2026-01-04 03:00:00,0.9440620971085101,0.9438968714224877,0.9456490621084984,0.9421922986751488,678
2026-01-04 04:00:00,0.943063363538467,0.9439623320146693,0.9451811557981388,0.9413708900256974,1348
2026-01-04 05:00:00,0.9420674141529719,0.9431442693800086,0.9444609748881798,0.9407442968005809,166
2026-01-04 06:00:00,0.9424673531688822,0.9420364314473064,0.9431241371279641,0.9410983638840782,3417
2026-01-04 07:00:00,0.9414582498454325,0.942496426450293,0.9438757189942831,0.9404084718438883,4685
2026-01-04 08:00:00,0.9412890745796311,0.9414701877746771,0.9431087960854673,0.9398862344924931,2016
2026-01-04 09:00:00,0.9415171874142707,0.9411777472593791,0.942862378661176,0.9402073752764937,4328
2026-01-04 10:00:00,0.9406639919177487,0.9414804037094555,0.9427248795123521,0.9393567854602133,1780
2026-01-04 11:00:00,0.9398957951669796,0.9406844250998954,0.9420103134680475,0.938085188520346,2355
2026-01-04 12:00:00,0.9398252043685538,0.9398813137765172,0.9416337210545013,0.9383188055938226,1148
2026-01-04 13:00:00,0.9402029420841969,0.9400470080136215,0.9415979120631294,0.9386238224636736,126
2026-01-04 14:00:00,0.9409990811620071,0.9403454971718437,0.9429350690082131,0.9392278083736111,899
2026-01-04 15:00:00,0.9414543712380851,0.9410400316731892,0.9427053569290464,0.9395765208022056,2960
2026-01-04 16:00:00,0.9415096136843292,0.9413465948179335,0.9429832358490854,0.9400073512844335,586
2026-01-04 17:00:00,0.9409499676191614,0.9413933090090834,0.9426823911021467,0.9394711791011039,4102
2026-01-04 18:00:00,0.940146787372278,0.9412283184347162,0.9432236351369773,0.9385314935851597,4594
2026-01-04 19:00:00,0.9397636295560311,0.9400044293318521,0.9414647389308681,0.9381007769269981,1501
2026-01-04 20:00:00,0.9400710812447666,0.9397796849761828,0.9420813507172147,0.9383332284533737,1425
2026-01-04 21:00:00,0.940323549024737,0.9401219925311805,0.9416155175982335,0.938567095252024,946
2026-01-04 22:00:00,0.9387486225354432,0.9402797108273881,0.9421180376153356,0.937484685943226,2108
2026-01-04 23:00:00,0.9381593647642426,0.9386075885083722,0.9400480393461502,0.9364333665804432,4532
2026-01-05 00:00:00,0.9390627454279472,0.9380488046853371,0.9407070411759666,0.9368901300317658,2012
2026-01-05 01:00:00,0.9391221567138003,0.9389857601844844,0.9401872026676286,0.9376355283864718,3862
2026-01-05 02:00:00,0.938059400028973,0.9390223247455337,0.9405274637396243,0.9363043046676714,1676
2026-01-05 03:00:00,0.9398262659151716,0.9382465740038685,0.9409345690733293,0.9369726383041083,2295
2026-01-05 04:00:00,0.9398045596159356,0.9398249794176301,0.941307172367947,0.9387728757216403,2518
2026-01-05 05:00:00,0.9400928100854207,0.93973069636857,0.9410747210290189,0.9384364001601062,4534
2026-01-05 06:00:00,0.9403924536524545,0.9401078974660172,0.9417764998444467,0.9383046758615813,2543
2026-01-05 07:00:00,0.9401167570528344,0.9404866471333855,0.9422058232395643,0.9393470090801082,3079
2026-01-05 08:00:00,0.9395710767914683,0.9400681878465887,0.9416318841980823,0.9381328584754366,4285
2026-01-05 09:00:00,0.9411623330302678,0.9396984134144859,0.9422256723375584,0.9384656799866397,4726
2026-01-05 10:00:00,0.9419147374324811,0.9409827362482368,0.9427911741052292,0.9396172332513381,4485
2026-01-05 11:00:00,0.9425311903333126,0.9420803359634742,0.9440855028488979,0.9407650932600635,605
2026-01-05 12:00:00,0.9429634072271013,0.9425299240739904,0.9448251561190143,0.940843768795262,648
2026-01-05 13:00:00,0.94221091918433,0.9429566215627898,0.9440974657971333,0.9407823932448044,2238
2026-01-05 14:00:00,0.9431690668281352,0.9421128747332743,0.94517728242253,0.940412189592891,1821
2026-01-05 15:00:00,0.9425367173346264,0.9429954727534262,0.9444074417806735,0.9407598099401361,3428
2026-01-05 16:00:00,0.9427491824332394,0.9423010292938953,0.9436093391886365,0.9408784499069719,2217
2026-01-05 17:00:00,0.9415196400041409,0.9426414570510264,0.9436128566575699,0.940208902827854,2098
2026-01-05 18:00:00,0.9399889958661553,0.9416025009582206,0.9432296075703556,0.9384726477581052,542
2026-01-05 19:00:00,0.9402277142681451,0.9398534227740885,0.9416746028784103,0.9382822495300615,1813
2026-01-05 20:00:00,0.9396208898177489,0.940009471128829,0.9418367201983913,0.9385365553101715,2899
2026-01-05 21:00:00,0.938129014139276,0.9394929667361722,0.9405629615755217,0.9366553831257002,3507
2026-01-05 22:00:00,0.9385344712664863,0.9380748372391505,0.9399756364092088,0.9367384278669448,927
2026-01-05 23:00:00,0.9401245318447744,0.9384857491402052,0.9415366255144433,0.9371941163133283,3067
2026-01-06 00:00:00,0.9411667020387094,0.9401063353877693,0.9425380719396647,0.938889673656484,2907
2026-01-06 01:00:00,0.9409737136247602,0.941312450352933,0.9426159039199302,0.9397388889198744,1484
2026-01-06 02:00:00,0.940980347604783,0.9411500422060706,0.9424591248321367,0.9392144170739841,4459
2026-01-06 03:00:00,0.941646127297371,0.941263613005029,0.9431079328575417,0.9399539694608335,2275
2026-01-06 04:00:00,0.9424877233122472,0.9414164090177447,0.943987008568429,0.9396792839269482,1393
2026-01-06 05:00:00,0.9422300715231279,0.942366757377126,0.943851497004796,0.9407796892602553,3563
2026-01-06 06:00:00,0.9422557048099213,0.9423287942667226,0.9440830824069966,0.9411625132972163,1024
2026-01-06 07:00:00,0.9424811659149946,0.9421915174295158,0.9435552329520119,0.9407238570877695,3171
2026-01-06 08:00:00,0.9428965731552038,0.9426029108068905,0.9437984489560387,0.9415245915317397,3442
2026-01-06 09:00:00,0.9427967658236953,0.9429258630360144,0.9446276955940197,0.9412108461932652,2319
2026-01-06 10:00:00,0.9427067018898938,0.9430200747825634,0.9441672946215586,0.941351402636464,1098
2026-01-06 11:00:00,0.9437415761372095,0.9428543100722178,0.9450497503692656,0.9411965765104319,1374
2026-01-06 12:00:00,0.9446487166640417,0.9438919193364053,0.945892223997252,0.9420686870871648,1186
2026-01-06 13:00:00,0.9450067745941187,0.9445903334449699,0.9462446827251603,0.9436647971550965,661
2026-01-06 14:00:00,0.946296106396636,0.9449929405712588,0.9473015656817898,0.9437044104891174,4989
2026-01-06 15:00:00,0.9460062720749661,0.9462527906438213,0.9475101670508987,0.944930509690981,4216
2026-01-06 16:00:00,0.9472235021614381,0.9457923096104383,0.948828855921751,0.9437581676325453,2657
2026-01-06 17:00:00,0.9476303887440898,0.9474327061521972,0.9490507166617121,0.9461364365906351,4119
2026-01-06 18:00:00,0.9500836583357507,0.9477366157892791,0.9516525810167468,0.946686330300086,3321
2026-01-06 19:00:00,0.9491892968906639,0.9500345339277535,0.9513170551563831,0.9471275613104883,3105
2026-01-06 20:00:00,0.9486722879515009,0.9493749415044983,0.9510549014279485,0.9474559210742706,3614
2026-01-06 21:00:00,0.9489863863226513,0.9485825564042297,0.9502651373524273,0.9476208139321848,2899
2026-01-06 22:00:00,0.9492843118623856,0.9487246494905516,0.9501077522203636,0.9476306180897895,2845
2026-01-06 23:00:00,0.9507469161005169,0.9494279749152761,0.9522633452030743,0.9479610129676006,768
2026-01-07 00:00:00,0.9502456350880423,0.9505646741584095,0.9522088038192024,0.9488072252470698,3090
2026-01-07 01:00:00,0.9509243239770627,0.9502177099401973,0.9521911722690805,0.9490298160157686,2288
2026-01-07 02:00:00,0.9517961712305743,0.9509537520452158,0.9535662854675706,0.9496645577675779,1305
2026-01-07 03:00:00,0.9523246571047398,0.9518512344534124,0.9535101035466096,0.9504075823568993,2470
2026-01-07 04:00:00,0.9516039098482966,0.9524457583690702,0.954064644111112,0.9497985518277093,4183
2026-01-07 05:00:00,0.9526597289522373,0.951686912912643,0.954587371878507,0.9501626728916861,2360
2026-01-07 06:00:00,0.9535817226507238,0.95273838407165,0.9550226030333054,0.9514691188870209,2434
2026-01-07 07:00:00,0.9540314110405667,0.9534685623449611,0.9553976365636869,0.9521028926417643,1286
2026-01-07 08:00:00,0.9541846718059733,0.9540735254443851,0.9555856997257879,0.9524219148112963,4049
2026-01-07 09:00:00,0.9543542528135066,0.9539691476034623,0.9562519753809391,0.9520566025306892,706
2026-01-07 10:00:00,0.9542952009693271,0.9545778638898397,0.9561246187344545,0.9531799949767547,4203
2026-01-07 11:00:00,0.9547757898200165,0.9540943307287119,0.9568221233461492,0.9523430495986756,4663
2026-01-07 12:00:00,0.9547991409597253,0.9547261727509507,0.9563113283667611,0.9533835661858742,969
2026-01-07 13:00:00,0.9541627472282108,0.9546103778596515,0.9558544734553511,0.9531964361279368,2826
2026-01-07 14:00:00,0.9533763034945901,0.9540583287430275,0.9553215026927823,0.9524674216581999,2971
2026-01-07 15:00:00,0.952812276304351,0.9533782227084514,0.9548250511705693,0.9510016925010932,4326
2026-01-07 16:00:00,0.952978875486263,0.9527366920096317,0.953824742600171,0.9508917180428488,1697
2026-01-07 17:00:00,0.9529586586089366,0.9531424383931552,0.9544360826777724,0.9516919142547206,3392
2026-01-07 18:00:00,0.9531201664539032,0.952991098199052,0.9544203754794962,0.9516220777523159,586
2026-01-07 19:00:00,0.9534957763040628,0.9530539590831587,0.9549946115242167,0.952133556939184,4119
2026-01-07 20:00:00,0.9530252856096252,0.9534766802605179,0.9554613987481624,0.9513778743942294,3814
2026-01-07 21:00:00,0.9541245307358842,0.9531998475285592,0.9555714080588721,0.9517767842871069,1158
2026-01-07 22:00:00,0.9542532777434273,0.9542546246887972,0.9551355934846503,0.9532662775225361,712
2026-01-07 23:00:00,0.9541831653616895,0.9540902883409863,0.9553528295214696,0.9526004055376508,619
2026-01-08 00:00:00,0.9552120288464884,0.9540856403559693,0.956720009045962,0.9530509840369497,4163
2026-01-08 01:00:00,0.9534582166036383,0.955279932684556,0.9567367199947765,0.9518685643416296,3107
2026-01-08 02:00:00,0.9529595752639708,0.9535087282143982,0.9554025797106677,0.9518396970828927,1918
2026-01-08 03:00:00,0.954586862622401,0.9528091732009467,0.9562936860691728,0.9512807643670288,2791
2026-01-08 04:00:00,0.9529519563075265,0.9546939448697213,0.956389279412281,0.9517092209450936,2836
2026-01-08 05:00:00,0.9547430453438462,0.9528243729240835,0.9561129680189681,0.9520698488115737,572
2026-01-08 06:00:00,0.9570064092234772,0.9549302109307108,0.95875747860026,0.9532087014905556,2253
2026-01-08 07:00:00,0.9570130628180887,0.9570824126872716,0.9582607092409832,0.9552758158422987,3095
2026-01-08 08:00:00,0.9578132381390003,0.9568504369845785,0.9595281915285657,0.9555636484322031,3076
2026-01-08 09:00:00,0.9596061426408216,0.9577370823511024,0.9609642485805024,0.9562186711493624,991
2026-01-08 10:00:00,0.9594959956151693,0.9595274936251114,0.9605499344561252,0.9579306226248029,4647
2026-01-08 11:00:00,0.9609873262398008,0.9595190415406092,0.9625998351143858,0.9579419202310606,630
2026-01-08 12:00:00,0.960631947685644,0.9609579342310777,0.9628016396671036,0.9586937002498561,4324
2026-01-08 13:00:00,0.9605088249336442,0.960466909854119,0.9618324247653546,0.9589060451291781,4927
2026-01-08 14:00:00,0.9599996211764542,0.9603080516958149,0.9621981263340464,0.9586626269567596,3779
2026-01-08 15:00:00,0.9608607978154879,0.9600787514263205,0.9618247503997901,0.9585141098696793,2823
2026-01-08 16:00:00,0.9627003606785666,0.9609021318654013,0.9637987652353738,0.959582254654915,1044
2026-01-08 17:00:00,0.962929425160026,0.9627156044614604,0.9643314332508539,0.9615790263136167,1715
2026-01-08 18:00:00,0.9618539261681311,0.962968485835248,0.9643042805146919,0.9600591816683236,2789
2026-01-08 19:00:00,0.961004677981387,0.9617647085387215,0.9630138800642415,0.9594091717461515,580
2026-01-08 20:00:00,0.9619281972870316,0.9610312260969414,0.9634096660930862,0.9601255570975659,3567
2026-01-08 21:00:00,0.9645911369831047,0.9622954902824066,0.9658850615873643,0.9610464408724295,4591
2026-01-08 22:00:00,0.965513606982282,0.964761246063714,0.9668578989160164,0.9630935218490027,3737
2026-01-08 23:00:00,0.9654993311215004,0.9654718382573082,0.9670282258839399,0.9644765507380351,4718
2026-01-09 00:00:00,0.9668687518817207,0.9654234263533169,0.9681254288438262,0.96419151949832,2424
2026-01-09 01:00:00,0.9670313535190166,0.9664538316943884,0.9684511436834837,0.9642311556895817,1359
2026-01-09 02:00:00,0.9670274112581796,0.9671863720000448,0.9684496369310719,0.9656729202993082,182
2026-01-09 03:00:00,0.9663272603313453,0.9671414289876509,0.9682414127158497,0.9645638984842436,2231
2026-01-09 04:00:00,0.9684673989444409,0.9662482583825135,0.9701419862404599,0.9643596112727959,664
2026-01-09 05:00:00,0.9658703494434461,0.9682599723444467,0.970203630272618,0.9646847911381734,3263
2026-01-09 06:00:00,0.9672777804837812,0.965702729764199,0.969037618205475,0.9641745183261599,4030
2026-01-09 07:00:00,0.9671712865584242,0.9673422518116409,0.9688892566223783,0.9651231600297514,644
2026-01-09 08:00:00,0.9671288776806822,0.9671583259579025,0.9684228870695765,0.9655448584713653,2630
2026-01-09 09:00:00,0.9696096558680236,0.9672294638254112,0.9709806106022005,0.965086960412549,2731
2026-01-09 10:00:00,0.9692026985573835,0.9696222230064704,0.9713833674117297,0.9679340776316578,1624
2026-01-09 11:00:00,0.9688366155725494,0.9693431932606309,0.9701333318086388,0.9668610326140579,1171
2026-01-09 12:00:00,0.969130142485846,0.9688903405338195,0.9704782237696669,0.9674317975406916,3596
2026-01-09 13:00:00,0.9700767593488206,0.9692507417563284,0.9717455191255675,0.9678909308579515,1203
2026-01-09 14:00:00,0.9699965324100692,0.9697727114994563,0.9711202888015955,0.968131465525419,256
2026-01-09 15:00:00,0.9685579016934261,0.9698172021367104,0.9713930618097076,0.9671374510333295,3055
2026-01-09 16:00:00,0.967969063876368,0.9685049995217027,0.9700664273029715,0.9665416682660191,430
2026-01-09 17:00:00,0.9699566645041254,0.9681261341170238,0.9709884076709403,0.9665300143759202,1619
2026-01-09 18:00:00,0.970496396651088,0.970230421602567,0.971977464828809,0.96930099682013,528
2026-01-09 19:00:00,0.9714877013915326,0.9704724636946804,0.9727649807983761,0.9692479975411266,2796
2026-01-09 20:00:00,0.9716239959429249,0.9713985675117055,0.9732027193742898,0.969730490316368,1166
2026-01-09 21:00:00,0.971282598707517,0.9713391719037162,0.9729912620304026,0.969536757936086,1385
2026-01-09 22:00:00,0.9737456820473674,0.9714087324304828,0.9753228400896872,0.9698437592258431,2057
2026-01-09 23:00:00,0.9739698518189062,0.9736653016924183,0.9754520174172204,0.9721237400350242,2489
2026-01-10 00:00:00,0.9738878079634736,0.9744020147288607,0.9759472449038908,0.9723094254251204,3623
2026-01-10 01:00:00,0.9756531788031,0.9737795976957234,0.9767724290785605,0.9720357742058197,4667
2026-01-10 02:00:00,0.9752363463724592,0.9759611499221357,0.9774150073644926,0.9741907646691739,3055
2026-01-10 03:00:00,0.9749726735599303,0.9753457920347763,0.9765752862249656,0.973659231515046,2475
2026-01-10 04:00:00,0.9754349695807506,0.9748222228019694,0.9771999817269105,0.973380850566554,2960
2026-01-10 05:00:00,0.9758852937056565,0.975468951437155,0.9775491502667712,0.9739478030111882,2556
2026-01-10 06:00:00,0.9766468273231403,0.9759982986572436,0.9783111511100954,0.9751514400142498,127
2026-01-10 07:00:00,0.979606830230415,0.9766137285351933,0.9815798048852311,0.9755138436884813,2514
2026-01-10 08:00:00,0.9804603281260378,0.9797300715509177,0.9818339596742032,0.9782642815394851,3745
2026-01-10 09:00:00,0.9780566633707368,0.9805800359765466,0.9818860328818819,0.9762923056665117,4297
2026-01-10 10:00:00,0.9788982221028547,0.9781442265754373,0.9802627271149265,0.9767989384797894,550
2026-01-10 11:00:00,0.9793936780962422,0.9788958020159763,0.9803920025507908,0.9776226558814637,3440
2026-01-10 12:00:00,0.979895818125464,0.9792209802642333,0.9809177760340472,0.9775957245369664,640
2026-01-10 13:00:00,0.9806409548967394,0.9798845232928748,0.9822946400434256,0.9785100778098869,250
2026-01-10 14:00:00,0.9810565409515296,0.9806668643052348,0.9821175123576609,0.9789360161324608,325
2026-01-10 15:00:00,0.9814434064398632,0.9807803552879008,0.9825990817946945,0.9793733557887121,677
2026-01-10 16:00:00,0.9826290594915881,0.981468350770771,0.9840730172086741,0.980323160234846,511
2026-01-10 17:00:00,0.9824285625349547,0.9826147944424722,0.9839669420349162,0.9805362293843167,2931
2026-01-10 18:00:00,0.9817413389321877,0.9822376198227307,0.9839710762906003,0.9799043258623606,4610
2026-01-10 19:00:00,0.9858198766753345,0.9816920962843372,0.9873164876772196,0.980495945667557,3824
2026-01-10 20:00:00,0.9854108477427971,0.9857737821593846,0.9870158525215871,0.9838157522856051,3682
2026-01-10 21:00:00,0.9859810192377492,0.985696303229101,0.9877473942781873,0.9843139586419954,673
2026-01-10 22:00:00,0.9846362269366987,0.9860135297124281,0.9877057623726506,0.982976406706495,4697
2026-01-10 23:00:00,0.9852259890347604,0.9847893377428104,0.9862867867524739,0.9835703240655497,2563
2026-01-11 00:00:00,0.9845561183739332,0.9852085896679292,0.9867599350460287,0.9828217709239682,253
2026-01-11 01:00:00,0.9844751508425131,0.9842793947370966,0.9857406709696896,0.9824497619975727,3248
2026-01-11 02:00:00,0.9861792284414385,0.9845746082773711,0.9874391401189683,0.9833756143540577,3552
2026-01-11 03:00:00,0.9871956399234921,0.9860817645809828,0.9892301064001036,0.9845809211341989,2063
2026-01-11 04:00:00,0.9883277313529819,0.9871458874862252,0.9898470692078376,0.9853028643088407,3605
2026-01-11 05:00:00,0.9866522855469116,0.9881718938795486,0.989587481853803,0.9854687061274311,3498
2026-01-11 06:00:00,0.9893065597507065,0.9866630840056791,0.9908157324316657,0.9853776265322269,2946
2026-01-11 07:00:00,0.9883263021775762,0.9894644713194017,0.9912061711665211,0.9866476088012582,1778
2026-01-11 08:00:00,0.9906105751547288,0.988464899212692,0.9918879859734243,0.9870267374554247,4993
2026-01-11 09:00:00,0.9922864277939066,0.9908466683028014,0.9936168308696361,0.9898271757934569,3152
2026-01-11 10:00:00,0.9934292270840482,0.9925439186082188,0.9951150779104087,0.9911492094227232,2363
2026-01-11 11:00:00,0.9928532453469582,0.9931245391536857,0.9941621534132243,0.9908437777528085,3851
2026-01-11 12:00:00,0.9934851531607416,0.9926753687010896,0.9952706760247166,0.9905703062898922,1289
2026-01-11 13:00:00,0.9933700474679678,0.9932157226576426,0.9943817412983568,0.9919155263541634,4783
2026-01-11 14:00:00,0.9938548949537741,0.9934642545377131,0.9952724003324888,0.9922457790139354,3705
2026-01-11 15:00:00,0.9940050482428714,0.9937515559349829,0.9950192814310682,0.992397128221803,3230
2026-01-11 16:00:00,0.9920087156349845,0.9939322575699654,0.9951059273870551,0.989984452284761,1405
2026-01-11 17:00:00,0.993804856616166,0.9919764272980175,0.9956824521889958,0.9902346569697218,1822
2026-01-11 18:00:00,0.9941575280283068,0.9938619069456013,0.9959602710177436,0.9919340112766867,4752
2026-01-11 19:00:00,0.9940257675489041,0.9939360609190866,0.9958601394100475,0.9921472076477819,3634
2026-01-11 20:00:00,0.9938033748695084,0.9938381081352543,0.9948968103636605,0.9927060263808936,644
2026-01-11 21:00:00,0.9946835263611485,0.9938035682668009,0.9958619111769371,0.9925946839688038,4041
2026-01-11 22:00:00,0.9940610187551951,0.9948622703521269,0.9964547181018655,0.9927775388026338,681
2026-01-11 23:00:00,0.9918048080850262,0.9940572403651966,0.9957577841751443,0.9904724099753491,2131
2026-01-12 00:00:00,0.9927433638488762,0.9916869208470357,0.993994365323093,0.9903998212310333,2143
2026-01-12 01:00:00,0.9938162874464244,0.9924231251325731,0.995134409427857,0.9910999476535892,1876
2026-01-12 02:00:00,0.9940267292568112,0.9939583351958035,0.9951803924106173,0.992276295749555,2527
2026-01-12 03:00:00,0.9930992458065833,0.993917101281915,0.9959007907948565,0.9915691391624638,847
2026-01-12 04:00:00,0.9936559684556504,0.9929282221756188,0.9950048696089893,0.9910741262926658,3340
2026-01-12 05:00:00,0.9923485296136741,0.9934006383857076,0.9948984770415716,0.9907850334047297,3416
2026-01-12 06:00:00,0.991565852897649,0.9921344851301933,0.9936467156489427,0.990279675910602,4273
2026-01-12 07:00:00,0.9911150153738439,0.9914229518206166,0.9932383634535,0.9895723066098002,2279
2026-01-12 08:00:00,0.9925777422589138,0.991079453982947,0.9937829897386122,0.9900406153077642,2700
2026-01-12 09:00:00,0.9925926091183895,0.9923977740465421,0.9944293801529397,0.9915972988904516,751
2026-01-12 10:00:00,0.9925051694242578,0.99262025654648,0.9937282732244651,0.9908248942509871,1802
2026-01-12 11:00:00,0.9953008004427513,0.9924683759793367,0.9971418243351129,0.9906713673336875,2851
2026-01-12 12:00:00,0.9961737554393777,0.9956328240032424,0.9971553951437175,0.9941170073392068,2140
2026-01-12 13:00:00,0.9970305488519475,0.9959188481610041,0.9984948211215352,0.9945403454318213,4950
2026-01-12 14:00:00,0.997036907957697,0.9970546989947321,0.9990364406271505,0.995942720832092,1458
2026-01-12 15:00:00,0.9967712619565328,0.9970629244335739,0.9987665827817855,0.9949271578631381,351
2026-01-12 16:00:00,0.9945975742285121,0.996617513472426,0.9982350998013023,0.9929587170850143,4350
2026-01-12 17:00:00,0.9962100628668205,0.9946118079380395,0.9973910454468763,0.9930304718379784,2626
2026-01-12 18:00:00,0.9971980345137281,0.9963251785652535,0.9984740088585659,0.9948308245938287,448
2026-01-12 19:00:00,0.997433035321872,0.9972124710825777,0.9993314683161884,0.9958568311337946,4685
2026-01-12 20:00:00,0.9977183632796685,0.9976402309283916,0.9993563193598267,0.996476876218728,1116
2026-01-12 21:00:00,0.9990517363943817,0.9973920198902411,1.000817135515785,0.9958177029286904,4799
2026-01-12 22:00:00,0.9976360843066859,0.9989257000277786,1.0004442399652773,0.9963008057456965,1787
2026-01-12 23:00:00,0.9973782267088214,0.9978567626243884,0.9992685321100716,0.9960090142225257,1774
2026-01-13 00:00:00,0.9964646632733504,0.9975145470107822,0.9992384293727291,0.9944564344978666,1137
2026-01-13 01:00:00,0.9990404744123345,0.9965456622348177,1.0006167663775278,0.9950615109017769,940
2026-01-13 02:00:00,1.0005412610505584,0.9992255568470324,1.0019910573439892,0.9984610299076631,4021
2026-01-13 03:00:00,0.998348029881196,1.0002542522832052,1.0013282729802861,0.9970108800009932,2161
2026-01-13 04:00:00,0.996981515929228,0.9984670112498876,1.0002477922058772,0.9957855723199136,2826
2026-01-13 05:00:00,0.997272701121199,0.9971407360252583,0.9989002580413927,0.9956864789756202,1660
2026-01-13 06:00:00,0.9971557728667121,0.9971741771202055,0.9984885494688522,0.996086153504011,2175
2026-01-13 07:00:00,0.9960165142170199,0.9975485874050939,0.9993949787357076,0.9943929181671332,2464
2026-01-13 08:00:00,0.9988002289022004,0.9960459312255574,1.000371485239517,0.9946364442767253,1620
2026-01-13 09:00:00,0.9996252767989795,0.9984714367980394,1.0012037047554097,0.9971146591727965,3020
2026-01-13 10:00:00,1.0006450563864153,0.9996825044899601,1.0024113636926144,0.9981366223592303,2380
2026-01-13 11:00:00,1.0002646384473366,1.0005370488065208,1.0022381108399279,0.9987872446299063,3864
2026-01-13 12:00:00,1.0015813674239502,1.0004396640812623,1.0031719811410018,0.9989777689484439,3910
2026-01-13 13:00:00,1.0015748481107718,1.0016636884682528,1.0031093861265108,1.0001398477638865,3207
2026-01-13 14:00:00,1.0016848363023227,1.0014850086898084,1.0037834654478601,0.9999885859681749,606
2026-01-13 15:00:00,1.0028680386541131,1.0019108504535887,1.0041515690950995,1.0003033003014474,4471
2026-01-13 16:00:00,1.0013632415760407,1.0030091484548718,1.0047352899508817,0.9997957164807287,3508
2026-01-13 17:00:00,1.003729675007862,1.0012385903970153,1.005210017940231,0.9993936711425592,3704
2026-01-13 18:00:00,1.0043985420655306,1.0037067679292755,1.0060421539899733,1.00236489837936,3281
2026-01-13 19:00:00,1.0063856751160671,1.0044765747135485,1.0082676434964297,1.0028951022542756,2641
2026-01-13 20:00:00,1.0055451714081245,1.0063307326413167,1.0077450585436027,1.0032989538115349,2862
2026-01-13 21:00:00,1.0048873732592907,1.0054947663473417,1.0071835307295243,1.0033923883342024,684
2026-01-13 22:00:00,1.0039430929933708,1.0048929037350607,1.0064787996938194,1.0024378348401164,4602
2026-01-13 23:00:00,1.0046934502005687,1.0037824728648785,1.0060071969525979,1.0026562274361295,4038
2026-01-14 00:00:00,1.0052226301628706,1.0043567862636416,1.0071098649834642,1.0030640329137137,4556
2026-01-14 01:00:00,1.0051153359797933,1.005258683880495,1.0069808046125228,1.0036397360388436,3599
2026-01-14 02:00:00,1.0043484529483309,1.0048157036917218,1.0061912945057114,1.002681198268955,1398
2026-01-14 03:00:00,1.0032785374246538,1.0041990087856763,1.0060360901770347,1.0015782321659603,1747
2026-01-14 04:00:00,1.003670356744089,1.0030118247199227,1.0049255209021672,1.0014080777301149,4347
2026-01-14 05:00:00,1.0035616526085827,1.0034222093989547,1.0050582838924922,1.0016747783405398,1236
2026-01-14 06:00:00,1.0031889242177527,1.0036258098268516,1.0050014154341271,1.0019848997670586,3112
2026-01-14 07:00:00,1.0054954316011107,1.0031553947410965,1.0072303069803124,1.001499670560691,3324
2026-01-14 08:00:00,1.0058466407872795,1.0054564449165941,1.007210664380919,1.0039436456244863,997
2026-01-14 09:00:00,1.0078206923079918,1.0056477118302922,1.0095617478404657,1.0040982191020122,512
2026-01-14 10:00:00,1.0076307896887726,1.0077215642476962,1.009412709335104,1.00622886857842,264
2026-01-14 11:00:00,1.008374521229331,1.0076877308574126,1.0097735655073656,1.0064634725292798,3957
2026-01-14 12:00:00,1.0087579500098234,1.008366639712885,1.0108248095848344,1.0072212413529948,1524
2026-01-14 13:00:00,1.0071708032384017,1.0088822360040528,1.0101678186346814,1.0055631556511069,1211
2026-01-14 14:00:00,1.0093348092059184,1.0073169183826904,1.0104221613306117,1.0056521664617255,4554
2026-01-14 15:00:00,1.0096226248774796,1.0092966121746174,1.0113963599320515,1.0078214233619809,3008
2026-01-14 16:00:00,1.0109683267410392,1.0093417400732854,1.0118328842263362,1.0078297803843532,219
2026-01-14 17:00:00,1.0105158922740853,1.010853636486742,1.012821661708564,1.009218453751622,1587
2026-01-14 18:00:00,1.0107680790161897,1.0105010810930701,1.0123150860058068,1.0088323853464165,2428
2026-01-14 19:00:00,1.0101778561842816,1.0106504205123574,1.0117332346795318,1.0086442166122531,2438
2026-01-14 20:00:00,1.0121110543635976,1.010017746660908,1.0133412355228544,1.0086105926198259,3940
2026-01-14 21:00:00,1.0129347455805384,1.0121216525404386,1.0139575801398726,1.0103390646324155,4023
2026-01-14 22:00:00,1.0138252098125555,1.013304330963494,1.0154624005442319,1.0115874120567903,255
2026-01-14 23:00:00,1.0159050307890816,1.0137508169063265,1.0170244827007442,1.0126950484572022,1506
2026-01-15 00:00:00,1.0177426403453604,1.015904602443723,1.0194225535306152,1.0143629817220863,3042
2026-01-15 01:00:00,1.019111051388724,1.0175420738060148,1.0205465230673643,1.0163063720042167,262
2026-01-15 02:00:00,1.017854978572279,1.0193008916818596,1.020682518622693,1.0162855922763305,2896
2026-01-15 03:00:00,1.017470163628859,1.0179884823143968,1.019670160857114,1.0169060312059321,479
2026-01-15 04:00:00,1.0167154978656454,1.0175930439868721,1.0193082973232488,1.0151302927880528,2907
2026-01-15 05:00:00,1.0180385382979964,1.0169231465466642,1.0199155375497537,1.0151786406487389,464
2026-01-15 06:00:00,1.0186933206280964,1.017973238830448,1.0200276728816755,1.0164790575953035,3719
2026-01-15 07:00:00,1.0174747057077396,1.0186471652557592,1.0201642782020464,1.0163040151347682,2349
2026-01-15 08:00:00,1.0176982126521261,1.0177357267566025,1.0190683026894127,1.015574366959502,4761
2026-01-15 09:00:00,1.0163552778492635,1.0177946741341568,1.0193689030052293,1.0144782849559872,508
2026-01-15 10:00:00,1.0167414900635798,1.0160168216140513,1.0180292064743843,1.0146536950223102,4361
2026-01-15 11:00:00,1.015205043058795,1.0168107505458033,1.0182043945685268,1.0137617333023539,2122
2026-01-15 12:00:00,1.0162896360508566,1.0151163670022245,1.0176863227422588,1.0141959228792314,2489
2026-01-15 13:00:00,1.0171931912020975,1.0164266781905422,1.0188085024153495,1.0147564264241944,3519
2026-01-15 14:00:00,1.0199327293941138,1.0172556402250357,1.021463532648544,1.0161447005388553,3148
2026-01-15 15:00:00,1.0214001773415107,1.0196660607909374,1.0230874185724992,1.01792977279257,4411
2026-01-15 16:00:00,1.0213426802345236,1.0214413625005399,1.022940592468096,1.0194963147319442,4174
2026-01-15 17:00:00,1.0227743643464529,1.0213749939305017,1.0241306390433902,1.019862391559444,1185
2026-01-15 18:00:00,1.0215471676893186,1.0228300584574943,1.0244210005596046,1.0203410638569874,1446
2026-01-15 19:00:00,1.0208422005649014,1.02163529631027,1.022885669588589,1.0189284225665505,4395
2026-01-15 20:00:00,1.0216919716033914,1.0210714630265427,1.0233989607520837,1.0195382601141794,4069
2026-01-15 21:00:00,1.019552072008094,1.0217552688099327,1.023197282930782,1.017994229461302,4892
2026-01-15 22:00:00,1.0199574790661732,1.0195555753264969,1.0215499956152336,1.0183106765688785,4587
2026-01-15 23:00:00,1.0191831631156312,1.020132977446628,1.0217290256196978,1.0175953611738953,3165
2026-01-16 00:00:00,1.0197547315818152,1.0195262199353199,1.0217743187548516,1.0180586641547247,4815
2026-01-16 01:00:00,1.0189114479521584,1.0198945879918815,1.021539595164372,1.017789164209903,3712
2026-01-16 02:00:00,1.0198705457171047,1.0189429934854202,1.0214227536917675,1.0170032020679711,4448
2026-01-16 03:00:00,1.0203437386255056,1.0199367451928378,1.0216623173641883,1.0178677558988989,2466
2026-01-16 04:00:00,1.0224741777257633,1.0203830083453584,1.024254014422804,1.0185369714023855,4830
2026-01-16 05:00:00,1.0229322591666852,1.0224770191884192,1.0243837369724047,1.0206759935515237,466
2026-01-16 06:00:00,1.0224598878007314,1.0232643292155028,1.02433009636955,1.0203847735084322,4547
2026-01-16 07:00:00,1.0226136247737387,1.0223449889727925,1.0240876952486642,1.0211324241766528,4803
2026-01-16 08:00:00,1.0214505410973187,1.022790576651215,1.0243814316690827,1.0202430343858289,3966
2026-01-16 09:00:00,1.0223879058029652,1.021431239904907,1.0236704385638364,1.0200247595165621,4731
2026-01-16 10:00:00,1.0235457260985437,1.0221606142958009,1.0250447558038303,1.02053383543724,2161
2026-01-16 11:00:00,1.026958761342575,1.0235167169150399,1.0284771765069742,1.0220664325574753,1681
2026-01-16 12:00:00,1.0266625581538498,1.0268745582011423,1.0283973324758455,1.0254367206907786,756
2026-01-16 13:00:00,1.0267912046654395,1.0267515158504346,1.0287117072962584,1.0252095866799387,1059
2026-01-16 14:00:00,1.0265502944361136,1.0268052633060074,1.0279411747150908,1.025039534661492,4346
2026-01-16 15:00:00,1.027254830877471,1.0263928121311683,1.0294224831441618,1.0245926536739431,420
2026-01-16 16:00:00,1.0281628595188466,1.0274816962328772,1.0296949757911145,1.0259257135673632,1080
2026-01-16 17:00:00,1.0285488097055324,1.028331047923755,1.0302706655923086,1.0273759049387865,2539
2026-01-16 18:00:00,1.03030240080578,1.028793927228912,1.0318873674106859,1.0271293290184913,1862
2026-01-16 19:00:00,1.0300120254012741,1.0303390122738179,1.0313506828014065,1.0279782299679792,4631
2026-01-16 20:00:00,1.0316454342587429,1.0300064958227626,1.0328658983560193,1.0284500748581045,245
2026-01-16 21:00:00,1.0327416316831122,1.031754423688864,1.03412831167242,1.0298995292632644,300
2026-01-16 22:00:00,1.0331771957792335,1.0326521365797001,1.035034968169424,1.0312589354595023,1432
2026-01-16 23:00:00,1.033249271810325,1.0331973533702645,1.034370041076401,1.0314721115211494,3096
2026-01-17 00:00:00,1.0366112731208026,1.0332219553566937,1.0379000699113732,1.031898593320569,1844
2026-01-17 01:00:00,1.036080862739912,1.0363842106664256,1.0379895716007812,1.03460335932214,4194
2026-01-17 02:00:00,1.0368883825522741,1.036100686309751,1.0385908049332988,1.0346195827966016,570
2026-01-17 03:00:00,1.0364381196679835,1.036819827317857,1.0385121403352953,1.0347352445523519,1960
2026-01-17 04:00:00,1.039030864566329,1.036400316790281,1.0402826873579636,1.035098667802809,3280
2026-01-17 05:00:00,1.0405450561608882,1.0390876447603343,1.0416070391422392,1.0379841107622174,3098
2026-01-17 06:00:00,1.040181036306279,1.040743605885995,1.0424720933259468,1.0384740642192516,2636
2026-01-17 07:00:00,1.0412461502983963,1.0400484695178882,1.0432556899599525,1.0383514906677875,2274
2026-01-17 08:00:00,1.0420053851639282,1.0411935459775084,1.043460451398856,1.0395953744286626,560
2026-01-17 09:00:00,1.0418354354495585,1.0418858216243105,1.0430908022948802,1.039981107451734,420
2026-01-17 10:00:00,1.0431952325102323,1.0417055293848614,1.044625490628114,1.0402041539816433,367
2026-01-17 11:00:00,1.0441123989795575,1.0431021129893154,1.0458020012636804,1.0414478162598928,2571
2026-01-17 12:00:00,1.0448212374362207,1.0440816106654196,1.046315391415906,1.0426240595697387,4436
2026-01-17 13:00:00,1.0452209337827298,1.0449130922342624,1.0472300136590031,1.0434263527220669,536
2026-01-17 14:00:00,1.0461881991738495,1.0452712207693688,1.048047789507977,1.0435951593491355,419
2026-01-17 15:00:00,1.0469134643676405,1.0460222335005118,1.0485417303652433,1.043739980093675,3456
2026-01-17 16:00:00,1.0474343763672707,1.0471167965694108,1.0483914204355436,1.045312392596091,2552
2026-01-17 17:00:00,1.0471151572680857,1.047582712633394,1.0489359214477207,1.045372147413958,1619
2026-01-17 18:00:00,1.0495976767570008,1.0469732749133047,1.0509995123839733,1.045155338336738,187
2026-01-17 19:00:00,1.0487871728249825,1.0497902515272348,1.0511285199070988,1.0479526878592715,4032
2026-01-17 20:00:00,1.0497503362876381,1.0488386533812677,1.0513850562003628,1.0471635107637658,3330
2026-01-17 21:00:00,1.0498160473968765,1.0497256988944814,1.0514573640549016,1.0478642258556554,2976
2026-01-17 22:00:00,1.0523775041202157,1.0498725727043992,1.0534275427569582,1.0482673518480623,1247
2026-01-17 23:00:00,1.051743325075547,1.0523734384808736,1.0542049226608294,1.050179333118326,4681
2026-01-18 00:00:00,1.0513110091614346,1.0518292821540942,1.0534113339768272,1.0500304930788813,407
2026-01-18 01:00:00,1.0505972274855204,1.0513405281368247,1.0530291451012928,1.0491579335713144,3714
2026-01-18 02:00:00,1.0514353855466612,1.0505440102318158,1.0532474796543514,1.0492297671375566,3665
2026-01-18 03:00:00,1.0502377247551788,1.0511162455937177,1.0524499520209518,1.0483474522295162,3651
2026-01-18 04:00:00,1.0501134905614695,1.0503207649798647,1.0522925333700155,1.048065243844699,3049
2026-01-18 05:00:00,1.0479806515740444,1.0500547530361533,1.0515821449422107,1.0458003070562725,1592
2026-01-18 06:00:00,1.0487191571989982,1.0481030287009663,1.0507681071105974,1.046797371581664,2333
2026-01-18 07:00:00,1.0485688993684907,1.0487949176224838,1.0500865660466048,1.0472063089748271,2265
2026-01-18 08:00:00,1.0429886865787463,1.048514507892646,1.0505290134043759,1.0416587806212267,4344
2026-01-18 09:00:00,1.0470597218398991,1.0431493560383656,1.0483463538443285,1.0418987131855608,3753
2026-01-18 10:00:00,1.0421559709709556,1.0470917433840472,1.049451845631464,1.0409061398457824,2434
2026-01-18 11:00:00,1.0451445098085614,1.0421816255344816,1.0464137854236588,1.0407755387617026,3637
2026-01-18 12:00:00,1.0425156067186072,1.0451229124266006,1.0470171382804565,1.0406783363678906,4850
2026-01-18 13:00:00,1.048521499385715,1.0427803933725617,1.0499802881943552,1.0414334108308025,3492
2026-01-18 14:00:00,1.0513323139066881,1.0484090173316052,1.0531348302186827,1.046499877681493,1846
2026-01-18 15:00:00,1.0475521343909104,1.0512816111466239,1.052840203712041,1.0455510580296334,138
2026-01-18 16:00:00,1.0441130748201217,1.0473583467204737,1.0485827059619368,1.0424576033157733,4403
2026-01-18 17:00:00,1.046383794339713,1.0442271407634451,1.0470754027055829,1.0422717222905644,184
2026-01-18 18:00:00,1.0453998763495498,1.0462925075648235,1.0486470355596806,1.0442586949383506,2594
2026-01-18 19:00:00,1.0447648419482196,1.045326214852012,1.0469162500579943,1.043372646796764,430
2026-01-18 20:00:00,1.049535737679865,1.0446834604277848,1.050183239282867,1.0430495169902638,4409
2026-01-18 21:00:00,1.0467281544047278,1.049545585599181,1.0512107025152337,1.045087962572843,254
2026-01-18 22:00:00,1.0470705060503858,1.0465317093840394,1.0488577255642868,1.0445121514580442,3449
2026-01-18 23:00:00,1.050650360276582,1.0467169760833328,1.052000945852149,1.045455831710908,3886
2026-01-19 00:00:00,1.053684550858028,1.050722701627542,1.0550411630143792,1.0493119093389704,3689
2026-01-19 01:00:00,1.0530860033548255,1.053350687152375,1.0549240476059878,1.0515332226944858,2779
2026-01-19 02:00:00,1.0520026063016281,1.0532207866310583,1.0551783302200364,1.050588279015656,2995
2026-01-19 03:00:00,1.0454820483171747,1.0522470182192196,1.0538465932449421,1.0442408393644018,2573
2026-01-19 04:00:00,1.0415211295946802,1.0454563919329076,1.0474758676488487,1.0401077491076367,3809
2026-01-19 05:00:00,1.0427149766943355,1.0417243797083284,1.0446329109113133,1.0402371114792641,519
2026-01-19 06:00:00,1.0421979184858021,1.042711184695842,1.044202949868915,1.0401820332594847,4461
2026-01-19 07:00:00,1.0424788950304256,1.0424479947592624,1.0435514420110403,1.041203347486586,3895
2026-01-19 08:00:00,1.0463760960665534,1.042407288712168,1.0478745053264356,1.0405818276792271,4846
2026-01-19 09:00:00,1.0419236344075697,1.0460064921290793,1.047733943917512,1.0399631085934642,554
2026-01-19 10:00:00,1.0410379582741973,1.0419111557337308,1.0434914180858514,1.0396364904828623,1124
2026-01-19 11:00:00,1.0417456243869894,1.0413048477516997,1.0435065156112948,1.0396610065646643,1186
2026-01-19 12:00:00,1.039105024621085,1.0418290076251968,1.0436568203728012,1.0373668295879548,2121
2026-01-19 13:00:00,1.0444730637983126,1.0390242884363814,1.046206113631929,1.037328793862344,4112
2026-01-19 14:00:00,1.0478802643043619,1.0445247611549426,1.0493655312934211,1.0429271178803545,3955
2026-01-19 15:00:00,1.0489682642809448,1.0480330661747905,1.0507053190572835,1.0466732338311904,3493
2026-01-19 16:00:00,1.055696633453427,1.0489547065329952,1.0579881763568162,1.047161355624736,2041
2026-01-19 17:00:00,1.050075776154889,1.0561103197445296,1.0572160874779473,1.0486186252386076,553
2026-01-19 18:00:00,1.0500468026007426,1.0499942791942611,1.0517753751986108,1.0484101835439446,3502
2026-01-19 19:00:00,1.0514205662342453,1.0502049116593968,1.0535755588629916,1.0485723231148278,462
2026-01-19 20:00:00,1.047990984808768,1.0515403417374687,1.0527430402966589,1.0461498776341482,1100
2026-01-19 21:00:00,1.0491186643405845,1.047880854506808,1.051007424174464,1.0457003847794708,2091
2026-01-19 22:00:00,1.04496897998888,1.049052135303599,1.0509753120700716,1.043632815288333,3905
2026-01-19 23:00:00,1.0475585699324084,1.0451289576833604,1.048665782933493,1.043541097298622,3056
2026-01-20 00:00:00,1.0515254503128917,1.0475814071547154,1.0533274584301229,1.046472389650087,608
2026-01-20 01:00:00,1.052546700567123,1.0515788257549699,1.054039848821,1.0495322196613974,1309
2026-01-20 02:00:00,1.0455987087606293,1.0522901157642317,1.0538395532133384,1.0440165560202945,4261
2026-01-20 03:00:00,1.0419732330562568,1.0457012387165694,1.0471626203284636,1.040503949996045,2967
2026-01-20 04:00:00,1.0440908955683061,1.0420182276591416,1.0460682019303822,1.040435732689742,3321
2026-01-20 05:00:00,1.0441703904814774,1.0440808856253116,1.0457015240323042,1.0424824392546554,1861
2026-01-20 06:00:00,1.0340678806651307,1.044226368484075,1.0456337410116148,1.0327438103487745,4093
2026-01-20 07:00:00,1.0387284946046367,1.0340041207511976,1.040147488457043,1.0320758344536722,2984
2026-01-20 08:00:00,1.0392409565030885,1.0386362252059929,1.0406935067194683,1.0368763517914694,497
2026-01-20 09:00:00,1.0361694265130883,1.0392033613441984,1.040422040973792,1.0343714123723815,3655
2026-01-20 10:00:00,1.0399005100039633,1.0360970177448066,1.0413130690347923,1.0347493096866482,1513
2026-01-20 11:00:00,1.0373597349555626,1.0402398090390894,1.0418324683607312,1.0360321573601365,4231
2026-01-20 12:00:00,1.0347780395145467,1.037501272526325,1.0391789730894925,1.0332611223913384,3227
2026-01-20 13:00:00,1.0361218619558494,1.0346275217408338,1.038050304105927,1.0328246827904222,1059
2026-01-20 14:00:00,1.042800756178008,1.0364403796074935,1.0444403452058744,1.0347192278445694,243
2026-01-20 15:00:00,1.0488892080954062,1.0427326533837498,1.0503132420538668,1.0414040310797592,517
2026-01-20 16:00:00,1.0502381262162965,1.048893848367896,1.0514949335810309,1.0471080987391357,1307
2026-01-20 17:00:00,1.0519720724369852,1.0503797348902555,1.053642968137933,1.0491085700004692,680
2026-01-20 18:00:00,1.0549401934323033,1.0516603394226514,1.0564854579762049,1.0502873197021023,3326
2026-01-20 19:00:00,1.0502265046496682,1.0549028538082916,1.0564516279039273,1.048601471317517,910
2026-01-20 20:00:00,1.0526420609139882,1.050135977350697,1.0543039288889535,1.0489269568541633,2287
2026-01-20 21:00:00,1.0498892854084498,1.0526743576207127,1.0544127818582325,1.0486179309635992,1689
2026-01-20 22:00:00,1.051083578158937,1.0499476283802274,1.0527452578055376,1.0478815801721082,3323
2026-01-20 23:00:00,1.0502305745554095,1.0510714071367906,1.0525930280009608,1.0482247604034884,240
2026-01-21 00:00:00,1.0521101057820879,1.0502110609696145,1.0534353283723739,1.0479101858455209,2070
2026-01-21 01:00:00,1.052552993775862,1.0522782718643426,1.0539383267336195,1.0505571668159328,4179
2026-01-21 02:00:00,1.041029130260282,1.052600072121238,1.054426534773024,1.039266221021786,1306
2026-01-21 03:00:00,1.0416999741791766,1.0410356031250674,1.043130149208365,1.039521478973194,4260
2026-01-21 04:00:00,1.0441080477502989,1.041723133110362,1.0452525855882642,1.0402667409885784,942
2026-01-21 05:00:00,1.045780279056568,1.044396038226522,1.0477127475753585,1.0425538181929341,3594
2026-01-21 06:00:00,1.0453955817582858,1.0458073559484615,1.0470799018274624,1.043400346920325,1481
2026-01-21 07:00:00,1.051553688103025,1.0453144362248754,1.0531421379017805,1.043488943177089,1846
2026-01-21 08:00:00,1.0527213373372313,1.0512522414919943,1.0544555367012107,1.0499383864651104,2658
2026-01-21 09:00:00,1.0543626122129555,1.0524945538439157,1.0559451741317267,1.0507891358075003,3563
2026-01-21 10:00:00,1.058279456815645,1.0542884756263708,1.0590801072730123,1.052945566804792,2680
2026-01-21 11:00:00,1.0596391805645073,1.058262230763127,1.0613527722495775,1.0567759278205753,2915
2026-01-21 12:00:00,1.056271613989204,1.059551147488121,1.061555886552537,1.054168716639731,1517
2026-01-21 13:00:00,1.0471278486875306,1.0563267678847936,1.0581445395977735,1.0459339912878982,3345
2026-01-21 14:00:00,1.045338645304963,1.047038706173167,1.047940626243592,1.0430905306286604,447
2026-01-21 15:00:00,1.048192191027017,1.0451948612282027,1.0504334075798911,1.043449767657153,530
2026-01-21 16:00:00,1.0468680797842003,1.0482883946183439,1.0494422992375445,1.0454441652373823,881
2026-01-21 17:00:00,1.0498724986802568,1.0470837332275178,1.0511076465484603,1.0454874390105362,4386
2026-01-21 18:00:00,1.0504302293399579,1.049698048333214,1.0522522670419363,1.0483382551885627,3104
2026-01-21 19:00:00,1.055260477103441,1.05046880689775,1.0569867275247524,1.0490590572058776,1808
2026-01-21 20:00:00,1.0541534144517386,1.0549592520287001,1.0565658878080244,1.0525490048267576,3163
2026-01-21 21:00:00,1.0559069700513675,1.0539198681882624,1.0573104585004667,1.052440200715263,1419
2026-01-21 22:00:00,1.0578040390433752,1.0558135502207346,1.0598130807886932,1.0545229132410818,3689
2026-01-21 23:00:00,1.0634350460657422,1.0579850745725654,1.065017652488651,1.056460558705225,2014
2026-01-22 00:00:00,1.0570351561669886,1.0633115781182845,1.0644005937643457,1.0558664816438772,3132
2026-01-22 01:00:00,1.0553161251374144,1.0569059695683758,1.0588790835585473,1.054135800905869,1311
2026-01-22 02:00:00,1.0584980605326213,1.0553218548850987,1.0601554414453482,1.0541412232299672,273
2026-01-22 03:00:00,1.0642951723317913,1.0585039807188692,1.0662476239669942,1.0563739031491242,4971
2026-01-22 04:00:00,1.065195440504199,1.0641697245620452,1.066976196519907,1.062442310749479,3301
2026-01-22 05:00:00,1.0640977998876184,1.0655124706041712,1.0678720934547223,1.0623114381342291,3266
2026-01-22 06:00:00,1.0669369937701476,1.0640553309876832,1.0684381836358197,1.0624513210741913,3055
2026-01-22 07:00:00,1.0701946288022663,1.066955227475862,1.0718050876155965,1.0651873894065234,4492
2026-01-22 08:00:00,1.0688458975072639,1.0701302127406787,1.0719642979961486,1.0668655892278713,191
2026-01-22 09:00:00,1.0700845499279297,1.0689165185229237,1.0715921517233928,1.0671804713208608,4760
2026-01-22 10:00:00,1.0745115271619745,1.0702835963479485,1.0763820274937994,1.0681430630006499,2349
2026-01-22 11:00:00,1.0816007483867538,1.074781440146928,1.0822667722559407,1.0731711049528816,2948
2026-01-22 12:00:00,1.084385516983886,1.0814767599080013,1.085988417726813,1.0796553460011662,4695
2026-01-22 13:00:00,1.084551037846382,1.0845645972665232,1.086157913646658,1.082695149837446,4022
2026-01-22 14:00:00,1.0843482559362398,1.0846404446620823,1.086221679713803,1.083024932011713,1815
2026-01-22 15:00:00,1.0864384930257158,1.0845070720490468,1.087782332607525,1.082863483680591,4535
2026-01-22 16:00:00,1.0860047198664178,1.0864235258271455,1.0883477490107771,1.0849756504554056,507
2026-01-22 17:00:00,1.0867158717377516,1.0859742308398697,1.0881814890864356,1.084386498078566,835
2026-01-22 18:00:00,1.0827488357457609,1.0868678433292371,1.088557020644908,1.0812153767590102,1213
2026-01-22 19:00:00,1.0876128002326027,1.082904586114242,1.0892320935378745,1.0813837603187126,1418
2026-01-22 20:00:00,1.0833371075057951,1.0878672307106252,1.0896548553059746,1.08184454432466,3399
2026-01-22 21:00:00,1.0817166884040963,1.083369323336421,1.085456266622015,1.0799279700433275,2067
2026-01-22 22:00:00,1.0820826631322906,1.0816993348343464,1.08376912267676,1.080363773539747,4266
2026-01-22 23:00:00,1.0895488639318731,1.0816806435312625,1.0914582101800339,1.079438355144392,3151
2026-01-23 00:00:00,1.0879638027386769,1.0892859149605552,1.0909651447155806,1.0861466373450692,3066
2026-01-23 01:00:00,1.0854662434363254,1.0878996107173498,1.0893630336384814,1.0840995216783647,3864
2026-01-23 02:00:00,1.0834006799963236,1.0852873102371012,1.0868664021976855,1.081565220662422,2110
2026-01-23 03:00:00,1.089621544374866,1.0835337441269282,1.0911632905251658,1.081574107841685,1790
2026-01-23 04:00:00,1.0790752431492185,1.089409502696719,1.0912120424686376,1.0773371386201378,629
2026-01-23 05:00:00,1.0753149756036613,1.078994384141477,1.0806417619663518,1.0740264707263545,4229
2026-01-23 06:00:00,1.0855573082630097,1.0752397421682256,1.0869269783087159,1.072882795229165,1241
2026-01-23 07:00:00,1.0877731160386033,1.085753881333688,1.089332342337558,1.0839135407363516,3306
2026-01-23 08:00:00,1.083625672478581,1.0876742505700883,1.0888036323260513,1.0824058067431133,3973
2026-01-23 09:00:00,1.0834684800454257,1.0836991986190654,1.085264397818268,1.0817753064430278,1922
2026-01-23 10:00:00,1.0837214346681803,1.0835002936842195,1.085347441379294,1.0819463403718577,901
2026-01-23 11:00:00,1.0868944043403264,1.083868701548231,1.0891144236156984,1.0822362642195007,3435
2026-01-23 12:00:00,1.093792536850911,1.0870338981721348,1.0958757036963231,1.0857849128221977,1693
2026-01-23 13:00:00,1.095249605655708,1.093787043060346,1.0965527091256042,1.092126318328644,4274
2026-01-23 14:00:00,1.0932253995194094,1.0949714408187707,1.0966774527542678,1.0918581854099054,2282
2026-01-23 15:00:00,1.0961769661772778,1.0931872951661001,1.0978933525009795,1.0916579768440724,1746
2026-01-23 16:00:00,1.093558518564042,1.096173692777517,1.0977384315363297,1.091791072984363,3662
2026-01-23 17:00:00,1.089683502954083,1.0936052674955008,1.0951853014292234,1.0882047913159953,1996
2026-01-23 18:00:00,1.0830838446842463,1.0895636778447302,1.0910732964371195,1.0815535842587463,4005
2026-01-23 19:00:00,1.0772146132048699,1.0832681939877922,1.0854892085921026,1.075333721627363,3489
2026-01-23 20:00:00,1.0738529438694038,1.0772168069927377,1.0786935102028192,1.07252843124769,4433
2026-01-23 21:00:00,1.0694362322405255,1.0737052818870891,1.0754188193957344,1.068040111336563,2206
2026-01-23 22:00:00,1.0706108692181808,1.0693626446848152,1.071404503377083,1.0681596815222123,525
2026-01-23 23:00:00,1.0661131123713408,1.0709192759098551,1.0727818506941553,1.064777122348833,970
2026-01-24 00:00:00,1.054324363738748,1.0662181828412303,1.0681742459956867,1.0527020355468129,124
2026-01-24 01:00:00,1.0504096945840375,1.0544895600782953,1.055733655857703,1.048632570328117,4285
2026-01-24 02:00:00,1.0486402209050822,1.0502458570855358,1.051657781906486,1.0473208743641542,1291
2026-01-24 03:00:00,1.0463697853255625,1.0485321053185117,1.0502433918889285,1.0446088039040389,1087
2026-01-24 04:00:00,1.0520680028729719,1.0462622499348933,1.053652247069453,1.0446509398378874,3069
2026-01-24 05:00:00,1.0497672182756375,1.0520970384481183,1.05381856312785,1.0486279907374843,1307
2026-01-24 06:00:00,1.0530706812626345,1.0497397328416171,1.0545595417414608,1.0481049794981745,4897
2026-01-24 07:00:00,1.0529994965138312,1.0529933656573445,1.055167601012933,1.0510365691448527,4352
2026-01-24 08:00:00,1.0528408537925589,1.0529420004127394,1.0543097227616662,1.0518592276669037,2309
2026-01-24 09:00:00,1.0497081777093786,1.0527158280082325,1.0551380006709572,1.0475021512646876,3245
2026-01-24 10:00:00,1.0494877427659508,1.049679866840288,1.0516451136330487,1.0481057305765171,1995
2026-01-24 11:00:00,1.0466186322900854,1.0496625095917202,1.0514937097493524,1.0455664997415512,2214
2026-01-24 12:00:00,1.04725622346854,1.0463809355996525,1.0485002138003547,1.0447665617815383,2454
2026-01-24 13:00:00,1.0463702873462013,1.04731060533622,1.0491657201524056,1.0445398444813656,1970
2026-01-24 14:00:00,1.042827932596733,1.0465861672279704,1.0483393502863902,1.0413514238417303,2239
2026-01-24 15:00:00,1.04654753637061,1.0427991754957282,1.047451875761671,1.0411315231571068,997
2026-01-24 16:00:00,1.0481481881706904,1.0464643853028526,1.049278741672811,1.0442256235382779,3293
2026-01-24 17:00:00,1.046467952917657,1.0482932649653591,1.0499752407439542,1.0448336879237718,432
2026-01-24 18:00:00,1.0470135518440395,1.0463133788711916,1.0485422021872932,1.0438060470676067,4555
2026-01-24 19:00:00,1.046699217388407,1.0470099891630453,1.0484178587878075,1.0447320622111396,4556
2026-01-24 20:00:00,1.04344575137367,1.0465364642521113,1.0484393803650427,1.0418644504536871,1119
2026-01-24 21:00:00,1.0437101122324992,1.0431529748796733,1.0449989545867564,1.04149612559727,319
2026-01-24 22:00:00,1.0413813181519715,1.0436863711963977,1.0451062193496312,1.0399190421732303,2449
2026-01-24 23:00:00,1.037837816268396,1.0411846382759398,1.0425399414056655,1.0362033531117794,402
2026-01-25 00:00:00,1.0317524387798966,1.0378360101063078,1.03954154927728,1.0300309935236878,2076
2026-01-25 01:00:00,1.0304076612041269,1.0319247790400115,1.0329388676611528,1.0289869814721477,3785
2026-01-25 02:00:00,1.0325338011775658,1.0306948484116387,1.033928442976653,1.0295735078206554,1616
2026-01-25 03:00:00,1.029928828602395,1.0325482504534436,1.033560846026645,1.0279756884581641,4479
2026-01-25 04:00:00,1.0393814861979875,1.0300877317123245,1.0408429993343489,1.0282251136410725,170
2026-01-25 05:00:00,1.0427028073991853,1.0394438861192845,1.0444930391799925,1.038323112686122,3577
2026-01-25 06:00:00,1.0475940453966621,1.0426426052680944,1.04939828409176,1.0410174754297985,2567
2026-01-25 07:00:00,1.0505762066919386,1.0472907267605656,1.0519227517530463,1.0453911570192331,1286
2026-01-25 08:00:00,1.0575244503479584,1.0508342150025676,1.059279937325015,1.0489548686534038,2207
2026-01-25 09:00:00,1.0545731929099365,1.0573584970911425,1.0588817763660854,1.0532108858265872,1426
2026-01-25 10:00:00,1.0449704277137166,1.0547899361165467,1.056784079822059,1.0430950871839486,3138
2026-01-25 11:00:00,1.0432974566823934,1.045054435218867,1.046578704427039,1.0417277852168911,4810
2026-01-25 12:00:00,1.0453907763406967,1.0431444094679,1.0460264636181613,1.0414544274514588,2555
2026-01-25 13:00:00,1.0459589649847516,1.0454397269632374,1.0478086433187876,1.0441593137498104,3530
2026-01-25 14:00:00,1.0469919872758808,1.0462939361033623,1.0484182733019043,1.0460605645068148,3095
2026-01-25 15:00:00,1.0519453997858927,1.0472343006760971,1.053436784872086,1.0459016947227997,4156
2026-01-25 16:00:00,1.0533781156901272,1.0518643876789486,1.0550643391939238,1.0501147549326275,2856
2026-01-25 17:00:00,1.0563740391685934,1.0532652979917272,1.0575070928915151,1.0517458409349076,2287
2026-01-25 18:00:00,1.0528506788866456,1.0563898647836112,1.0579927205220387,1.0510660366926488,684
2026-01-25 19:00:00,1.0487429525520855,1.0528246416831244,1.0545659210989164,1.0468218181288786,3904
2026-01-25 20:00:00,1.0547958797634274,1.0489327742597616,1.056493277605177,1.047455169988887,4499
2026-01-25 21:00:00,1.0551742605202288,1.0549129390764442,1.0565674288590357,1.0534659624410305,4905
2026-01-25 22:00:00,1.0528371510823058,1.0549070122962243,1.05679957086961,1.051948616483418,3676
2026-01-25 23:00:00,1.0505069217315042,1.0529094273119033,1.0541708247747759,1.0494189139194368,1847
2026-01-26 00:00:00,1.0480727100253606,1.0504787666791995,1.0518541980985097,1.0469219040460063,3546
2026-01-26 01:00:00,1.0454141136964388,1.048078529030731,1.0496039968552209,1.0436714169836603,1670
2026-01-26 02:00:00,1.040602309436675,1.0454529712977725,1.0471061142790345,1.039141469392676,4504
2026-01-26 03:00:00,1.034975732928348,1.0407884077512977,1.0422401030130555,1.0335891452564254,310
2026-01-26 04:00:00,1.034244466512144,1.0351274244726394,1.0370599889329841,1.0328943883116506,4501
2026-01-26 05:00:00,1.0320209944984424,1.0341284039748146,1.035767857938109,1.0307141404286695,3711
2026-01-26 06:00:00,1.0361728418188547,1.0320118846790736,1.037750619499759,1.0301705658647962,4457
2026-01-26 07:00:00,1.0372718792686058,1.0361030560246456,1.0389087366643004,1.0345181004656918,1279
2026-01-26 08:00:00,1.0382668205688983,1.0370099485385822,1.0400525063729664,1.0351437697189194,2589
2026-01-26 09:00:00,1.0354801190405691,1.0382498329209637,1.039877848384028,1.0346082611992125,1344
2026-01-26 10:00:00,1.0350262624813942,1.035766524432622,1.0367571945929306,1.03330830514293,3582
2026-01-26 11:00:00,1.0363800166200121,1.034760113347264,1.038273330209325,1.0333559613070633,3196
2026-01-26 12:00:00,1.0390657506439347,1.0363762663521585,1.0406616543928746,1.0349054083784701,3488
2026-01-26 13:00:00,1.0387136562944908,1.0390570039251932,1.0408284841986588,1.0367340260947382,3720
2026-01-26 14:00:00,1.0427603704669566,1.0387586621665608,1.0441975204761784,1.0373164776006838,320
2026-01-26 15:00:00,1.0427903303753614,1.0426097824254994,1.0437830511657455,1.0408917134608051,2096
2026-01-26 16:00:00,1.0457635070698026,1.0425667810779518,1.0466171921754948,1.0413174948734103,1337
2026-01-26 17:00:00,1.0439265612875932,1.045547633863114,1.046817768519365,1.0423493625402982,4728
2026-01-26 18:00:00,1.0371293549129608,1.0441336138581248,1.0458502582019458,1.0360687594929028,2694
2026-01-26 19:00:00,1.0381357011180303,1.0369763307040147,1.0400971207506593,1.0354369761378526,892
2026-01-26 20:00:00,1.04085566635483,1.0380577052973485,1.0425112423926337,1.036376075399368,2022
2026-01-26 21:00:00,1.0430132188491084,1.0411849402980062,1.0442484925482183,1.0392742315131096,2684
2026-01-26 22:00:00,1.0445964188294987,1.0428981687246723,1.0459175854760325,1.0415875847950735,1691
2026-01-26 23:00:00,1.0432892177071675,1.044650002100802,1.046640843027701,1.0418898426303556,3124
2026-01-27 00:00:00,1.0402639192642467,1.0434552144427804,1.044606542907971,1.0389045403162063,3869
2026-01-27 01:00:00,1.042332900273161,1.0404227270495006,1.044553623730562,1.0389386566609604,3125
2026-01-27 02:00:00,1.0439320780839045,1.0421243889821306,1.0460855129268996,1.0408603666592078,2936
2026-01-27 03:00:00,1.04182870649324,1.0438205994252252,1.0460505469047976,1.0409401990437674,3318
2026-01-27 04:00:00,1.0459890472027102,1.0418761469043543,1.0476774936493631,1.04063436301509,1509
2026-01-27 05:00:00,1.0426783015231567,1.0462907488996211,1.0477479361968833,1.041129599560263,3206
2026-01-27 06:00:00,1.0404900888526902,1.0425594498792259,1.044231417439944,1.0389755829267329,351
2026-01-27 07:00:00,1.0466266833989715,1.0404125945746239,1.0484819082002417,1.038669295673438,3979
2026-01-27 08:00:00,1.0498838656654736,1.0466927590612927,1.0512537197268759,1.0448526714959818,1962
2026-01-27 09:00:00,1.0485413307683824,1.0499813262548225,1.0512077411184442,1.0471099309271128,4089
2026-01-27 10:00:00,1.0496190084295458,1.048648431898404,1.0511040293997937,1.0475733300225774,1343
2026-01-27 11:00:00,1.0501994793465101,1.049485682056257,1.051531455397772,1.0477833446242422,4889
2026-01-27 12:00:00,1.039903427352845,1.050116487544343,1.0520634633160035,1.0383466323642245,2649
2026-01-27 13:00:00,1.0365041500423198,1.039936932536035,1.0413000092363418,1.0350297569466305,4704
2026-01-27 14:00:00,1.03631347522816,1.0367003725758013,1.0382845771508311,1.0343795821398056,1532
2026-01-27 15:00:00,1.0349761821910626,1.0362764514264364,1.0381341427572104,1.033283825993341,2647
2026-01-27 16:00:00,1.0359028168091766,1.034972716800895,1.037854408710698,1.0333806690467708,3598
2026-01-27 17:00:00,1.0401383754827314,1.0357427506784815,1.0417636621997415,1.0341314044445942,3559
2026-01-27 18:00:00,1.0389326162902792,1.0404287405518113,1.0421069168446073,1.0371093811350363,1338
2026-01-27 19:00:00,1.0349664108048184,1.0389565648355876,1.040193249109924,1.0336280604256354,2071
2026-01-27 20:00:00,1.0361846045242349,1.0351339237413228,1.0380569040951508,1.0338532677695214,1228
2026-01-27 21:00:00,1.0349597670233557,1.0361892458853594,1.0381339942520373,1.0334800234638446,3288
2026-01-27 22:00:00,1.0343745288952735,1.034972996735422,1.0359441648553196,1.0331884951456587,2133
2026-01-27 23:00:00,1.0332803774484494,1.034141992934719,1.036238398697751,1.0317445360389876,136
2026-01-28 00:00:00,1.0416872691984906,1.0329443142596388,1.0430308396882837,1.031351485492178,1533
2026-01-28 01:00:00,1.0332846282197483,1.0418813053601974,1.0436155591893794,1.0317560288208665,1901
2026-01-28 02:00:00,1.031828376083001,1.0332967096218177,1.0348684613025112,1.0303925098254914,2847
2026-01-28 03:00:00,1.0318145422368195,1.0318603254138845,1.0333893582244347,1.0297551403668495,4581
2026-01-28 04:00:00,1.028885257890759,1.0316217722880265,1.033101355183861,1.027051580289932,4919
2026-01-28 05:00:00,1.03225960476124,1.0287454283900725,1.0335006192585374,1.0272271210420925,3407
2026-01-28 06:00:00,1.0353093210564386,1.032424576435773,1.0370249822446396,1.0308427186461946,4531
2026-01-28 07:00:00,1.0351302412371066,1.0355795123726332,1.0370433796883969,1.0331501371572265,184
2026-01-28 08:00:00,1.0341152146545678,1.03503387090059,1.0361788156591047,1.0327453907962623,4315
2026-01-28 09:00:00,1.0336953765261991,1.034219331030157,1.0354489102266065,1.0324442737785022,2661
2026-01-28 10:00:00,1.03330242657502,1.0337248295098065,1.034874136791522,1.0316821368922902,1925
2026-01-28 11:00:00,1.0330085277195482,1.0332837504615793,1.0346706912995516,1.0313307444931124,1892
2026-01-28 12:00:00,1.0323035310888602,1.0332952952949426,1.0349939815102829,1.0306037899853695,1811
2026-01-28 13:00:00,1.0332502160185817,1.0322332904840623,1.0345796624787909,1.0304268248238369,4062
2026-01-28 14:00:00,1.0360747612616863,1.0334430366759606,1.037932062516985,1.032116626004828,2348
2026-01-28 15:00:00,1.0314612857081917,1.0361337747694357,1.0376440771619335,1.0303499221757924,662
2026-01-28 16:00:00,1.0275212960860673,1.0314586825874308,1.0329107536154447,1.0261602107647523,4515
2026-01-28 17:00:00,1.0209643534755042,1.0277314131799709,1.029267994782195,1.0192546951887202,3059
2026-01-28 18:00:00,1.0215540303559334,1.0210088116854357,1.0235139292445192,1.0197590108207533,2015
2026-01-28 19:00:00,1.021404418307762,1.0215392566301686,1.0226511558379463,1.020464879978528,3589
2026-01-28 20:00:00,1.0215607393268813,1.0216157959026755,1.0236557608520416,1.0199841842167445,1819
2026-01-28 21:00:00,1.0193953414408452,1.0217517631451412,1.023574490979925,1.0180396732596513,3017
2026-01-28 22:00:00,1.0210872791883014,1.0195794378594374,1.0226122761556056,1.0185768596427582,138
2026-01-28 23:00:00,1.019906658098527,1.0204924995582911,1.0223843322772186,1.018354018087956,1444
2026-01-29 00:00:00,1.0196585050670606,1.019973982574552,1.0214048266762714,1.0182471771860278,1776
2026-01-29 01:00:00,1.0202337666598746,1.0196909664354894,1.0218515549273384,1.0176476475360638,3986
2026-01-29 02:00:00,1.0185993909529194,1.0202284399064678,1.0215908936466067,1.0170443430327918,3797
2026-01-29 03:00:00,1.0174938017227042,1.018692458002617,1.0205137134518327,1.0157886597812373,3988
2026-01-29 04:00:00,1.0172588078522253,1.0175335597887294,1.0188436094023592,1.0157381777871473,2445
2026-01-29 05:00:00,1.020237775542783,1.0173625365619803,1.0217524099984614,1.016015066717306,1868
2026-01-29 06:00:00,1.0201491252342054,1.0201967713922164,1.0219348419414958,1.0187681331066496,2688
2026-01-29 07:00:00,1.0216267586149623,1.0203787124473596,1.023480456328639,1.01851497140292,1406
2026-01-29 08:00:00,1.0226235663891927,1.0217462436180738,1.0239055819895648,1.0199828962875672,2690
2026-01-29 09:00:00,1.0226151784329862,1.0227067857781174,1.0244717597229744,1.0215379440320844,3353
2026-01-29 10:00:00,1.0209781435070293,1.0226907877709286,1.0239214793946652,1.0198291161805981,4849
2026-01-29 11:00:00,1.0217998478400112,1.0211555199866151,1.0226733852986474,1.0199885456444946,1902
2026-01-29 12:00:00,1.0195521154300335,1.021956097431683,1.0232566186426248,1.0176985391758364,654
2026-01-29 13:00:00,1.021023165578446,1.0195348439981684,1.0228103624781002,1.0185336411264219,1792
2026-01-29 14:00:00,1.020813171948308,1.0211748038606052,1.0227022822732335,1.0190410950252053,4149
2026-01-29 15:00:00,1.0171829036915503,1.020839728392746,1.0222022455111692,1.0155355686442367,2307
2026-01-29 16:00:00,1.016324296377512,1.017475136582437,1.0190165382174292,1.0147550470208235,2141
2026-01-29 17:00:00,1.0166590337626196,1.016491698611869,1.0181908541622413,1.015110972187844,2344
2026-01-29 18:00:00,1.015924605114972,1.0165636979776322,1.0182771254966076,1.014038454647138,1338
2026-01-29 19:00:00,1.0163326120881642,1.0162799217074265,1.0173657009990704,1.0147208263810212,4165
2026-01-29 20:00:00,1.0148625830869094,1.0160126198515085,1.017503751470291,1.013779991257572,3389
2026-01-29 21:00:00,1.0128454042395643,1.014959414359903,1.0165164445652621,1.0116942008831216,4768
2026-01-29 22:00:00,1.012309669755907,1.0127396815539433,1.0138434928326774,1.0112907065105539,580
2026-01-29 23:00:00,1.011897548556655,1.0125953557996734,1.013694555086117,1.0100153176636342,3595
2026-01-30 00:00:00,1.0110294873353802,1.0119358877146436,1.0133418126558855,1.0090809539461514,495
2026-01-30 01:00:00,1.012052236711351,1.0109089829639903,1.013572903172403,1.0090610940363873,532
2026-01-30 02:00:00,1.0105819878611841,1.0120118394979465,1.0135313645285222,1.0091095092374252,4242
2026-01-30 03:00:00,1.010507786589983,1.0104737728664732,1.0118548899281314,1.0093904212282394,1755
2026-01-30 04:00:00,1.0101393505553793,1.0104614549862008,1.0117956466586926,1.0089435510203606,1647
2026-01-30 05:00:00,1.007821291412816,1.0100896678456794,1.0114819196496039,1.0066085417158643,1029
2026-01-30 06:00:00,1.0057884551924137,1.0077079658276975,1.0093067234328426,1.004293559761397,631
2026-01-30 07:00:00,1.005352748411912,1.0058291816016969,1.007712595669288,1.0034262584802418,3349
2026-01-30 08:00:00,1.0072801884103364,1.005411859264266,1.0081201401547148,1.0034828619072171,2664
2026-01-30 09:00:00,1.007525312184615,1.0071296178241511,1.0092249072749189,1.0057659331708824,3030
2026-01-30 10:00:00,1.0050045503944416,1.0072753270367196,1.0087493214847263,1.0041713689940546,855
2026-01-30 11:00:00,1.0008219647162984,1.0050512322015488,1.0067103114705025,0.999671116713023,4914
2026-01-30 12:00:00,1.0012516290279037,1.0009018526640467,1.0031096146307603,0.9990429486441169,138
2026-01-30 13:00:00,1.0006861728483898,1.0013612367004352,1.0026355726928597,0.9991156072940987,2293
2026-01-30 14:00:00,1.0016056920118022,1.000768981758074,1.0033918468319325,0.9993734384012257,2657
2026-01-30 15:00:00,1.0000988305069485,1.0018416228430223,1.0029655210481767,0.9987263045554226,616
2026-01-30 16:00:00,1.0000690855043788,1.0002484010224288,1.0017867870650927,0.9987942527299327,2935
2026-01-30 17:00:00,1.0006344936600122,1.0004713147839412,1.0020626442070957,0.9993317241843888,3032
2026-01-30 18:00:00,0.9996475372941644,1.001099426810162,1.0026127770629696,0.9975266660615574,2699
2026-01-30 19:00:00,0.9986862346098871,0.9993841683661675,1.0005858772403313,0.9966733375901855,1898
2026-01-30 20:00:00,0.9982665500072052,0.9983572351096934,0.9999854727768321,0.9970152826657598,4656
2026-01-30 21:00:00,0.9984677616230776,0.9982654430113127,1.0004406202740992,0.9972930966668121,972
2026-01-30 22:00:00,0.9980005608176633,0.9985432452602481,0.9997492719908417,0.9964529558555207,3746
2026-01-30 23:00:00,0.9987193564229747,0.9979891926435599,1.0002742562536124,0.9965352973904792,1917
2026-01-31 00:00:00,0.9977150341958543,0.9988246523412945,1.0005774001366676,0.9960304495363608,1997
2026-01-31 01:00:00,0.9956709599492986,0.9976746733678596,0.9990795429700831,0.9939221813288183,1267
2026-01-31 02:00:00,0.9975933303910344,0.9955671178513184,0.9994968560581977,0.9944208907856428,3405
2026-01-31 03:00:00,0.9964177699071834,0.997512188476053,0.9988783704012404,0.9945404536671112,1066
2026-01-31 04:00:00,0.9952856394067221,0.9963878862017045,0.9978460907264047,0.9938981600881253,1926
2026-01-31 05:00:00,0.9947566754214355,0.9954115028369802,0.9966072538201269,0.9930831236908807,2469
2026-01-31 06:00:00,0.9943872927530203,0.994684074106891,0.996213418998757,0.9929737112158419,147
2026-01-31 07:00:00,0.9934732723820343,0.994344230350585,0.9958353412238251,0.9917081216747708,4069
2026-01-31 08:00:00,0.9930023517056955,0.993558206382102,0.9952371453391357,0.9922165774425757,1723
2026-01-31 09:00:00,0.9925046370279818,0.9929727557537373,0.994272081475712,0.9907960402625859,4439
2026-01-31 10:00:00,0.9922644202204067,0.9926708478500452,0.9939562284824796,0.9910236688265315,3277
2026-01-31 11:00:00,0.9889854352696219,0.9921280134797087,0.9937487110231722,0.9874801605800922,1375
2026-01-31 12:00:00,0.9907924868380313,0.9888165501687888,0.9926939733203626,0.9869603887365606,3344
2026-01-31 13:00:00,0.9901657408617899,0.9908377318230048,0.992509827753654,0.9889190677277553,2297
2026-01-31 14:00:00,0.9904124880051263,0.9902258027130574,0.9924470167855894,0.9890254265328128,2483
2026-01-31 15:00:00,0.9883087663952854,0.9902842609475393,0.9919313686696882,0.9869365921320911,4230
2026-01-31 16:00:00,0.9872935660817863,0.9885077448595576,0.9901424935573294,0.9859414884002845,3241
2026-01-31 17:00:00,0.9860367870422018,0.9875782748578611,0.9892582723692793,0.9848683815543892,4944
2026-01-31 18:00:00,0.987350455559612,0.9859438002207408,0.9892722850650522,0.9844312962793438,4647
2026-01-31 19:00:00,0.9861974792314089,0.9875704713857579,0.9894159141484782,0.9846713868036783,4264
2026-01-31 20:00:00,0.986657175215737,0.9858449270614363,0.987816040110681,0.9842278980291166,2382
2026-01-31 21:00:00,0.9854266706725292,0.9868162396749763,0.9885310541042176,0.984190818687161,2520
2026-01-31 22:00:00,0.9844335279449444,0.985300009107891,0.9868550271521582,0.9832356699284899,4422
2026-01-31 23:00:00,0.9836888677467036,0.9845775507196496,0.9859958229957447,0.9822483331328499,4363
2026-02-01 00:00:00,0.9847794818988987,0.9835468710165918,0.9857328678452006,0.9821420965282642,1915
2026-02-01 01:00:00,0.9820616587080626,0.9847693930516203,0.9857887256462201,0.9806551025594344,3562
2026-02-01 02:00:00,0.9800328624417333,0.9819425677220145,0.983305460059779,0.9787707456295447,3036
2026-02-01 03:00:00,0.9772460962429055,0.9800015103301879,0.9810379995742897,0.97568346802728,656
2026-02-01 04:00:00,0.9754910936991917,0.9775138574317607,0.9788764945577816,0.9743036712257201,704
2026-02-01 05:00:00,0.9740671736377612,0.9754753228995233,0.9771451685695072,0.9726417748304417,512
2026-02-01 06:00:00,0.9716797961328527,0.9743747542555184,0.9756629228931364,0.9703115840422789,1355
2026-02-01 07:00:00,0.9703488188369152,0.9716236402184104,0.9731034597980648,0.9689030354411269,4687
2026-02-01 08:00:00,0.967481161459795,0.9705653069741547,0.9717059812073537,0.9656859218513434,1654
2026-02-01 09:00:00,0.9658095749912738,0.9672456450369906,0.9687809250908332,0.9647417276358211,4629
2026-02-01 10:00:00,0.9668000794711661,0.9657680254446476,0.9683976591914293,0.9650114055073956,2258
2026-02-01 11:00:00,0.9668343851555035,0.9667223300359604,0.9678719142029876,0.9654444238758191,2345
2026-02-01 12:00:00,0.9666093463621105,0.9670573392463561,0.9682892191693913,0.965493291297328,1354
2026-02-01 13:00:00,0.9649560120945756,0.9666361599015832,0.9677167648493604,0.964380652009972,3342
2026-02-01 14:00:00,0.962662710143722,0.9646544941241109,0.9662455488182314,0.9607143720783163,2987
2026-02-01 15:00:00,0.9608457228530808,0.9624738852724534,0.9639624293573997,0.9592431157131042,1593
2026-02-01 16:00:00,0.9603438710608055,0.9606998472553838,0.9621260409369009,0.9587111451959173,3945
2026-02-01 17:00:00,0.9609356831964776,0.9604785053994325,0.9623401056290237,0.9591193967403356,3536
2026-02-01 18:00:00,0.96156852409704,0.9610517936751696,0.963104005401138,0.9594880474583577,3584
2026-02-01 19:00:00,0.96187525893202,0.9615251820796856,0.9634170059307141,0.9602043273935478,2286
2026-02-01 20:00:00,0.9605401906951384,0.961796229076756,0.9630942327326751,0.9588647240105221,3271
2026-02-01 21:00:00,0.9601196504940231,0.9606433634592518,0.9619004682406367,0.9586250133589147,1807
2026-02-01 22:00:00,0.9592840394579785,0.9599571204728078,0.9613790685872937,0.9578556248622115,4996
2026-02-01 23:00:00,0.9585926117417848,0.9593498471731114,0.9607331725493005,0.9571435279688418,2258
2026-02-02 00:00:00,0.9605871652181366,0.9586462871427758,0.9626218854350564,0.9567830987927132,1443
2026-02-02 01:00:00,0.9580227649337323,0.9605477057559608,0.9618744059527209,0.9565376387298851,2332
2026-02-02 02:00:00,0.9572911527546256,0.9580798689733698,0.9595989939146659,0.9561509067599469,4712
2026-02-02 03:00:00,0.958295251443261,0.9573058282346882,0.9598666428627989,0.9557717343084494,4719
2026-02-02 04:00:00,0.9560861816492208,0.9583665878290739,0.9602024236779438,0.9545117828722779,1842
2026-02-02 05:00:00,0.9548636847389013,0.9558950987723067,0.9570950230869316,0.9534728426673025,4436
2026-02-02 06:00:00,0.9537788385418201,0.9549515995866918,0.9567655861696647,0.9523630786954379,1597
2026-02-02 07:00:00,0.9530608908753553,0.9539256005784705,0.9553130488275716,0.9519361502039922,1052
2026-02-02 08:00:00,0.9506957422838278,0.9531066599477068,0.9552461090390746,0.9492420118492784,1186
2026-02-02 09:00:00,0.9509600855562335,0.9507815021253923,0.9524899717557933,0.9497015389826509,1464
2026-02-02 10:00:00,0.9513096302952493,0.9509444004604524,0.9523858671059816,0.9495890055722421,1534
2026-02-02 11:00:00,0.9514696806852708,0.9514368416820803,0.9528406080565076,0.9502006892591762,1566
2026-02-02 12:00:00,0.9499752322761216,0.9514789781586045,0.9532847678449521,0.9482701484602022,1978
2026-02-02 13:00:00,0.9496290452250663,0.9498117145185168,0.9512593882409374,0.9477630403326354,156
2026-02-02 14:00:00,0.9480997169375834,0.9497456922307072,0.951150882556494,0.9470030474328615,1949
2026-02-02 15:00:00,0.9472506009446576,0.947867525035336,0.9494927220854184,0.9458310380515501,2699
2026-02-02 16:00:00,0.9493847624572627,0.9472908709617115,0.9507105789357677,0.945955188954426,2063
2026-02-02 17:00:00,0.9490495969103782,0.9493300654761185,0.9506936410008243,0.9474937899887497,2465
2026-02-02 18:00:00,0.9471745650191935,0.9489859289135706,0.9501382592606906,0.9457264558761105,1202
2026-02-02 19:00:00,0.9469409674279902,0.9471989944981798,0.9491105333161731,0.9456306024801158,710
2026-02-02 20:00:00,0.9448688123167142,0.9468404397844229,0.9479111808226937,0.9434249345148503,4511
2026-02-02 21:00:00,0.9429799998456961,0.9449412623207827,0.9464036734217905,0.9416262533988807,4952
2026-02-02 22:00:00,0.9412806520825576,0.9429880190814047,0.9445354518716315,0.9394199846081588,2097
2026-02-02 23:00:00,0.9402974807399228,0.9411935860904493,0.9426001814774586,0.9391109133393395,3830
2026-02-03 00:00:00,0.9409718435346298,0.9404863591344739,0.9420293464240683,0.9390022150468855,788
2026-02-03 01:00:00,0.9412159213722501,0.941000755232615,0.9423457294729358,0.9394450288091774,997
2026-02-03 02:00:00,0.9413935157661468,0.9413049961585198,0.9429531742514418,0.9397690720015619,2646
2026-02-03 03:00:00,0.9396248062874382,0.9415931750527279,0.9427827740788789,0.9382993403951227,3556
2026-02-03 04:00:00,0.9385252290609154,0.939821921719593,0.9406463174316781,0.9367321933350164,3536
2026-02-03 05:00:00,0.9384016303891752,0.9386068398031916,0.9401233845754845,0.937582091492912,1769
2026-02-03 06:00:00,0.9371976464067091,0.9383590828061275,0.939519569090759,0.9360994202867121,4395
2026-02-03 07:00:00,0.9364136066783478,0.9369968272946837,0.9385787723996719,0.9348225734915684,3200
2026-02-03 08:00:00,0.9364932371093838,0.9364426413448237,0.9378413318703747,0.9352851659359054,1651
2026-02-03 09:00:00,0.9356247098919422,0.9366468551293247,0.9379801730179447,0.934484700755828,2405
2026-02-03 10:00:00,0.9354459813988647,0.935674426248035,0.937092255019647,0.9341739232963134,1560
2026-02-03 11:00:00,0.9369072555460882,0.9349618930305799,0.93799261763101,0.9337773546269691,780
2026-02-03 12:00:00,0.9362510249873038,0.9370294450337271,0.9382019721814054,0.9346677058780746,128
2026-02-03 13:00:00,0.9372162303589668,0.936381977406267,0.9385489731933593,0.9347218662079319,2354
2026-02-03 14:00:00,0.9374374744397357,0.937173873813087,0.9385218056690083,0.9357428805713296,130
2026-02-03 15:00:00,0.9352267840475516,0.9375761257863892,0.9391792403806769,0.933528049422676,4812
2026-02-03 16:00:00,0.9334542196124354,0.935314710592427,0.9366288146599386,0.9324422902233448,4400
2026-02-03 17:00:00,0.9320039045527515,0.9333583853613847,0.9343511270465717,0.9305846804039818,3765
2026-02-03 18:00:00,0.9305281026524321,0.9321813517650877,0.9334210862665783,0.9287560179185591,3776
2026-02-03 19:00:00,0.929969754957104,0.9303512953718929,0.931774484601679,0.9283022664189844,3170
2026-02-03 20:00:00,0.9302573278148022,0.9299617671158972,0.9315282201325501,0.9281655441962787,3689
2026-02-03 21:00:00,0.9313135179148478,0.9302353950583679,0.9328221943736233,0.9290032800325859,4233
2026-02-03 22:00:00,0.931233328021318,0.931198216587217,0.9327905465473985,0.9295451312753988,2611
2026-02-03 23:00:00,0.9302485125540542,0.9312757185903435,0.9333413447919664,0.9289722421454382,4160
2026-02-04 00:00:00,0.9272998230616983,0.9304307782813621,0.9321418256652533,0.9257433077723687,1263
2026-02-04 01:00:00,0.9269345305521991,0.927473309315635,0.9284086686583747,0.9251795996588921,4452
2026-02-04 02:00:00,0.926515454784633,0.927035103464054,0.928324748356831,0.9253463963792425,3562
2026-02-04 03:00:00,0.9262849692888798,0.9262798186555528,0.9276003009963972,0.9254060809750025,633
2026-02-04 04:00:00,0.9283624576461238,0.9260989320946788,0.9299151636090519,0.9241918253159194,991
2026-02-04 05:00:00,0.9294011735015555,0.9283856233123593,0.9305349724649054,0.9268554217490955,734
2026-02-04 06:00:00,0.9298932466034555,0.9293963982615304,0.9311398841334413,0.928031430159132,1287
2026-02-04 07:00:00,0.9282887540473695,0.9298238923180828,0.930869773384211,0.9269414377674227,4014
2026-02-04 08:00:00,0.9272231603483334,0.9285537530168639,0.9297770573391348,0.9264154169048594,4150
2026-02-04 09:00:00,0.9266593468200192,0.9272378747933921,0.9284708046321245,0.9252113309839156,4977
2026-02-04 10:00:00,0.9252788582712067,0.9267346292763012,0.9280356622653625,0.9240382162296795,731
2026-02-04 11:00:00,0.9254294157011889,0.9254159921797599,0.9264881496880858,0.9240132795255375,2856
2026-02-04 12:00:00,0.9254077063202477,0.9254370445471171,0.9270977883627114,0.9240111847784352,4126
2026-02-04 13:00:00,0.923651736968582,0.9257666921810456,0.9272830181328865,0.923202221202181,4824
2026-02-04 14:00:00,0.9246379170194974,0.9235213113855401,0.9256229810120791,0.9219984424290251,581
2026-02-04 15:00:00,0.924310689420068,0.9245538872521334,0.9259475554058559,0.922871823428243,3347
2026-02-04 16:00:00,0.9217858040439773,0.9241803269156479,0.9251301567033566,0.9203137296272494,491
2026-02-04 17:00:00,0.9212741926139633,0.9220017495566513,0.9237546365136552,0.9199429752834629,518
2026-02-04 18:00:00,0.9211616403610707,0.9213850202249041,0.9232128191004669,0.9197663780005452,4190
2026-02-04 19:00:00,0.9218789911947937,0.9210863940286177,0.9232463947695073,0.9196557830073868,4638
2026-02-04 20:00:00,0.9210240195110417,0.9217596435611104,0.9229055875866009,0.9195667026153972,1008
2026-02-04 21:00:00,0.9215675454319784,0.9212154600319415,0.9227662460340049,0.9197016232712528,4212
2026-02-04 22:00:00,0.9213421158161026,0.9216175311507157,0.9228741288174042,0.9198819462799727,4566
2026-02-04 23:00:00,0.9193140502852575,0.9215366083744012,0.9228861171161475,0.917424934699618,2725
2026-02-05 00:00:00,0.9171658501570784,0.9193057752456906,0.9210586084087096,0.915989864225426,939
2026-02-05 01:00:00,0.9180629220012576,0.9172362933990015,0.9197032071613321,0.9159624685921117,3745
2026-02-05 02:00:00,0.9190481030153157,0.9181043105498113,0.9206943951239915,0.9162589658764371,2787
2026-02-05 03:00:00,0.9189855940918014,0.9189620706165058,0.9204111001749631,0.9176262154931115,1822
2026-02-05 04:00:00,0.9203304421572174,0.9189656950531897,0.9213924266240613,0.9173279749852947,4339
2026-02-05 05:00:00,0.9211483739760673,0.9201668042922332,0.9223172955912474,0.9187476357035821,3117
2026-02-05 06:00:00,0.921518728451443,0.9212166732798553,0.9229177932784832,0.919897375049317,1395
2026-02-05 07:00:00,0.9199751546649626,0.9216237779414168,0.9226722459992056,0.9183229947744451,2124
2026-02-05 08:00:00,0.9216028691662014,0.9201120349754057,0.9230693189377726,0.918586296756756,1614
2026-02-05 09:00:00,0.9217964308848513,0.9216950319717339,0.9234017735277158,0.9207365507633556,2682
2026-02-05 10:00:00,0.9208834243553173,0.9217787208964203,0.9233107058925542,0.9194541691238642,1427
2026-02-05 11:00:00,0.919631500348951,0.9210975105192418,0.9226163342156474,0.9185265801165908,3219
2026-02-05 12:00:00,0.9194896408867677,0.9197545706105924,0.9206189968028421,0.917759762930786,2295
2026-02-05 13:00:00,0.9170343699849615,0.9196806425892079,0.9214230140720752,0.9151763877283045,363
2026-02-05 14:00:00,0.9174239779153849,0.9172340867681881,0.9183687268169367,0.9153421826922494,127
2026-02-05 15:00:00,0.9158296929377521,0.9174067237313219,0.9187385005910447,0.9143577219476621,570
2026-02-05 16:00:00,0.9158244226683412,0.9158829773597031,0.9174266571788706,0.9145775005118616,887
2026-02-05 17:00:00,0.9147484782635114,0.9159307025167792,0.9174012331965355,0.9132880571589523,503
2026-02-05 18:00:00,0.9139811758082417,0.9145909341691902,0.9156115304282975,0.9128678712056207,3341
2026-02-05 19:00:00,0.9126228839609236,0.9138269005822333,0.9148951277789239,0.9106117828711062,3015
2026-02-05 20:00:00,0.9119794086435067,0.9124451421409399,0.9138916522764374,0.9102846708249404,202
2026-02-05 21:00:00,0.9137966640987275,0.911964591418465,0.9153074016357118,0.9105104138731894,2123
2026-02-05 22:00:00,0.9150087356511859,0.9137509158955894,0.9160773183976725,0.9121047101749812,1539
2026-02-05 23:00:00,0.9149841103971804,0.9148116932792878,0.9164643513707298,0.9135741930419762,2550
2026-02-06 00:00:00,0.9145037572785025,0.9150045986962421,0.9159606373450144,0.9134359711937783,2967
2026-02-06 01:00:00,0.915066798707334,0.9144906326241001,0.9166108062690435,0.9137256148345186,2551
2026-02-06 02:00:00,0.9159727631802631,0.9152292336766332,0.917103849814324,0.9138324512124908,2054
2026-02-06 03:00:00,0.9145269811216141,0.9162489017323081,0.9176427817228734,0.9132122995009594,298
2026-02-06 04:00:00,0.9139840544804555,0.9145895593715342,0.9159365714241079,0.9124706917619603,3983
2026-02-06 05:00:00,0.9113477046049738,0.9138888235864647,0.9155731738608597,0.9099771089154033,4000
2026-02-06 06:00:00,0.912245427137287,0.9114362003083518,0.9136800598814292,0.9099381422688791,4312
2026-02-06 07:00:00,0.914273456246528,0.9122467029496656,0.9154805435539121,0.9106528271581332,3533
2026-02-06 08:00:00,0.9139195553960757,0.9142405379717518,0.9157100089465182,0.9129490224825044,1704
2026-02-06 09:00:00,0.9109195432461921,0.9138018280011109,0.9157536771427749,0.9093157146132285,3470
2026-02-06 10:00:00,0.9112002118660845,0.9108560936364783,0.9127693322326886,0.9096004361225792,4517
2026-02-06 11:00:00,0.9096653048667056,0.9111759523189136,0.9125243036223378,0.9081595598515845,267
2026-02-06 12:00:00,0.9084192855367083,0.9097748733672166,0.9109103212655706,0.9067780734398432,2585
2026-02-06 13:00:00,0.9087211772044574,0.9084889425017597,0.9099161933056135,0.9068453128169065,3293
2026-02-06 14:00:00,0.9085766421550727,0.9089699785807485,0.9105181912496096,0.907178573622185,4926
2026-02-06 15:00:00,0.9075409116246664,0.908668440563615,0.9097885813088507,0.9061310080228967,2552
2026-02-06 16:00:00,0.9063113848655444,0.9075985931227671,0.9089587912564986,0.9047094127251909,4409
2026-02-06 17:00:00,0.9060123881318094,0.9062697675898334,0.9080195363352287,0.905061394809042,3826
2026-02-06 18:00:00,0.9050710294687946,0.905871541478457,0.9072699827620537,0.9039717969150559,3970
2026-02-06 19:00:00,0.903289944908471,0.9049938126164403,0.90605631686491,0.9020106849294494,574
2026-02-06 20:00:00,0.902440869090697,0.9031952104568141,0.905138485433124,0.9014480381407827,2570
2026-02-06 21:00:00,0.9023983802386032,0.9020942253660305,0.9042291069557573,0.9008141868259982,3758
2026-02-06 22:00:00,0.9017346560784196,0.9022619525035678,0.9037501329691368,0.900470338140984,711
2026-02-06 23:00:00,0.8995884457605218,0.901950855486771,0.903644534603709,0.8982155550682349,4812
2026-02-07 00:00:00,0.9003253233061724,0.8996382247764072,0.9016037007208116,0.8983031008689584,3452
2026-02-07 01:00:00,0.8965887495818404,0.9002746852482747,0.9018144296929251,0.8949562366992131,4269
2026-02-07 02:00:00,0.8956031113958063,0.896642281547121,0.8978718891440187,0.8941057512925429,3200
2026-02-07 03:00:00,0.8944088732503416,0.8953410400446773,0.8963189647856342,0.8930863192413749,4481
2026-02-07 04:00:00,0.8941366879037873,0.894446708338021,0.8964831732994447,0.8928848775014719,4510
2026-02-07 05:00:00,0.8943606820731506,0.8943080687315591,0.8953248373928722,0.8929792879395346,471
2026-02-07 06:00:00,0.8952627998430638,0.894344417482866,0.8966856118604865,0.8930095433273656,4692
2026-02-07 07:00:00,0.8939579139950412,0.8950251872339878,0.8964427926225229,0.8919414784881502,2695
2026-02-07 08:00:00,0.8942118127998414,0.8939023914176422,0.895691556005697,0.8929520751137782,2495
2026-02-07 09:00:00,0.8939967948652991,0.8943833612183376,0.8957003031766779,0.8929042257489093,1308
2026-02-07 10:00:00,0.8914929476150792,0.8940313798425744,0.8953474240610958,0.8904426599648848,2081
2026-02-07 11:00:00,0.8933235959216002,0.8913028961339773,0.8947006752556995,0.889890746715432,2770
2026-02-07 12:00:00,0.8911470657689119,0.893640081790979,0.8951050924063629,0.8897489433515775,2710
2026-02-07 13:00:00,0.8912004624956835,0.8909794565594781,0.8925367775667831,0.8897958724199561,3562
2026-02-07 14:00:00,0.8912184144287209,0.8911679876666159,0.8925369646367668,0.8895915690750429,3428
2026-02-07 15:00:00,0.8910991785675157,0.8910797523567651,0.8920826553398818,0.8896442833104358,3759
2026-02-07 16:00:00,0.8900556863089218,0.8909608636448555,0.8928336340340913,0.8884701143236379,2934
2026-02-07 17:00:00,0.8905983894902905,0.8899952835505999,0.892077414914412,0.8883378476138062,4958
2026-02-07 18:00:00,0.8882759485215588,0.8906831510232863,0.8920712350015336,0.8875114213739967,4404
2026-02-07 19:00:00,0.88774695397515,0.8884477983254842,0.8896131080749248,0.8862327373100002,4792
2026-02-07 20:00:00,0.8866203043632871,0.8876955962938166,0.8887585793340231,0.8856335120493473,3648
2026-02-07 21:00:00,0.8853575468328067,0.8864861536304248,0.8880426085982599,0.8839632647077087,1311
2026-02-07 22:00:00,0.8854220441777509,0.8854211165031338,0.8867077135400809,0.8841123465558289,4826
2026-02-07 23:00:00,0.8862650184290146,0.8854895727303471,0.8877595443013058,0.8841682084199801,4586
2026-02-08 00:00:00,0.8854031115148103,0.8862969429223296,0.8872658882089176,0.8843949794906499,1554
2026-02-08 01:00:00,0.8858899288227212,0.8854397527832948,0.8876298666542441,0.8838370485967489,4431
2026-02-08 02:00:00,0.8854996176212547,0.8858749771909421,0.8874426774296902,0.8845141880375214,2658
2026-02-08 03:00:00,0.8839783389701691,0.8855126321056616,0.8868171023147661,0.8824533348251771,3644
2026-02-08 04:00:00,0.8837848749002383,0.8839542578921712,0.8854039192860979,0.8828388425082947,1776
2026-02-08 05:00:00,0.8835602604821445,0.8839267186241743,0.8854484756163762,0.8822396531601475,1362
2026-02-08 06:00:00,0.8830377655477655,0.883855432566862,0.884825807919838,0.8812352052084569,2070
2026-02-08 07:00:00,0.8833591277442574,0.8830615702854737,0.8851288035456585,0.8811106812234956,1022
2026-02-08 08:00:00,0.883535112385036,0.8833582567224799,0.8849885084716893,0.882462012538331,792
2026-02-08 09:00:00,0.8823421251113339,0.8835689759742066,0.8847061114292704,0.8812051050530277,2234
2026-02-08 10:00:00,0.8811034806149044,0.8822551705330111,0.8832869625362832,0.8799199810028163,4744
2026-02-08 11:00:00,0.8814219939548087,0.8812046209290831,0.8830051418435726,0.8792861917903323,291
2026-02-08 12:00:00,0.8808105291332128,0.8814802828787572,0.8828572960457293,0.8795073681846275,1703
2026-02-08 13:00:00,0.8810370599995381,0.8807549616578261,0.882486172373739,0.8791493604017225,1491
2026-02-08 14:00:00,0.88162275868312,0.8811563523951662,0.8829522452445888,0.8797546496680154,1117
2026-02-08 15:00:00,0.8806695440550658,0.8816252672397146,0.882681345807532,0.8796653727174559,459
2026-02-08 16:00:00,0.8796108911141337,0.8805415531974359,0.8819951852583376,0.8787822454330109,961
2026-02-08 17:00:00,0.8808667148759302,0.87965734861205,0.8821358143095153,0.8784980641743312,2670
2026-02-08 18:00:00,0.881130392963152,0.8808980380705775,0.8824463547393535,0.8789639022574296,2192
2026-02-08 19:00:00,0.8808159624706471,0.881257285708213,0.8832066202297254,0.8794266655654625,3121
2026-02-08 20:00:00,0.8801155071311624,0.8809257410754974,0.8824753787036689,0.878516942608782,4295
2026-02-08 21:00:00,0.879732676494482,0.8801010936353342,0.8816652842624386,0.8787873797771553,645
2026-02-08 22:00:00,0.878839747242397,0.8796704431799008,0.8817059739580697,0.877607233005359,1718
2026-02-08 23:00:00,0.8795023063729649,0.8788399772872266,0.8809230299147903,0.8773152253195252,4382
2026-02-09 00:00:00,0.8789197430077601,0.8795502042750375,0.8809001478847007,0.877889077848068,1255
2026-02-09 01:00:00,0.8797398939489223,0.878983579711509,0.8808802460493889,0.8776808522704058,574
2026-02-09 02:00:00,0.8794394222590948,0.87977965501565,0.8809794165656162,0.8783523734273844,1273
2026-02-09 03:00:00,0.8786569096213818,0.8794274599677805,0.8802058347714558,0.8771210785724155,2041
2026-02-09 04:00:00,0.8783371834303714,0.8787882408394462,0.8803140240773293,0.8769146680851109,1353
2026-02-09 05:00:00,0.8763690583472453,0.8782485428329762,0.8792300093120731,0.874874835408953,2554
2026-02-09 06:00:00,0.8762784819147398,0.8766949555312116,0.8782466876888351,0.8747350728988661,1100
2026-02-09 07:00:00,0.8761508925213921,0.876378766633934,0.8776816837877676,0.87489650942722,2952
2026-02-09 08:00:00,0.8767694495813031,0.8760026108079398,0.8781182871463324,0.8744235757561796,4341
2026-02-09 09:00:00,0.8753547208853155,0.8767937707866953,0.8780956767777235,0.87419658671285,1663
2026-02-09 10:00:00,0.8762261206559632,0.8754562777075405,0.8779048142228753,0.8739774568374272,2757
2026-02-09 11:00:00,0.8768415701272114,0.8761801694527075,0.8784749792837617,0.8753833712281467,3594
2026-02-09 12:00:00,0.8777806027999854,0.8766447088607082,0.8790896656095439,0.8755245790522296,425
2026-02-09 13:00:00,0.8777410617679823,0.8776437984368838,0.8788209455228648,0.8757173841754046,1772
2026-02-09 14:00:00,0.8785014843935594,0.8778124961864253,0.8800627280052845,0.8763337178170257,3208
2026-02-09 15:00:00,0.8773980513673791,0.87827055983247,0.8793301298552718,0.8759210359202428,1338
2026-02-09 16:00:00,0.8779328370412826,0.8772071872886075,0.8788402171614894,0.8761072856207984,2118
2026-02-09 17:00:00,0.8773544649697076,0.8780034861956085,0.8794506867377335,0.876326436401005,2320
2026-02-09 18:00:00,0.8761159135953904,0.8773252181331419,0.8789596535268492,0.8748712227690405,4689
2026-02-09 19:00:00,0.8752728082067671,0.8760245639470647,0.8772311051496615,0.8739775257156321,655
2026-02-09 20:00:00,0.8752769565607391,0.8752078540595339,0.8766960914988902,0.8733922319208012,3207
2026-02-09 21:00:00,0.8746587321545759,0.8750839875390224,0.8762869038185049,0.8730793767774624,4834
2026-02-09 22:00:00,0.8749407873033478,0.874722312364454,0.8764427089129809,0.8733813095522661,4536
2026-02-09 23:00:00,0.8735846091370948,0.8748350996979085,0.8764324569357935,0.8722570105151465,2795
2026-02-10 00:00:00,0.8719892859793829,0.8735145336123602,0.8747537528461238,0.8704829748642208,2002
2026-02-10 01:00:00,0.8730185765549905,0.8720346984593299,0.8740589694260175,0.8710705705812792,805
2026-02-10 02:00:00,0.8736964266520416,0.8729849443708845,0.8746250705627123,0.8721780026961561,1382
2026-02-10 03:00:00,0.8729094540251062,0.8736041618716731,0.8751559387079636,0.8714054166989238,4000
2026-02-10 04:00:00,0.8729072042925033,0.8726489647550906,0.8739189299753113,0.871320745836728,231
2026-02-10 05:00:00,0.8736718345876543,0.8729553557344285,0.8750798504699325,0.8719887557238846,3629
2026-02-10 06:00:00,0.8739862350438723,0.8736821904026075,0.8755010473194915,0.8729204801575599,4654
2026-02-10 07:00:00,0.8740974023660099,0.8739183979889557,0.8752770924686062,0.872372853891853,2209
2026-02-10 08:00:00,0.8749187679269943,0.8739612563739293,0.8761875197812081,0.8727857737423647,4064
2026-02-10 09:00:00,0.8743707335705934,0.8749204417976677,0.8764940582036432,0.8729541846020001,4920
2026-02-10 10:00:00,0.8743941174070918,0.874433751822741,0.8755333390308405,0.8731517152955954,3832
2026-02-10 11:00:00,0.8743807309283725,0.8744069391794079,0.8754798799863573,0.8730781412014795,2553
2026-02-10 12:00:00,0.8741761593926193,0.8745955246022031,0.8758453190760265,0.8730202145924645,2865
2026-02-10 13:00:00,0.8738838052590537,0.8742685430462472,0.875914392908113,0.8725930378125364,1142
2026-02-10 14:00:00,0.8739384564374251,0.873869741436385,0.8756716680760473,0.8724075358036896,746
2026-02-10 15:00:00,0.8739642620594142,0.874035240824665,0.8753202873688851,0.8727256087281077,3977
2026-02-10 16:00:00,0.8731779413275134,0.8739706356836241,0.87509385992647,0.8719553586730081,2645
2026-02-10 17:00:00,0.8737792882599387,0.8731838646014456,0.8753688975858461,0.8717139394611341,4650
2026-02-10 18:00:00,0.873046999354114,0.8739490562384358,0.8748214146878858,0.8715608516337818,3740
2026-02-10 19:00:00,0.8728833242707036,0.8729294143922052,0.8743035799942596,0.8718718681560621,1385
2026-02-10 20:00:00,0.8726618639161635,0.8728863754868414,0.8741838717673822,0.8713604394134333,4816
2026-02-10 21:00:00,0.8729304416256579,0.8728176440278664,0.874578663801347,0.8716454109156965,132
2026-02-10 22:00:00,0.8713411136704949,0.872970827052219,0.8746424998251006,0.8700305160890547,568
2026-02-10 23:00:00,0.8720092960316921,0.8712928410253995,0.8730707418764481,0.8696096973443376,3085
2026-02-11 00:00:00,0.871501553270983,0.8717862578988442,0.8731373497292605,0.8701004487713859,3061
2026-02-11 01:00:00,0.8724165257420657,0.8712044500422523,0.8735758091333293,0.8693293883463412,3690
2026-02-11 02:00:00,0.8720579020486786,0.872688108273958,0.8739194555878625,0.8706923654521349,3270
2026-02-11 03:00:00,0.8720212693593781,0.8720982563791755,0.8735678008644716,0.8707567840633932,1378
2026-02-11 04:00:00,0.8734566088894294,0.8719447449778667,0.8746790391574978,0.8706397175985504,827
2026-02-11 05:00:00,0.8732486052328342,0.8735023833005827,0.8748630597487617,0.8719013669297778,4821
2026-02-11 06:00:00,0.8741777426463393,0.8731243398869862,0.8757400570664715,0.8717284044132669,1757
2026-02-11 07:00:00,0.8742070264605127,0.8741343118737585,0.8759157065077534,0.8730831567834383,921
2026-02-11 08:00:00,0.8745185905832329,0.8740835959805673,0.8759061053151181,0.8728329889712992,438
2026-02-11 09:00:00,0.8745710595252915,0.8743331893567952,0.8759138143796226,0.8732113935296006,4025
2026-02-11 10:00:00,0.8752069482450165,0.8742947149077092,0.8762290262549935,0.8727115647735485,4238
2026-02-11 11:00:00,0.8746927995353767,0.8749973293324504,0.876725494478551,0.8738860708801991,4393
2026-02-11 12:00:00,0.8739547631431123,0.8748266834312517,0.8762675816687634,0.8726026931563861,4278
2026-02-11 13:00:00,0.8734758310003296,0.8738254605119372,0.875171371064582,0.8725634426388401,937
2026-02-11 14:00:00,0.8735506137825726,0.8735459193002155,0.874883228143322,0.8721223188471121,170
2026-02-11 15:00:00,0.8733849996934099,0.8736759420046156,0.8750805163043229,0.8721794414617451,2556
2026-02-11 16:00:00,0.8739177058507632,0.8733871730854789,0.8754309268218335,0.8725526152085085,2588
2026-02-11 17:00:00,0.8748962546256294,0.8738785235503912,0.8764436531489596,0.8723188729730568,237
2026-02-11 18:00:00,0.8741643758727031,0.8749136972103744,0.8766473754643541,0.8735130501208388,4394
2026-02-11 19:00:00,0.8736139142789927,0.874109781070328,0.8754838067591082,0.8723117279574619,3245
2026-02-11 20:00:00,0.872536734715258,0.873771482537454,0.8755394691406942,0.8710470028801096,3440
2026-02-11 21:00:00,0.8740595144583274,0.872782765058293,0.8756479576588436,0.8711106721508088,2777
2026-02-11 22:00:00,0.8742880165826687,0.8742496474247664,0.8755836769637496,0.8733605376377771,4967
2026-02-11 23:00:00,0.8746478683227075,0.8740057375531404,0.8755223306620075,0.8728291674998525,3913
2026-02-12 00:00:00,0.8736427120339342,0.8745905975362812,0.8759234868589205,0.8720482302948916,2933
2026-02-12 01:00:00,0.873641834542179,0.8736432570735794,0.87536218524796,0.8720296401784459,2556
2026-02-12 02:00:00,0.8740237705304889,0.8737025430918605,0.8751315266650391,0.8720556873517117,4190
2026-02-12 03:00:00,0.873834202262588,0.8737973625523224,0.8751665711705104,0.8718150920265596,1834
2026-02-12 04:00:00,0.8746409814812078,0.8736054691714487,0.8759962951221322,0.8724269847913693,4319
2026-02-12 05:00:00,0.87637485482544,0.8748127671327751,0.8779371139242211,0.8734003010078148,769
2026-02-12 06:00:00,0.8756645577051195,0.8763014146798147,0.8775130336681336,0.8744419192539576,276
2026-02-12 07:00:00,0.874897992270637,0.875469358382239,0.8765535187418342,0.8741040521998593,350
2026-02-12 08:00:00,0.8742396752214906,0.8747532652834413,0.876214120344942,0.8729519209439799,1895
2026-02-12 09:00:00,0.875444324591503,0.8742909510430483,0.8765622528943529,0.8735015710779849,2691
2026-02-12 10:00:00,0.8762260910792753,0.8753362139298976,0.8770579349119354,0.8741587838558842,4491
2026-02-12 11:00:00,0.87612444521593,0.8762578451990316,0.8780557503162396,0.8751961453130996,4602
2026-02-12 12:00:00,0.8761518649642307,0.8759958181453057,0.8777097586547303,0.874566238698738,253
2026-02-12 13:00:00,0.8755394572445832,0.8759227975593024,0.8777308008409967,0.8744306372031652,3853
2026-02-12 14:00:00,0.8762069776128906,0.8757266650202513,0.8777510329011243,0.8748816180745588,1086
2026-02-12 15:00:00,0.8759220512448092,0.8762592951114727,0.8777519621796811,0.8743806933143577,2026
2026-02-12 16:00:00,0.8757269938402179,0.8758782100490486,0.8772888842386206,0.8745720198010115,4305
2026-02-12 17:00:00,0.8761835861688648,0.8756584725527687,0.8774489630700577,0.8744577774070544,4920
2026-02-12 18:00:00,0.8760425899653024,0.8763760834358697,0.8778247354737228,0.8749854931820195,3989
2026-02-12 19:00:00,0.875866365470179,0.876120305155959,0.8772887373865595,0.8742506347669114,1001
2026-02-12 20:00:00,0.8758742968743258,0.8760170350788385,0.8770498934192572,0.8744894032372074,286
2026-02-12 21:00:00,0.8764708134346706,0.8757975584349507,0.8776981637852224,0.8746440584583515,4988
2026-02-12 22:00:00,0.8777056832412835,0.8764774839812105,0.8793623068033398,0.8756649134208844,1253
2026-02-12 23:00:00,0.8781447979154681,0.8777586615741549,0.8791373456560294,0.875780034268017,1227
2026-02-13 00:00:00,0.8787472835831863,0.8780722921551292,0.8797447012978639,0.8762323621075924,2656
2026-02-13 01:00:00,0.8785973930366104,0.878734693443898,0.8802084463401043,0.8768991252467071,924
2026-02-13 02:00:00,0.878066544639234,0.8785205257294268,0.8797282855292583,0.8769346742840439,3362
2026-02-13 03:00:00,0.8785570343134103,0.8781191340789949,0.8800028303909951,0.8769333317356129,4305
2026-02-13 04:00:00,0.8786854649318607,0.878382870836627,0.8802644251305827,0.876959224980467,1795
2026-02-13 05:00:00,0.8776184934452984,0.8787607606518488,0.8801987032250699,0.876537404448677,2397
2026-02-13 06:00:00,0.8773724412277292,0.8776593851253487,0.8788090293331441,0.876316804047406,4509
2026-02-13 07:00:00,0.8773102684601181,0.8773456865287704,0.8789993112326536,0.8756104205364489,4470
2026-02-13 08:00:00,0.8769274250598467,0.8773693975470765,0.8788800250046065,0.8756265401505026,557
2026-02-13 09:00:00,0.8780387267557532,0.876879360280829,0.8793628516143671,0.8758572886925755,3765
2026-02-13 10:00:00,0.8783986060334299,0.8779504304693969,0.8797105164483873,0.8763817860621305,197
2026-02-13 11:00:00,0.8794284872218464,0.8784703312738952,0.8808462998606466,0.8773025993022086,867
2026-02-13 12:00:00,0.8796260561680855,0.8795059401439869,0.8808631665547836,0.8787088286118692,3173
2026-02-13 13:00:00,0.8796870970454044,0.8795591203055162,0.8805761427741969,0.878539073633667,697
2026-02-13 14:00:00,0.8789846486821967,0.8796089044662923,0.8811251945822317,0.8778023686481,1001
2026-02-13 15:00:00,0.8789935958320941,0.8789605238041318,0.880494233833092,0.8775840305410557,2289
2026-02-13 16:00:00,0.8790033862763507,0.8789208136063841,0.8797150979229974,0.8775570211424781,2136
2026-02-13 17:00:00,0.877978050863325,0.879204239441865,0.8806557152514658,0.8763376971986708,2851
2026-02-13 18:00:00,0.8775734052609973,0.8780197104638532,0.8797985035438972,0.8763194492790972,4610
2026-02-13 19:00:00,0.87733094331211,0.8775753266464978,0.8785945294554346,0.8761375064519769,2173
2026-02-13 20:00:00,0.8776410529701518,0.877208153652904,0.8789382175158937,0.8755638808600837,1600
2026-02-13 21:00:00,0.8779870655541411,0.8777383764465637,0.8792561127170815,0.8761636099649284,1138
2026-02-13 22:00:00,0.8775510766926672,0.8779065583733726,0.8796600138726398,0.8762909460690489,4397
2026-02-13 23:00:00,0.8779027288945735,0.8774651193958157,0.8795148077286189,0.8760713532326555,1165
2026-02-14 00:00:00,0.8777661696975622,0.8780044551465926,0.8790897912082416,0.8765746869788561,119
2026-02-14 01:00:00,0.8756139546789209,0.8778170414744819,0.8792203315324624,0.874605815290098,2598
2026-02-14 02:00:00,0.8752504281549572,0.875285283140157,0.8772027832132924,0.8733606129521132,3685
2026-02-14 03:00:00,0.876059669635064,0.8752296956644801,0.8772095747207946,0.8740580241327226,170
2026-02-14 04:00:00,0.8747983153175932,0.8760761402879531,0.8773854105675831,0.8734087001059435,3219
2026-02-14 05:00:00,0.8748828337179049,0.8747537492905298,0.8763299355859248,0.8738391504810211,2250
2026-02-14 06:00:00,0.8760717796285439,0.8749039072302032,0.8772255518254738,0.8733962442177818,3904
2026-02-14 07:00:00,0.875501319913786,0.875834121993267,0.8776104799615939,0.8745047869515485,262
2026-02-14 08:00:00,0.8755029317241068,0.8751295348886119,0.8766920393769035,0.8733755631938132,4495
2026-02-14 09:00:00,0.8745249195311858,0.8753749710317068,0.8763223346606466,0.8727415681853619,4378
2026-02-14 10:00:00,0.8757453428874336,0.8745619960215505,0.8769210357290605,0.8730997712765551,3463
2026-02-14 11:00:00,0.875682843417186,0.8753217370614205,0.8771679192280758,0.8739780328567932,3138
2026-02-14 12:00:00,0.8757178135492816,0.8755720371695414,0.8768216976795343,0.8743076972769962,3550
2026-02-14 13:00:00,0.8767335388984108,0.8754649511949343,0.8781281237086547,0.8741623559139267,884
2026-02-14 14:00:00,0.8772296476943949,0.876701613330802,0.8786935379432612,0.8752780709040408,4494
2026-02-14 15:00:00,0.8765729261450224,0.8774870839166414,0.8784840276506244,0.8752344663259175,3865
2026-02-14 16:00:00,0.8760874677019569,0.8765443863699407,0.8777103618369886,0.8745153187141743,3800
2026-02-14 17:00:00,0.8764586661803494,0.8760733344318925,0.8778651117398459,0.8750001015377541,2513
2026-02-14 18:00:00,0.8759905753890522,0.8765689399395552,0.8780675177322993,0.8742750137914403,790
2026-02-14 19:00:00,0.8744026429049618,0.8759933699656214,0.8771636396787269,0.8732019111219326,2602
2026-02-14 20:00:00,0.8743627123059825,0.8743744457868659,0.8757258010699772,0.8732468188652267,2770
2026-02-14 21:00:00,0.8732525528101389,0.8744840916938041,0.8757195861065417,0.8718476787117941,1355
2026-02-14 22:00:00,0.8744647641253117,0.8733144501130038,0.875967405069878,0.871890851428276,4628
2026-02-14 23:00:00,0.8745973548536341,0.874502628824453,0.8760455342086385,0.8736463989131573,2029
2026-02-15 00:00:00,0.8739184735610764,0.8745791624727702,0.8757921220711496,0.8727337310699158,4774
2026-02-15 01:00:00,0.8733944992500796,0.8738731359096524,0.875308588726878,0.8726535244510778,4402
2026-02-15 02:00:00,0.8719774510591741,0.8735144620996831,0.8747144953333078,0.8708462452855683,466
2026-02-15 03:00:00,0.8711528546440888,0.8719334845034058,0.873359743437015,0.8700114640599929,821
2026-02-15 04:00:00,0.8719150970459942,0.8713138868401575,0.8733462483403356,0.8699282059774927,2023
2026-02-15 05:00:00,0.8735889366551135,0.871777880723897,0.8755207160647918,0.8706739602160104,3156
2026-02-15 06:00:00,0.8741337340400127,0.8737769344934073,0.8753567531902806,0.8726102407219207,656
2026-02-15 07:00:00,0.8740647021360469,0.8741956230762059,0.8754696767900163,0.8724117004159341,1162
2026-02-15 08:00:00,0.8737407326043065,0.8739377648740638,0.8750787221891629,0.8718890508824156,4295
2026-02-15 09:00:00,0.8730233607441242,0.8738073851400191,0.8748464164164252,0.8719550170266536,2279
2026-02-15 10:00:00,0.874568185168629,0.8729380506102855,0.8757602756987373,0.8713587754779676,2824
2026-02-15 11:00:00,0.8744266236422307,0.8745725697257337,0.8760586841877884,0.8730132510002734,2711
2026-02-15 12:00:00,0.8760133460147775,0.8743626798622298,0.8775211738768901,0.8735056204839661,4848
2026-02-15 13:00:00,0.8770584856469851,0.8759958602535678,0.8784518719305009,0.874888443301301,696
2026-02-15 14:00:00,0.8757528883234754,0.8771821547575104,0.878418079005479,0.875234748962213,2654
2026-02-15 15:00:00,0.875253424026656,0.8758209626883163,0.8770042943806268,0.8738555831410701,484
2026-02-15 16:00:00,0.8747516401835256,0.8751057617433176,0.8761772895057538,0.8737220901306948,327
2026-02-15 17:00:00,0.8746917554104463,0.8746115019108003,0.8758576615455862,0.8732643208413736,2471
2026-02-15 18:00:00,0.874646519720611,0.8747272803522179,0.875699416356945,0.8726599476958201,4527
2026-02-15 19:00:00,0.8768936990421596,0.8746916605149861,0.8785662488100856,0.872957216162608,2105
2026-02-15 20:00:00,0.8760857781363036,0.8768050682939732,0.8786020476480123,0.8749732384680083,3613
2026-02-15 21:00:00,0.8762575055880519,0.8762949384566618,0.8771004304347811,0.8752083052268741,4612
2026-02-15 22:00:00,0.8767198863949028,0.8763644866663998,0.8781110471796095,0.8747093320483833,130
2026-02-15 23:00:00,0.8767187073915509,0.8766376182195376,0.8781055076942229,0.8755868186306914,3520
2026-02-16 00:00:00,0.8768013428248869,0.8766237162269354,0.878171469987256,0.8750478088807848,4502
2026-02-16 01:00:00,0.8760177361541569,0.8767714075625254,0.8779296578052405,0.8739847095381993,4494
2026-02-16 02:00:00,0.8760976008001089,0.8759741256261534,0.8776804938091242,0.8744824595382792,3705
2026-02-16 03:00:00,0.8764811500472397,0.8762627505548208,0.8779038044575174,0.8746366991181083,4648
2026-02-16 04:00:00,0.8767268504854431,0.8766106237060414,0.8783139334536826,0.8750146222594649,3049
2026-02-16 05:00:00,0.8771545011633771,0.8767314646926863,0.8782761593294011,0.875562331332541,193
2026-02-16 06:00:00,0.8782139570888543,0.8772438030821513,0.8791668588912108,0.8758500273265488,4911
2026-02-16 07:00:00,0.87891668199529,0.8783224560871498,0.8803497307357955,0.8772562692387083,4411
2026-02-16 08:00:00,0.8789701529554131,0.8789243634114754,0.8800346885466552,0.8772657656814861,1031
2026-02-16 09:00:00,0.8780913341915006,0.8790231833514138,0.8806181307851785,0.8770600493632454,4796
2026-02-16 10:00:00,0.8776413302354673,0.8781695567248081,0.8789260954923843,0.8761403032979971,3292
2026-02-16 11:00:00,0.8774766068715293,0.8777055096278491,0.8788983846990076,0.8758624751356118,2317
2026-02-16 12:00:00,0.8776658662450354,0.8773740774410161,0.8788201929698151,0.8761870279613005,4111
2026-02-16 13:00:00,0.8773071166739108,0.8775766823060616,0.8788051640630837,0.8761809163624688,3216
2026-02-16 14:00:00,0.8766053167745226,0.8772691691316868,0.878652741357255,0.8753350349203585,3965
2026-02-16 15:00:00,0.8757141677576823,0.8765124913863711,0.8779301594123441,0.8746350510017145,1795
2026-02-16 16:00:00,0.8744757844383907,0.8755209391408605,0.8770004833300037,0.8731230409889852,2010
2026-02-16 17:00:00,0.8742995714105598,0.8745644321148535,0.876073906748385,0.8732286340342026,583
2026-02-16 18:00:00,0.873197322329007,0.8743449438078821,0.8756098070828103,0.8721087655491563,4457
2026-02-16 19:00:00,0.872446928065889,0.873022043390751,0.8748826335756208,0.8709951145478865,1386
2026-02-16 20:00:00,0.8721515016612558,0.8724154106851028,0.8740865638129047,0.8706816931232866,773
2026-02-16 21:00:00,0.8711495636792121,0.872127420584862,0.8733526084109969,0.869919547797235,494
2026-02-16 22:00:00,0.8714343778205862,0.8711733465736906,0.8727057464550916,0.870296620088559,1991
2026-02-16 23:00:00,0.8719895451182904,0.8712928640610088,0.8732104051779901,0.8696785862766039,2485
2026-02-17 00:00:00,0.8715774748534588,0.8718125284867143,0.8732148875655404,0.87038735360029,4188
2026-02-17 01:00:00,0.8712497043727513,0.8716453963254875,0.8726982307178924,0.8694037924110704,3302
2026-02-17 02:00:00,0.8716527767003556,0.8710491420356493,0.8727537951093691,0.8697762841008757,4050
2026-02-17 03:00:00,0.8711172803774295,0.8716223751219586,0.8723626419857385,0.86977512104833,125
2026-02-17 04:00:00,0.8705302299437315,0.8710747013703048,0.8722763830071494,0.8693371904004777,243
2026-02-17 05:00:00,0.8714276038023713,0.8705141149400287,0.87301310337137,0.8691433394936376,1221
2026-02-17 06:00:00,0.8720907446064059,0.8714606627071355,0.8733590869557403,0.8692429619262231,1989
2026-02-17 07:00:00,0.8725419071081638,0.8722999675847327,0.8738255483716831,0.8710825017447847,461
2026-02-17 08:00:00,0.8732361405742094,0.8723323969487454,0.8746188643702445,0.8706881818811368,4351
2026-02-17 09:00:00,0.8717531815301839,0.8733507649917521,0.8743962836628411,0.8704218486883896,4832
2026-02-17 10:00:00,0.8727685581902788,0.8714243016651319,0.8740843317309697,0.8698078138590315,2476
2026-02-17 11:00:00,0.8730626047777166,0.8729510777531629,0.8746053927014183,0.8721474812935239,4035
2026-02-17 12:00:00,0.8738206908157209,0.8727948395529574,0.8752117862233527,0.8709742634849195,1034
2026-02-17 13:00:00,0.8741110621500582,0.8741401427414512,0.8757078167183366,0.8727104673223365,251
2026-02-17 14:00:00,0.8741477557685683,0.874059954949047,0.8757904888228792,0.8728189506075468,4503
2026-02-17 15:00:00,0.8739412738592968,0.8743169136209531,0.8758015448938417,0.8723935300074414,4088
2026-02-17 16:00:00,0.8742166321419614,0.8740834419434221,0.8753408658949664,0.8727343744135986,3812
2026-02-17 17:00:00,0.873982821210283,0.8741594095468446,0.8753801532598675,0.8729728142310667,4153
2026-02-17 18:00:00,0.8746337282853318,0.8739356238902903,0.8764524824667433,0.8732595179653131,3580
2026-02-17 19:00:00,0.8734438858019177,0.874524046578663,0.8759165349774893,0.8716552320250485,4045
2026-02-17 20:00:00,0.873037703905572,0.8735469963782531,0.8749039475118039,0.8717865141870547,4839
2026-02-17 21:00:00,0.8745713213419295,0.8729821509466541,0.875657549590959,0.8718311090797631,4404
2026-02-17 22:00:00,0.8741017609942502,0.8744639401003154,0.875751108834651,0.8729309584985162,4461
2026-02-17 23:00:00,0.8739227482019526,0.874172191653587,0.8756708923278349,0.8722279141064586,2395
2026-02-18 00:00:00,0.87326081250194,0.8738052278477256,0.8751190083196416,0.8720793198192222,4110
2026-02-18 01:00:00,0.8735126967566044,0.873217706970612,0.874686860756971,0.8717385794634049,1273
2026-02-18 02:00:00,0.8729604980889977,0.8735267216349765,0.8747608993517249,0.8717386930036949,1638
2026-02-18 03:00:00,0.8728212898878924,0.8728763891686758,0.8744976962569252,0.8718406252390862,4365
2026-02-18 04:00:00,0.8734579397899187,0.872756887823171,0.8749431102354619,0.871210530577965,1880
2026-02-18 05:00:00,0.8729338672258076,0.8736589306132033,0.8751081859541887,0.8713356114168807,4189
2026-02-18 06:00:00,0.8735253255652565,0.8729071065328344,0.8749511500677927,0.8717748391748454,2527
2026-02-18 07:00:00,0.8741419975519268,0.8734781708109067,0.8751429696967358,0.8721768593258331,1446
2026-02-18 08:00:00,0.8749332146229662,0.874119014131925,0.8763171006234914,0.8727811514470373,2116
2026-02-18 09:00:00,0.8750386203691548,0.8749928644728897,0.8766315426365343,0.8735634561314642,2945
2026-02-18 10:00:00,0.8774695646768874,0.8749025427818191,0.8787170838105459,0.8730674141906948,410
2026-02-18 11:00:00,0.878260464949294,0.8775258456363234,0.879835386574069,0.8762937876817223,2828
2026-02-18 12:00:00,0.8785041231675991,0.8782941758130575,0.879965574528435,0.8770634032092643,614
2026-02-18 13:00:00,0.8778471798570378,0.8782685982549022,0.8798033401058926,0.8765765790483433,2488
2026-02-18 14:00:00,0.8781807089059888,0.8780835319557018,0.87951139940131,0.8770144913251436,1684
2026-02-18 15:00:00,0.8803423012782688,0.8783736113017618,0.8818969643621589,0.8775079253803393,3082
2026-02-18 16:00:00,0.8828437428170204,0.880236285481883,0.8837800829319576,0.8788765922919018,4211
2026-02-18 17:00:00,0.8850677377375487,0.882694729289546,0.8864041402064259,0.8812271249655196,511
2026-02-18 18:00:00,0.8864599685056243,0.8850980615159793,0.8879792761977712,0.88376771936153,516
2026-02-18 19:00:00,0.8854031762580695,0.886270598923031,0.8876774070499166,0.8840917276354193,2327
2026-02-18 20:00:00,0.8864377704394604,0.8855845790490288,0.8880587877523802,0.8844939228548013,3794
2026-02-18 21:00:00,0.8853980875857967,0.8863755552331968,0.8876619238647583,0.8840029474626072,1471
2026-02-18 22:00:00,0.8840631221537398,0.8856131545402824,0.8867940537181453,0.88269197759731,3934
2026-02-18 23:00:00,0.8848001125752325,0.8839537073245011,0.885692236620962,0.8825004518499212,111
2026-02-19 00:00:00,0.8858779519119562,0.8847852029721682,0.8871342243385368,0.883370364815174,1545
2026-02-19 01:00:00,0.8874120044301331,0.8860466328638424,0.8888807267465575,0.884610671655579,2643
2026-02-19 02:00:00,0.8884585679185965,0.8873689266973569,0.8899940931307642,0.8856847340752141,3168
2026-02-19 03:00:00,0.8895464711014878,0.8884948736560901,0.8905073986291665,0.8870078551932672,1887
2026-02-19 04:00:00,0.8888148879994969,0.8896921468069149,0.8913387630800699,0.8873535137393116,4421
2026-02-19 05:00:00,0.8891389159778753,0.8887407274853469,0.8902127057100605,0.8878718195205332,2213
2026-02-19 06:00:00,0.8877803758351139,0.8889708938972735,0.8902702985783031,0.8861681231154568,3215
2026-02-19 07:00:00,0.8858263328798337,0.887586551196375,0.8887641289368611,0.8845767477465863,645
2026-02-19 08:00:00,0.8871651041316454,0.88590397305622,0.8886069026488346,0.8845521434133977,4653
2026-02-19 09:00:00,0.8867113548590962,0.8872168142631865,0.88857190643155,0.8857198966991113,2577
2026-02-19 10:00:00,0.8882083530616679,0.8868528015738665,0.8897213187914582,0.8849636161076835,2403
2026-02-19 11:00:00,0.889988370155124,0.8881717685697483,0.8918156421094862,0.8874973929771148,1423
2026-02-19 12:00:00,0.8896951893655761,0.889797432146824,0.8912381651602658,0.8879634566349867,3077
2026-02-19 13:00:00,0.8908535626790425,0.8893807956994533,0.8920357218898805,0.8879308886138007,102
2026-02-19 14:00:00,0.8905101746047062,0.8912366551516263,0.8926955964116033,0.8896834143949431,2314
2026-02-19 15:00:00,0.8887451199551539,0.8905804196439038,0.8924321572277878,0.8868690508056924,3922
2026-02-19 16:00:00,0.8893430912404848,0.8887633681756355,0.8908522193810873,0.8872922794029855,3910
2026-02-19 17:00:00,0.8892280425848259,0.8893802573837823,0.8909663806307204,0.8885233248622975,3176
2026-02-19 18:00:00,0.8891499357721213,0.8890371413447425,0.890058582156357,0.8878161046305587,1935
2026-02-19 19:00:00,0.891970347513536,0.8890435854352201,0.8934118283063136,0.8875625985198301,2686
2026-02-19 20:00:00,0.8905893191342568,0.8922032361922931,0.8934675120473679,0.8887956977570266,927
2026-02-19 21:00:00,0.8914987644967025,0.8906773565030488,0.8926541135011753,0.8894495616217711,3148
2026-02-19 22:00:00,0.8907549958121288,0.8913967377324541,0.8927269064449476,0.8901261880282739,1159
2026-02-19 23:00:00,0.8922949095032496,0.8905907936513064,0.8936624319320576,0.8888617882859132,1685
2026-02-20 00:00:00,0.8931030269866597,0.892225824307795,0.8942753876378312,0.8907526860105192,3697
2026-02-20 01:00:00,0.8940082402056764,0.893060727346985,0.8953997990123669,0.8923184914688205,702
2026-02-20 02:00:00,0.8933243726645537,0.894282823020222,0.8955763155033768,0.891892544460022,1717
2026-02-20 03:00:00,0.8928556671686076,0.8932991583255175,0.8948265947852558,0.891396232132009,1848
2026-02-20 04:00:00,0.8944183677774227,0.892696073623835,0.895821059464391,0.8914415757426761,4736
2026-02-20 05:00:00,0.8969933250434957,0.8944104828880741,0.8984399752541457,0.8932876130346561,3965
2026-02-20 06:00:00,0.8980196944241647,0.8970289322160854,0.8996305768711098,0.8958461678962547,1925
2026-02-20 07:00:00,0.8973927895592391,0.8978473214343515,0.8993428146348333,0.8961342914203426,3080
2026-02-20 08:00:00,0.8982495157861935,0.8974469763087273,0.8995952504690583,0.8960040138024649,1275
2026-02-20 09:00:00,0.9016124822393986,0.8984130118430754,0.9024004216874282,0.8968473545741793,3977
2026-02-20 10:00:00,0.9021853896122612,0.9016312483202548,0.9036777110637506,0.9008592928905829,1789
2026-02-20 11:00:00,0.9043895986435335,0.9020772609973451,0.9054987628567023,0.9006512271242332,4521
2026-02-20 12:00:00,0.9039512034045271,0.9043178876832605,0.9056504280527422,0.9024629526569765,4465
2026-02-20 13:00:00,0.9043507001425634,0.9037261779829897,0.9058078931730489,0.9023237629949499,1323
2026-02-20 14:00:00,0.905544178389914,0.9043325210849976,0.9072646296591346,0.9030841892394171,2105
2026-02-20 15:00:00,0.9064709723598294,0.9055864353413626,0.9083316824607386,0.9038406238113287,4580
2026-02-20 16:00:00,0.906001305943696,0.9063491198159035,0.9074577342835296,0.90427689483253,570
2026-02-20 17:00:00,0.9054798849951393,0.9062647598641477,0.907265533481853,0.9042211446105999,3346
2026-02-20 18:00:00,0.9071158262788626,0.9055876883855133,0.9085651389779988,0.9042496230536222,2629
2026-02-20 19:00:00,0.9089956872540428,0.906871382248466,0.9104252905197912,0.9052974088815917,2847
2026-02-20 20:00:00,0.9112602595237891,0.9087534383881913,0.912298583395745,0.9070359056230953,2904
2026-02-20 21:00:00,0.9138749761036925,0.9111253683144118,0.9152412366474504,0.9099781418086915,2565
2026-02-20 22:00:00,0.9144865194272797,0.9140907746307486,0.916022182148328,0.9130060653434996,1779
2026-02-20 23:00:00,0.9145630803342018,0.9146087400428705,0.9156430692588775,0.9131160142170148,2396
2026-02-21 00:00:00,0.9166342694607359,0.9147863328705302,0.9177357195486273,0.9137203548573009,4893
2026-02-21 01:00:00,0.9179399525989578,0.9166356751875394,0.9191394724856964,0.9157943825307052,462
2026-02-21 02:00:00,0.9172110062885567,0.9179111307113618,0.9192285409898195,0.9160609271316097,886
2026-02-21 03:00:00,0.916420643489934,0.9170395197716603,0.9186049416810611,0.9149313233195654,367
2026-02-21 04:00:00,0.9174609597315616,0.9164687666923376,0.9187472911895253,0.9146649622127674,3165
2026-02-21 05:00:00,0.9176982301377808,0.9174339562546232,0.9190900067289893,0.9162525385325027,1721
2026-02-21 06:00:00,0.9181165141920921,0.9176659116757554,0.9201123648513069,0.9163229642269565,320
2026-02-21 07:00:00,0.9198535542297442,0.9183397696646521,0.9209694349373483,0.9169170657320043,1097
2026-02-21 08:00:00,0.9212143988037262,0.9198360955214566,0.9224157563259565,0.9186335236473403,1374
2026-02-21 09:00:00,0.9232602467018284,0.9213987251421843,0.9248329528222902,0.9202152432177504,524
2026-02-21 10:00:00,0.9213924033741804,0.9230407607125132,0.924695961964729,0.9199177189924853,3858
2026-02-21 11:00:00,0.9221464808748459,0.9217642283595401,0.9236444527459271,0.9207122708419226,219
2026-02-21 12:00:00,0.9234301071017225,0.9220947774974744,0.9253163887971056,0.9209222282229823,4425
2026-02-21 13:00:00,0.9220482040736973,0.9235279157655139,0.9249988009740108,0.9207211705047919,4894
2026-02-21 14:00:00,0.9217123293041253,0.9221679722372197,0.9230041209924535,0.9202405958815268,4593
2026-02-21 15:00:00,0.9211537471093306,0.9216436080017499,0.9230521430046976,0.9201907490075655,1139
2026-02-21 16:00:00,0.9216297849146026,0.9212669734881915,0.9228543589375744,0.919920698223655,1219
2026-02-21 17:00:00,0.9240332096770354,0.9217505102937369,0.9258028658951161,0.9207222985489744,4924
2026-02-21 18:00:00,0.9269103169626333,0.9239340565277098,0.9285689184372106,0.9227339488856805,3152
2026-02-21 19:00:00,0.9263831718989454,0.9268128660537136,0.9277606419764112,0.9247744260007448,2768
2026-02-21 20:00:00,0.9274650405995376,0.9263894749731778,0.9292319499997371,0.9250188241530682,4337
2026-02-21 21:00:00,0.9285855980221084,0.9274489536970657,0.9302401614335474,0.9255911129693075,1039
2026-02-21 22:00:00,0.9295007489479261,0.9287798353422295,0.9308045237337467,0.9274057165141538,2090
2026-02-21 23:00:00,0.9304295245096132,0.929598816431707,0.9318032734000348,0.9279329718318192,811
2026-02-22 00:00:00,0.9312440155125549,0.9304196872804712,0.9330298184972514,0.9288007824999269,4014
2026-02-22 01:00:00,0.9337190996575225,0.9313289014974439,0.9345674268077204,0.9299320260558298,1083
2026-02-22 02:00:00,0.9354920594747642,0.9334319055021058,0.9370202974530826,0.9323979021962998,745
2026-02-22 03:00:00,0.9346698747976463,0.9354057925801613,0.9371143905063872,0.9332973474783429,1882
2026-02-22 04:00:00,0.9360747400947029,0.9347102880939797,0.937453939596695,0.9334557899374128,2865
2026-02-22 05:00:00,0.9375955881441167,0.9362316043607644,0.939184224741028,0.9349859389435106,1104
2026-02-22 06:00:00,0.9384235488886988,0.9376237083813147,0.939860225005916,0.9361722052319651,4510
2026-02-22 07:00:00,0.9402312581333021,0.93862921117214,0.9414204515518059,0.9376277438567158,4157
2026-02-22 08:00:00,0.940906946974461,0.9403537557295979,0.9420899408058139,0.9391890570801747,4607
2026-02-22 09:00:00,0.9415975082397525,0.9408379755091251,0.9432110097493743,0.9397114664798696,1898
2026-02-22 10:00:00,0.942192996893365,0.9415777178556574,0.943426598861241,0.9402362869439472,2004
2026-02-22 11:00:00,0.9402211039904054,0.9422505978966743,0.9432308966007535,0.9390274447791955,2682
2026-02-22 12:00:00,0.9405746259177183,0.9401578077078102,0.9420200253876986,0.9389451517718294,4557
2026-02-22 13:00:00,0.9402227252283729,0.9407905889913478,0.9420561998356243,0.938774181406382,2556
2026-02-22 14:00:00,0.9392489876545418,0.9400665197434899,0.9411375148971558,0.9379656968926064,2003
2026-02-22 15:00:00,0.9414198095962292,0.9392936259856974,0.9428522026470568,0.9378801388511987,3331
2026-02-22 16:00:00,0.9424748586184705,0.9415237806159803,0.9441055126175386,0.9404255235550874,749
2026-02-22 17:00:00,0.942889061321337,0.9424305267578205,0.9443090946958523,0.941250526259344,4987
2026-02-22 18:00:00,0.942661297300014,0.9428128755296521,0.9439253362790182,0.9406701623566649,3474
2026-02-22 19:00:00,0.9434667008015685,0.9426505302745508,0.9450182705380075,0.9414327236712103,2273
2026-02-22 20:00:00,0.9451064241135495,0.943581814553189,0.9468175836337186,0.9427613946233833,542
2026-02-22 21:00:00,0.9445640651012932,0.9450356033450779,0.9470795552063773,0.9430502703989918,1680
2026-02-22 22:00:00,0.9450082710545613,0.944412544196883,0.9468345498213947,0.9431957427600052,2907
2026-02-22 23:00:00,0.9464999508531827,0.9451716253197927,0.9476342292793887,0.9436826350697927,4872
2026-02-23 00:00:00,0.9446267494982817,0.94655652877258,0.9482166392691335,0.9432351825187489,2486
2026-02-23 01:00:00,0.9450076657833952,0.9447696144479562,0.9464979024035138,0.943196211770644,4988
2026-02-23 02:00:00,0.9449425161387381,0.9451152945089044,0.9462061080391386,0.9435533437123774,2637
2026-02-23 03:00:00,0.9452319203094321,0.9452515912822775,0.9467499148506552,0.9438783157582542,3926
2026-02-23 04:00:00,0.9450799660417859,0.9453899809694645,0.9473515917910781,0.9433368831130272,580
2026-02-23 05:00:00,0.9456951155680346,0.9449772522660438,0.9474529351242746,0.9441880154579582,4008
2026-02-23 06:00:00,0.948453468232542,0.9457620196607126,0.9495877854398094,0.9447164884854035,1286
2026-02-23 07:00:00,0.9485147612638277,0.9483741502903698,0.9499414367005331,0.9471861625626211,2095
2026-02-23 08:00:00,0.9493148144747406,0.948450094959582,0.9508788128426293,0.9475082352781234,1684
2026-02-23 09:00:00,0.9521585101768316,0.9491130758331795,0.953092605211271,0.9478217737421811,2740
2026-02-23 10:00:00,0.9519484914827846,0.9521176554250509,0.9530613873358109,0.9506856594128386,3110
2026-02-23 11:00:00,0.9545761019014993,0.9520265329887674,0.956052247267754,0.9503155411887625,1823
2026-02-23 12:00:00,0.9550324895094519,0.954566643970487,0.9565130787798262,0.9531593860244647,381
2026-02-23 13:00:00,0.9576207649804898,0.9548745728077547,0.9585289287698435,0.9534993368719208,3132
2026-02-23 14:00:00,0.9589710063304253,0.9574016852732021,0.9605210794486342,0.9560725050039709,2158
2026-02-23 15:00:00,0.9597895363655242,0.9592750454751189,0.9615421972988437,0.9581382695542943,4146
2026-02-23 16:00:00,0.9601607795472603,0.959836367355842,0.9615381393064181,0.9581395345784227,3506
2026-02-23 17:00:00,0.9598619298194052,0.9600421306537448,0.9614991468654297,0.9580736848791109,1932
2026-02-23 18:00:00,0.9604028796793624,0.9599284545440783,0.9620081196363373,0.9588371005398653,354
2026-02-23 19:00:00,0.9619297134301865,0.9607187561498328,0.9634993025921117,0.9588083476208161,2722
2026-02-23 20:00:00,0.9623639797129905,0.9620192800240401,0.9633257790250133,0.9607694528946952,3995
2026-02-23 21:00:00,0.9624340323469163,0.9619616243678484,0.9636163475638301,0.9607352476005933,3897
2026-02-23 22:00:00,0.962583093305903,0.9628169900175221,0.9641465521099503,0.9610026877074439,1740
2026-02-23 23:00:00,0.9642240652422026,0.9623156301120739,0.9654213922925521,0.9607067130685457,1123
2026-02-24 00:00:00,0.9661442589883225,0.9641942096534563,0.9680186663345361,0.9627656486925976,460
2026-02-24 01:00:00,0.9657936783718004,0.9659800637821208,0.9676125861547558,0.9644453197390467,3090
2026-02-24 02:00:00,0.9654413729428635,0.9656865140738454,0.9668132636874511,0.9636536594903787,1386
2026-02-24 03:00:00,0.966346603646464,0.9654825986928326,0.9677339867624583,0.9642137757279771,3901
2026-02-24 04:00:00,0.9686296421241727,0.9660456954324402,0.9704110659867102,0.9646127344954084,3025
2026-02-24 05:00:00,0.9704548304941477,0.9686165052345174,0.9717223688981804,0.9666676997191455,355
2026-02-24 06:00:00,0.9694026078395318,0.9706216660046513,0.9723234281991692,0.9683373555295396,3486
2026-02-24 07:00:00,0.9695357166755416,0.9692799750976675,0.9713923328843286,0.9679590746520346,1343
2026-02-24 08:00:00,0.9688689924099142,0.9693336660627633,0.9711404539326918,0.9671177223908367,4372
2026-02-24 09:00:00,0.9689979773836159,0.96884874445558,0.9705039177250554,0.9672417581978158,223
2026-02-24 10:00:00,0.9713732693788584,0.9689486790017122,0.9731948929554417,0.9672310916608873,1896
2026-02-24 11:00:00,0.9701161486003188,0.9712866533825956,0.9725898381455054,0.9690459798076376,131
2026-02-24 12:00:00,0.9686235102483826,0.969943489608173,0.9721187898058322,0.9670772631160829,3202
2026-02-24 13:00:00,0.9680792452642623,0.9686989020210087,0.9702209693215934,0.9667099571998129,2440
2026-02-24 14:00:00,0.9688740179873534,0.968165755566776,0.9706606587346288,0.9660519388118114,2711
2026-02-24 15:00:00,0.9700689237721223,0.9687189553702311,0.9714186750945022,0.9670283063073908,3533
2026-02-24 16:00:00,0.9710438618939561,0.9699338631781206,0.9726459137119133,0.96848379909054,4490
2026-02-24 17:00:00,0.9729046843778333,0.9710637809490084,0.9745226628542372,0.9695209783264659,1976
2026-02-24 18:00:00,0.9712389816647525,0.9727641016642529,0.9739503242951713,0.9697663052773049,2894
2026-02-24 19:00:00,0.9731149855107832,0.971265060462658,0.974294855307242,0.969601321390634,3143
2026-02-24 20:00:00,0.9731904711267277,0.9733292888447063,0.9747293685696269,0.9719806884878152,4418
2026-02-24 21:00:00,0.9745182642984935,0.9731817263824063,0.9763031917205717,0.971320820216237,1038
2026-02-24 22:00:00,0.9733801537863777,0.9743410677855372,0.9752663354197324,0.9723069225318092,2665
2026-02-24 23:00:00,0.9738361018227886,0.9734374304675791,0.9751908492746263,0.9719167725909147,4198
2026-02-25 00:00:00,0.9745696267474954,0.9738101312872729,0.9764144498095626,0.972589272264365,1478
2026-02-25 01:00:00,0.9764065279924935,0.9745476346007508,0.977510220029557,0.9730704797055564,1876
2026-02-25 02:00:00,0.9749542224453642,0.9764760406987842,0.9783052207563028,0.9732028091978094,2300
2026-02-25 03:00:00,0.9754411255036061,0.9750553323906539,0.976574258496742,0.9740932583457853,3565
2026-02-25 04:00:00,0.9745888431542354,0.9754463155057628,0.9766402234010821,0.973176511391228,3385
2026-02-25 05:00:00,0.9756454384072853,0.9745799627831057,0.9770658156880906,0.973537902328742,736
2026-02-25 06:00:00,0.9770280982510327,0.9759478591100003,0.9790427670436286,0.9745642063245822,1109
2026-02-25 07:00:00,0.9790227025420424,0.9772044036941163,0.9803032621233321,0.9761595103407157,4108
2026-02-25 08:00:00,0.9788306671968723,0.9791450876174751,0.9801044504815625,0.9773149129492156,3400
2026-02-25 09:00:00,0.9803933389796988,0.9788499622121786,0.9814515943593811,0.9775047164430691,2638
2026-02-25 10:00:00,0.9824764208846712,0.9802451211274892,0.9842248206527269,0.9785511974130962,2159
2026-02-25 11:00:00,0.9809545245208446,0.982642308101096,0.9837150583042137,0.9791215448427749,4854
2026-02-25 12:00:00,0.9821393384249628,0.9809757820645141,0.9839625714552709,0.9794994356790215,4424
2026-02-25 13:00:00,0.9837395519294989,0.9820541708269059,0.9852357580547166,0.9803148243725298,2086
2026-02-25 14:00:00,0.983879080265834,0.9837036688086213,0.9853453735908045,0.9818197985466316,1822
2026-02-25 15:00:00,0.9828761519728039,0.9837366345954129,0.9852986127993423,0.9816737316777145,4377
2026-02-25 16:00:00,0.9844576988801355,0.9830322863302964,0.9856978437711967,0.9811317950056163,1795
2026-02-25 17:00:00,0.9834682882870661,0.9845584606767817,0.9860743409080029,0.9820039843914412,2119
2026-02-25 18:00:00,0.983704266565653,0.9834950891811689,0.9848277336663371,0.9823082627750226,4592
2026-02-25 19:00:00,0.984106117696289,0.98369795073394,0.9859805124176267,0.9821336759588577,628
2026-02-25 20:00:00,0.9854147633583338,0.9840055065221989,0.9865891919376069,0.9825486974596238,3546
2026-02-25 21:00:00,0.9851128054869187,0.9851000090826362,0.9867201787752121,0.9840381594786368,3469
2026-02-25 22:00:00,0.9847413050603253,0.9849041003654929,0.9860755239141655,0.9835894677787047,1957
2026-02-25 23:00:00,0.985310003634841,0.9846315446779982,0.986630357096377,0.9826696010158354,996
2026-02-26 00:00:00,0.9869676722079846,0.9851778042921285,0.9883374356765312,0.9836148694705277,4318
2026-02-26 01:00:00,0.9901626122087684,0.9870106493187757,0.9925334619184893,0.985085240221708,4019
2026-02-26 02:00:00,0.9888036347690339,0.9902829734030167,0.9917618935522488,0.9874440020278947,4305
2026-02-26 03:00:00,0.9896320451903777,0.9887845686340013,0.9908725895941943,0.9875381158933322,1740
2026-02-26 04:00:00,0.9887782031588965,0.9898410111437042,0.9911923083787383,0.9877943632848201,4818
2026-02-26 05:00:00,0.9904507766507447,0.9886618899107361,0.9914893615864638,0.9868885937006757,3806
2026-02-26 06:00:00,0.9897745231939736,0.9904306539714943,0.9918669793489481,0.9881679313979999,1275
2026-02-26 07:00:00,0.9894149453321548,0.989766956072394,0.9918005263336536,0.9880517923141414,2459
2026-02-26 08:00:00,0.989157820301278,0.9895769970294137,0.9911604525988654,0.9879093031914656,1650
2026-02-26 09:00:00,0.9895163815748143,0.9891735368516256,0.991268835158842,0.9873547455023046,2731
2026-02-26 10:00:00,0.9903542186910447,0.9895362236555171,0.9915694000623456,0.9881033636621784,1022
2026-02-26 11:00:00,0.9913846603633749,0.9901081307791156,0.9928112602617026,0.9886705824389034,3699
2026-02-26 12:00:00,0.9918277393079555,0.9912507774978272,0.993376151803847,0.9899417942010911,2351
2026-02-26 13:00:00,0.9906818700810268,0.9919906003151595,0.9932610586221363,0.989316946095582,3358
2026-02-26 14:00:00,0.992005213461399,0.9903730575292461,0.9936122639120682,0.9887213322931082,3244
2026-02-26 15:00:00,0.9923916630650034,0.9922051296681735,0.9940634743681349,0.9911382412161073,3354
2026-02-26 16:00:00,0.994235744813021,0.9924661807093031,0.9958890141110837,0.9909507455342159,3823
2026-02-26 17:00:00,0.9938364582776451,0.9941243077206008,0.9955700167872408,0.9920607950090903,3328
2026-02-26 18:00:00,0.9923637286048239,0.9937126039939537,0.9955259238286287,0.9909004164565035,2626
2026-02-26 19:00:00,0.9927728974016042,0.9926460665602801,0.9941853300644489,0.9908429250363917,2967
2026-02-26 20:00:00,0.9947780406275454,0.9929835027270092,0.9961661079105482,0.9910912560886618,3192
2026-02-26 21:00:00,0.9954211711914847,0.9947602065466407,0.9973447844823017,0.9929972412909561,4055
2026-02-26 22:00:00,0.9956315674324773,0.9954412717576684,0.9967943756060063,0.9941082970475932,2431
2026-02-26 23:00:00,0.9950371510112883,0.9955351212634178,0.996519321786975,0.9935551740295989,1570
2026-02-27 00:00:00,0.9975964707713053,0.9950573200143776,0.9988331463291552,0.9934574435731723,1337
2026-02-27 01:00:00,0.9968109476574436,0.9974957075851404,0.9991067261041979,0.9954562067399476,989
2026-02-27 02:00:00,0.9963904745482897,0.9967992087292742,0.9986774817991053,0.9950462758675971,3053
2026-02-27 03:00:00,0.9975245155835905,0.9966613517389291,0.9988231373354934,0.9953336406282782,3702
2026-02-27 04:00:00,0.9957472907557263,0.9975102344694189,0.9995459912687498,0.9934938467463831,1653
2026-02-27 05:00:00,0.997726799554184,0.9955904448281064,0.9992315304122867,0.9941749969714662,2745
2026-02-27 06:00:00,0.9989258312912448,0.997522063904101,1.0003895984034896,0.9957034168558953,1923
2026-02-27 07:00:00,1.0004549085774181,0.9989449076288932,1.0017004935047933,0.9977051646001287,4512
2026-02-27 08:00:00,1.0015746489917576,1.000340594582826,1.0036633393256706,0.9983268961885995,4540
2026-02-27 09:00:00,1.00183130077081,1.0016117072037336,1.003288878491319,1.0002227384734634,4828
2026-02-27 10:00:00,1.0010055223186234,1.0015881310398649,1.0026896411123787,0.9994881049821459,4319
2026-02-27 11:00:00,1.0012874317891534,1.0011091931363045,1.0035276127617176,1.0001577866717837,4348
2026-02-27 12:00:00,1.0005671482150502,1.0011283168677922,1.002747335599058,0.998731127215338,2830
2026-02-27 13:00:00,1.001600534587142,1.0005741039189966,1.0033429680909336,0.9986710970094014,2783
2026-02-27 14:00:00,1.0030186703837995,1.0015496359206404,1.0050291892784387,1.0004023645887334,1577
2026-02-27 15:00:00,1.0052408407412374,1.003277779598574,1.0069340068672465,1.0014156299822894,3795
2026-02-27 16:00:00,1.0061369619099008,1.0052667219806306,1.0079404290175342,1.0041611648855335,1668
2026-02-27 17:00:00,1.007696452337815,1.0064310286869365,1.0092244199711191,1.0047284044521012,1738
2026-02-27 18:00:00,1.0077898786531387,1.007781218915112,1.0095233978629938,1.0063565980044964,4733
2026-02-27 19:00:00,1.0076659460875288,1.0080053286042285,1.0095065016234033,1.0057504979104304,172
2026-02-27 20:00:00,1.008684352356509,1.007634354364986,1.0101912632058394,1.0060459211761736,678
2026-02-27 21:00:00,1.0086705849092488,1.0087366271709617,1.0102858594795765,1.0068757156480266,3924
2026-02-27 22:00:00,1.009443607855842,1.0088551077064272,1.0108376045138228,1.0069661086272128,3457
2026-02-27 23:00:00,1.0086201772286394,1.0095805219854008,1.0112460699497439,1.0071953090409755,3929
2026-02-28 00:00:00,1.0080122240096678,1.008700464385931,1.0103642425432986,1.0065089461269363,2387
2026-02-28 01:00:00,1.0092247151708897,1.0079625800189356,1.0109864935053292,1.0067851725720822,139
2026-02-28 02:00:00,1.010738743261377,1.0092006429378182,1.0124487939018256,1.007775508685438,1557
2026-02-28 03:00:00,1.010005955858617,1.010911100063408,1.0130321256154275,1.0079070403756596,4331
2026-02-28 04:00:00,1.0112606930312247,1.0102101159299397,1.0130969289947747,1.008463936956074,3363
2026-02-28 05:00:00,1.0110714102235823,1.0111707790478603,1.0126245222248618,1.0098716525273483,4419
2026-02-28 06:00:00,1.0115412164350226,1.0109585587949343,1.0131960184097089,1.0089461655294338,146
2026-02-28 07:00:00,1.0136915497339714,1.0114037395178728,1.015641699100767,1.0097649034228207,1671
2026-02-28 08:00:00,1.0151105344147988,1.013817885409287,1.0163439018789466,1.0120423278160826,3466
2026-02-28 09:00:00,1.0165155808004254,1.014968810538515,1.0186546066214865,1.0132944481122608,184
2026-02-28 10:00:00,1.0192561292305737,1.0166405828928555,1.0205481466271817,1.0149833462930087,2302
2026-02-28 11:00:00,1.018861474021314,1.0193395266606764,1.0211429956459621,1.0179437999113485,4392
2026-02-28 12:00:00,1.0181284240513229,1.0187782279962438,1.020307436661062,1.0162631233722785,892
2026-02-28 13:00:00,1.0177118773270486,1.0183671577810491,1.0198781752445396,1.0168735887000064,445
2026-02-28 14:00:00,1.0178564760629607,1.0174886218721548,1.0189854072851987,1.015651598101052,3221
2026-02-28 15:00:00,1.0154810153258105,1.018109259640366,1.0199089458986943,1.013927461407425,1237
2026-02-28 16:00:00,1.0156821014417743,1.015529598325518,1.0168130558892796,1.0137515053396866,1001
2026-02-28 17:00:00,1.0154786165635004,1.0153662673296717,1.01656230379232,1.0137947935944784,2758
2026-02-28 18:00:00,1.0168691282843778,1.0157214265521421,1.0187482118360232,1.0138777151251517,3070
2026-02-28 19:00:00,1.0177420315391899,1.0170175475137477,1.0198150516369135,1.0154860041008522,4101
2026-02-28 20:00:00,1.0174711955858666,1.017676677581167,1.0189992133702908,1.0158592383510667,609
2026-02-28 21:00:00,1.018629148600302,1.0173237917126652,1.020463631211536,1.0156721578598136,3930
2026-02-28 22:00:00,1.0199470642720907,1.0183890938474482,1.021720709283228,1.0162843385477822,3383
2026-02-28 23:00:00,1.019474809324341,1.0203164372493774,1.0218176591620893,1.0177620075145555,3437
2026-03-01 00:00:00,1.017625968366657,1.0193338607182612,1.021268108255122,1.01650154850893,1269
2026-03-01 01:00:00,1.0092808564150397,1.0174346710047553,1.0188990500691064,1.0079376993267886,4160
2026-03-01 02:00:00,1.005190881511155,1.0093212528941566,1.010985105397547,1.003502762735005,703
2026-03-01 03:00:00,1.0024066206595665,1.0049446062229026,1.006071179984338,1.000524177426313,3458
2026-03-01 04:00:00,1.0026847438218391,1.0022589931189,1.0038244866572312,1.0009722004893988,759
2026-03-01 05:00:00,0.9991395587742399,1.0028338607840863,1.0046829818433396,0.996969464336092,3224
2026-03-01 06:00:00,0.9972141138228057,0.9992089963777808,1.0008697184334931,0.9956657582742657,2312
2026-03-01 07:00:00,0.9926191237668709,0.9971565860911727,0.9986030931510126,0.9910049561072315,921
2026-03-01 08:00:00,0.9932608008863631,0.9926218512619635,0.9953191884433759,0.9915056466735581,1052
2026-03-01 09:00:00,0.9948572306160566,0.9931947716354176,0.9969157839264456,0.9913695638065967,2255
2026-03-01 10:00:00,0.9963661006726309,0.9948479647387208,0.9979919214558782,0.9934866648595937,1894
2026-03-01 11:00:00,0.9964124549172756,0.9962522389201488,0.99747194373269,0.9949805823207001,2311
2026-03-01 12:00:00,0.9906334311803954,0.9963262342470742,0.9977790182873251,0.9892417476065967,2222
2026-03-01 13:00:00,0.9883086049407972,0.9905429004116676,0.9917785089830081,0.9864161587593427,190
2026-03-01 14:00:00,0.9867812049196029,0.9882011650638974,0.9897078359699766,0.985163157262401,2203
2026-03-01 15:00:00,0.9852688474961505,0.986935484867252,0.9881366368094279,0.9840537406207567,2087
2026-03-01 16:00:00,0.9855500270636124,0.9853826958786316,0.98667466995655,0.9840611853409648,2016
2026-03-01 17:00:00,0.9908958072100037,0.9854114458355956,0.991709546727855,0.9835060820420406,1212
2026-03-01 18:00:00,0.9939411680075709,0.9907177336358206,0.995481952938444,0.9892973065305157,1042
2026-03-01 19:00:00,0.9902379763331384,0.9939178068118482,0.9947202670152993,0.988586136829106,539
2026-03-01 20:00:00,0.9927819871155007,0.9905589359388337,0.9941757813489089,0.9888299617202948,3162
2026-03-01 21:00:00,0.9951831209942472,0.9926285738846892,0.9968832113198572,0.9921564951354291,2776
2026-03-01 22:00:00,0.9921603679706789,0.995159126926775,0.9964324370619131,0.9902957838422302,4078
2026-03-01 23:00:00,0.9953436151805618,0.9921736140652784,0.9965126974631386,0.9909351134258119,1261
2026-03-02 00:00:00,0.9947422027957671,0.9953274045372329,0.9967992707718221,0.9933576971667567,2098
2026-03-02 01:00:00,0.9894548772082129,0.9946741960965424,0.9959124180779252,0.9875137687921641,1032
2026-03-02 02:00:00,0.9911618874256022,0.9896266078950187,0.9927038353739511,0.9877096240800104,4707
2026-03-02 03:00:00,0.9919754942641567,0.9912295091981698,0.9931560949306534,0.9895948982802598,3955
2026-03-02 04:00:00,0.9911217031547098,0.9921012386661078,0.9935568513614135,0.9894184291047078,828
2026-03-02 05:00:00,0.9909812540860224,0.9912093128269579,0.9925927957756758,0.9892040396845478,4069
2026-03-02 06:00:00,0.9882846835401907,0.9911137754011701,0.9925927864356384,0.9863782503816858,4625
2026-03-02 07:00:00,0.9905726729294299,0.9885201039083369,0.9925444528843631,0.9865714240051829,3338
2026-03-02 08:00:00,0.9904097330500213,0.9907704147644035,0.9923153977545647,0.9888921176489059,4954
2026-03-02 09:00:00,0.9910339162148272,0.9907553269858979,0.9926704434593476,0.9894879933266282,1029
2026-03-02 10:00:00,0.9923731984314355,0.9912151247439791,0.9936757498557895,0.9898025269609163,1514
2026-03-02 11:00:00,0.9880435023773367,0.9922739820507751,0.9938222234205566,0.9865237333642319,3200
2026-03-02 12:00:00,0.9846899410452791,0.9881686533240106,0.9895645093805773,0.9832285826058091,2738
2026-03-02 13:00:00,0.9764026493217183,0.9847939916639189,0.9862672825089163,0.9752345461986768,3595
2026-03-02 14:00:00,0.9785204327910573,0.9766845064919815,0.9801787153905022,0.9750885022355249,4830
2026-03-02 15:00:00,0.9739746452020069,0.9783791346100872,0.9796939320547684,0.9729717788669033,1243
2026-03-02 16:00:00,0.9744717816141156,0.9740562013396578,0.9758171240729797,0.9725695313616184,4374
2026-03-02 17:00:00,0.975862987457639,0.9743720869129187,0.9771843797171329,0.9728645249262438,751
2026-03-02 18:00:00,0.9781218106034859,0.9759381871894247,0.9794405966954111,0.9744371886305478,2351
2026-03-02 19:00:00,0.9736067471766007,0.9780904487832477,0.9796014578008131,0.9718977125142451,2224
2026-03-02 20:00:00,0.973362391108573,0.9736767517118571,0.9750305094033742,0.9716925082881267,4050
2026-03-02 21:00:00,0.9796259426865271,0.973155150527316,0.9815356126749891,0.9710324936042031,2179
2026-03-02 22:00:00,0.9860546227364684,0.9797432673823794,0.988326244903504,0.9784173330775792,4168
2026-03-02 23:00:00,0.9897570843390694,0.986085215066211,0.9910730824955001,0.9845176378461805,851
2026-03-03 00:00:00,0.9910226836096401,0.9897797083287874,0.9925966266855126,0.9882291829460849,4967
2026-03-03 01:00:00,0.9872535346514699,0.9913114890770003,0.9930998023735141,0.9857228415745863,1039
2026-03-03 02:00:00,0.9899483657466863,0.9871967388292139,0.9913543649404115,0.9860874583953154,2999
2026-03-03 03:00:00,0.9893557861388856,0.9899991590884454,0.9911880507794465,0.9882230160812655,2548
2026-03-03 04:00:00,0.9914577671711589,0.989370698263393,0.993461951451018,0.9878815882430715,543
2026-03-03 05:00:00,0.9890846042154634,0.9914871487938227,0.9931743759847578,0.9880685850328247,2684
2026-03-03 06:00:00,0.9884361050423137,0.9894140208951143,0.9909911765976931,0.9870525530765765,4379
2026-03-03 07:00:00,0.9890516576426003,0.9884455713188919,0.9909656276043534,0.987154128867005,2735
2026-03-03 08:00:00,0.9899752004857022,0.9889674187026158,0.9916889168086338,0.9875709529845572,3543
2026-03-03 09:00:00,0.9918266606649281,0.9902535421765077,0.9933001376819318,0.9884288805665642,4911
2026-03-03 10:00:00,0.9896546794729597,0.9917809848209473,0.9929755086482336,0.9884903514194071,1584
2026-03-03 11:00:00,0.9846173627775464,0.9894176065318457,0.9907488096756613,0.982883510929649,294
2026-03-03 12:00:00,0.9907103066771706,0.984507268553207,0.9925544613673623,0.983190997274185,3476
2026-03-03 13:00:00,1.0000450098110083,0.9905233101367641,1.0017497122323318,0.9891572744731406,3952
2026-03-03 14:00:00,1.0017228374780172,0.9997745498338665,1.0031693252695466,0.9981320612630017,798
2026-03-03 15:00:00,0.9967578671227793,1.001668561768794,1.003691949298043,0.9953447082243722,1823
2026-03-03 16:00:00,0.9938583854346185,0.9967473994138975,0.9981913102838949,0.992633693828948,1856
2026-03-03 17:00:00,0.9957675763185596,0.9940347151477421,0.997556229192936,0.9926516768234499,3789
2026-03-03 18:00:00,1.0007967598623644,0.9958620617826602,1.0023640193118282,0.9948942814095186,4391
2026-03-03 19:00:00,0.9962484199828324,1.000884006463415,1.0029560895162193,0.9946401210101863,3703
2026-03-03 20:00:00,0.995782171904649,0.996115003592991,0.9978336376320427,0.9952151287348423,1553
2026-03-03 21:00:00,0.9965169171463139,0.9959144495495629,0.998025492133208,0.9941541962126773,3137
2026-03-03 22:00:00,0.9997590863386359,0.9967255517967242,1.0012050974472295,0.9950413790493875,1418
2026-03-03 23:00:00,0.9984705822346345,0.9998181814528081,1.0013112826291342,0.9964931807018812,3192
2026-03-04 00:00:00,0.9926062771421773,0.9985334912684443,0.9998063905187302,0.9904675846943773,4828
2026-03-04 01:00:00,0.9949357679901257,0.9924175340015063,0.9960202370913824,0.9906458207499977,3351
2026-03-04 02:00:00,0.9991537528595179,0.9950937995142735,1.0007450257259076,0.9937831311130811,3947
2026-03-04 03:00:00,0.9988440348779736,0.9994205686551317,1.0007589641720773,0.9966947355527482,3763
2026-03-04 04:00:00,1.0003636852203728,0.9988924953557827,1.001703319683209,0.9977502600706697,2434
2026-03-04 05:00:00,0.9985843431100213,1.000274657839514,1.001745920013403,0.9976564696125567,744
2026-03-04 06:00:00,0.9954126951297992,0.9985601553495919,1.0000688695543558,0.9933663862496106,4880
2026-03-04 07:00:00,0.9992617914318513,0.9953496785762734,1.000762895288964,0.9936704516567649,1868
2026-03-04 08:00:00,1.0007149008611556,0.9992076853310122,1.002737834630643,0.9982697605537805,4443
2026-03-04 09:00:00,1.0025537831089126,1.00081234654194,1.0042568350959984,0.9997161620158911,4225
2026-03-04 10:00:00,1.0081867149138923,1.0025960459096148,1.0103365164853315,1.000917026363898,3450
2026-03-04 11:00:00,1.0042310561601977,1.0083379425616121,1.0097120348170205,1.0029868032885434,2784
2026-03-04 12:00:00,1.0021609576545998,1.0042868117676185,1.0060256774731757,1.000876031639993,1442
2026-03-04 13:00:00,1.00275320771273,1.002030987606452,1.004141997077801,0.9999353068739134,770
2026-03-04 14:00:00,1.0006370330711252,1.002678056065546,1.00401056481991,0.998491208745741,4376
2026-03-04 15:00:00,1.003573795078397,1.0005523051884087,1.00572511887784,0.9990027584250065,4812
2026-03-04 16:00:00,1.002871048000007,1.003545744262223,1.0048189447362388,1.0014120190965428,3397
2026-03-04 17:00:00,0.9991490499718925,1.0031400259719692,1.003969799074194,0.9973798202266135,4940
2026-03-04 18:00:00,0.9993956937538462,0.9994421077069345,1.0007289448002727,0.998064980384991,1160
2026-03-04 19:00:00,1.0000344641443717,0.9995211882588249,1.000931997977517,0.9986903171747638,2612
2026-03-04 20:00:00,1.003539521880233,1.0000523417689553,1.0047584236425657,0.9993784236973949,955
2026-03-04 21:00:00,1.005013800267036,1.003334249989468,1.006262429667505,1.001848919492489,2712
2026-03-04 22:00:00,1.0067430992346353,1.0050470240435712,1.0082638697854753,1.003270561839004,4467
2026-03-04 23:00:00,1.0079441930496624,1.0066236567445987,1.0088363456336684,1.00510690233663,1530
2026-03-05 00:00:00,1.0072383585948177,1.008190541679475,1.010062781904514,1.005482753990442,2162
2026-03-05 01:00:00,1.0045525369131505,1.0069963459630333,1.007937882136737,1.0027715154170849,2629
2026-03-05 02:00:00,1.0056356807318731,1.0046105345877925,1.0071055930173198,1.002683925481577,2372
2026-03-05 03:00:00,1.0043864628598096,1.0055039696024415,1.006912876285523,1.002823758687533,4847
2026-03-05 04:00:00,1.0107232976864633,1.004385020276862,1.012489642884245,1.002785285248509,2189
2026-03-05 05:00:00,1.015756481291863,1.010824782148657,1.0173872407217812,1.0093123612336112,1347
2026-03-05 06:00:00,1.0181296280381815,1.0159125557820095,1.0200193396259944,1.0144642876264418,1704
2026-03-05 07:00:00,1.0195488790605303,1.0181203465442321,1.0209676465895203,1.0170718516410595,1592
2026-03-05 08:00:00,1.0192190326193509,1.0196652560199138,1.0210519809551752,1.0173318515233278,1643
2026-03-05 09:00:00,1.0144898186267992,1.0191182222438229,1.0207655886472302,1.0130848801550787,4497
2026-03-05 10:00:00,1.013679172789342,1.014527153198814,1.01636065611096,1.01229277848065,2612
2026-03-05 11:00:00,1.0140594229146116,1.0138316174701907,1.0158315127764148,1.0124752981698195,1983
2026-03-05 12:00:00,1.014919884693779,1.0141099810692207,1.0165402492141473,1.0129957171210242,792
2026-03-05 13:00:00,1.0166806460700883,1.0148391586700958,1.01827663007813,1.0133402287375863,4865
2026-03-05 14:00:00,1.0201356343121297,1.0166379469106932,1.0216547318151,1.0149496963951408,850
2026-03-05 15:00:00,1.0175400565432815,1.0202906549212267,1.0219421011148653,1.016229043947334,1812
2026-03-05 16:00:00,1.0149785230162478,1.0173738267177836,1.0195159189293757,1.0131401123800847,3526
2026-03-05 17:00:00,1.0204192355652846,1.0148339834171713,1.0218756064552594,1.013416134774602,122
2026-03-05 18:00:00,1.0233104165247588,1.0205115773719415,1.0247334861758768,1.0194471260438072,1649
2026-03-05 19:00:00,1.0218450254917588,1.023243106020125,1.0246406663355863,1.019891145897987,4773
2026-03-05 20:00:00,1.021442983608188,1.0216223930768435,1.0232738741737935,1.0198500036406293,217
2026-03-05 21:00:00,1.021057806308157,1.0216498731999215,1.022531532538381,1.0192617809798012,1261
2026-03-05 22:00:00,1.0211762092667123,1.020889373460104,1.0226665970412052,1.019085917152314,521
2026-03-05 23:00:00,1.022948770862607,1.0211456082636625,1.024753451003116,1.0199015316672804,3501
2026-03-06 00:00:00,1.0324549936604814,1.0228528267852695,1.0338406832676899,1.0214658000384327,156
2026-03-06 01:00:00,1.0331665807648414,1.0324088601661456,1.034774199731188,1.0305385333526267,332
2026-03-06 02:00:00,1.035651323828936,1.033029157167981,1.0378601616341712,1.030905486547492,2415
2026-03-06 03:00:00,1.029327036180723,1.035761607868547,1.037407995837771,1.027763502875217,3766
2026-03-06 04:00:00,1.0275086612078024,1.0293441170003865,1.0301951325678644,1.0261607311253818,4532
2026-03-06 05:00:00,1.0321167174679897,1.0276609480057746,1.0332283429768656,1.0255918627507026,1178
2026-03-06 06:00:00,1.0336254001855771,1.0320222697075245,1.0350980052849956,1.0306661408422226,2901
2026-03-06 07:00:00,1.017166220492334,1.0339508458393722,1.0352313078018136,1.0155400858501038,4021
2026-03-06 08:00:00,1.0196938075010198,1.0168748967065275,1.0212549739766976,1.0154762182570964,3674
2026-03-06 09:00:00,1.0268869239808778,1.0194496443545662,1.0283365054872293,1.0178264217750108,4836
2026-03-06 10:00:00,1.0194022705329286,1.0271549887820077,1.0290407009782587,1.0181623059366203,471
2026-03-06 11:00:00,1.0250999743165994,1.0194751615480973,1.0263020071265327,1.0180527310742993,321
2026-03-06 12:00:00,1.0147051407017522,1.0251519352486156,1.026610827752732,1.0133740395100275,3461
2026-03-06 13:00:00,1.0182226367457026,1.0147710108438392,1.0198163359537518,1.0130413851132294,1903
2026-03-06 14:00:00,1.0181902043981568,1.0183098763927747,1.019941363623999,1.0166130640850717,3718
2026-03-06 15:00:00,1.0093778123409896,1.0182355912310361,1.0197941125407708,1.0075972090898924,3607
2026-03-06 16:00:00,1.0110508291931388,1.0092313255604126,1.0118360294386992,1.0079652149023643,2268
2026-03-06 17:00:00,1.015366478252459,1.011175443735812,1.0169148995650117,1.009715890261663,4982
2026-03-06 18:00:00,1.0167310545167898,1.015467238060666,1.018210168102813,1.0137514947834545,4420
2026-03-06 19:00:00,1.0189241581557633,1.0169493739673412,1.0207166830837593,1.0151585026317764,1878
2026-03-06 20:00:00,1.017380372734492,1.019193393792425,1.020940125092129,1.016295575902318,125
2026-03-06 21:00:00,1.0104001611524132,1.017430459697111,1.0190190647386559,1.0087882305695883,4975
2026-03-06 22:00:00,1.0129946512361772,1.0102136360640643,1.0146093132891416,1.0089412895155951,4844
2026-03-06 23:00:00,1.0195562284341009,1.0132657292553595,1.0214992119603665,1.0114582698750718,4506
2026-03-07 00:00:00,1.023792156637454,1.0193998723464404,1.0256811441120868,1.0172927529880045,373
2026-03-07 01:00:00,1.0163376222764489,1.0238436794962056,1.0254521350113748,1.0156094930463435,3624
2026-03-07 02:00:00,1.0106567682494079,1.0162987017943923,1.018465171400701,1.0093396646290353,4806
2026-03-07 03:00:00,1.007484389217668,1.010591691001721,1.0119130481884409,1.0058934391612844,1971
2026-03-07 04:00:00,1.0015107312753673,1.0075992074337123,1.0087453033324039,1.00000962019664,3796
2026-03-07 05:00:00,1.0016764434737024,1.0015474616886624,1.0031757012860547,0.9997625791665067,2730
2026-03-07 06:00:00,1.0031517527431293,1.0017536723389344,1.0045439839667287,1.0002251506267348,2370
2026-03-07 07:00:00,0.9977883029309704,1.0030296704072514,1.003788386245252,0.9964501912895363,3629
2026-03-07 08:00:00,1.0007025346532537,0.9977621733421099,1.0020077367161984,0.9965674339597106,2943
2026-03-07 09:00:00,1.0029566744433287,1.0005867631166163,1.004564489761968,0.999439942589466,3460
2026-03-07 10:00:00,1.0009010777251648,1.002926786798286,1.0044107144048944,0.9996227518312144,1196
2026-03-07 11:00:00,1.0002541202777249,1.0008832588644512,1.0021506424269826,0.9989233115739823,1513
2026-03-07 12:00:00,0.992942365869026,1.0005288134400936,1.0020308350293545,0.9913386391200382,3235
2026-03-07 13:00:00,0.9916963827829495,0.9929037806712958,0.9944279404052159,0.9902554658659268,2830
2026-03-07 14:00:00,0.9917240764359382,0.9913801817276592,0.9934244094954675,0.9900862477895277,1977
2026-03-07 15:00:00,0.9923568799180439,0.9919317407387146,0.9936544359642023,0.9907436860119894,4191
2026-03-07 16:00:00,0.9937776683381195,0.9924238495080236,0.995528860649749,0.9911426599207677,1773
2026-03-07 17:00:00,0.9946935748752341,0.9937581210524957,0.9958601585698534,0.9924343926349719,2427
2026-03-07 18:00:00,0.9937022860104878,0.9946284055888048,0.9959688969792204,0.9924347568474343,1648
2026-03-07 19:00:00,0.9947755170450665,0.9935609892416217,0.9967747153728076,0.9918679471308016,2874
2026-03-07 20:00:00,0.9985331370199799,0.9950657978319785,0.9997242239617488,0.9931581868313945,2855
2026-03-07 21:00:00,0.9981750192450688,0.9985408995608903,0.9998408925672689,0.9970299316177548,1704
2026-03-07 22:00:00,0.9993660000856875,0.997914521833658,1.0004893541093294,0.9960799095399675,3890
2026-03-07 23:00:00,0.9986678586006971,0.9994150956012704,1.0006652480849172,0.9969621628381649,884
2026-03-08 00:00:00,0.9962425126638986,0.9988481045297679,1.0003838212768281,0.9946943910638909,3873
2026-03-08 01:00:00,0.9982033114148396,0.9962659357044942,0.999912198238873,0.9943114543462006,423
2026-03-08 02:00:00,0.9961212141242014,0.9980685969572142,0.9995572090263436,0.994677914641021,1328
2026-03-08 03:00:00,0.9975692650029221,0.9959729143371404,0.9989684487161542,0.9943562843890116,2089
2026-03-08 04:00:00,0.9976752226460848,0.9974319870481047,0.9987997700659939,0.9958984433596433,2175
2026-03-08 05:00:00,0.9965354676091343,0.997902680570629,0.9991801003855925,0.9950259101897289,3195
2026-03-08 06:00:00,0.9953049319885843,0.9965247684709907,0.9975560927523243,0.9936749215052223,4698
2026-03-08 07:00:00,0.9933994782670255,0.9950547853949299,0.9967643939964522,0.9918955444288181,3824
2026-03-08 08:00:00,0.9872277238716917,0.9934563624162165,0.9951759373447764,0.9856088330399083,2767
2026-03-08 09:00:00,0.988663580478548,0.9872486395617023,0.9901345791287527,0.9859643122123171,511
2026-03-08 10:00:00,0.9895318810733417,0.9885969510221854,0.9911472278416972,0.9873022217370694,4961
2026-03-08 11:00:00,0.9927181445200235,0.9893799346281077,0.994468177329118,0.9880916918961153,1660
2026-03-08 12:00:00,0.990725181136373,0.9925600403999304,0.9940762092297095,0.9893475176006536,3138
2026-03-08 13:00:00,0.9978328697319104,0.9908878229771382,0.9997467962009374,0.9890877470822981,4058
2026-03-08 14:00:00,0.9964088599274743,0.997869863332281,0.9990584417881929,0.9950524101291812,3527
2026-03-08 15:00:00,0.9931271987692442,0.9964801630337584,0.997865971665849,0.9914431149800869,650
2026-03-08 16:00:00,0.9894008803198342,0.9931635234564938,0.9945087894231249,0.9878379891694778,1372
2026-03-08 17:00:00,0.982898671307723,0.9894491930387332,0.9911143918844872,0.9815544851217891,4967
2026-03-08 18:00:00,0.9886460259041973,0.9828292098293401,0.9897036375053065,0.9809579453569983,3862
2026-03-08 19:00:00,0.9937875286195798,0.9886153433073712,0.9957099036444016,0.986905200581785,3200
2026-03-08 20:00:00,0.9960403229803976,0.9939615734892177,0.9977022484454853,0.9924669804949039,2285
2026-03-08 21:00:00,0.9926799899512384,0.9962509582834339,0.9982612229582079,0.9912151333625291,4706
2026-03-08 22:00:00,0.9994722437570851,0.9924967728980758,1.0009592871822186,0.9909694614036773,3661
2026-03-08 23:00:00,0.9981532969013789,0.9994410626209538,1.0007735016595172,0.9971140808686512,3678
2026-03-09 00:00:00,0.997144450034279,0.9982788302120362,0.9999711157942343,0.995895514997961,4589
2026-03-09 01:00:00,1.0025341715859142,0.9974274774210583,1.0043479258552888,0.9957845698844786,4823
2026-03-09 02:00:00,1.0050050862777173,1.002802803352331,1.0062971949336088,1.001772550118275,4311
2026-03-09 03:00:00,1.013259223048047,1.0048841399359212,1.0141718869570477,1.003591512341215,3360
2026-03-09 04:00:00,1.0141919315242434,1.013453194270858,1.0151575643339454,1.0120513409545897,1220
2026-03-09 05:00:00,1.0127030660258232,1.014200838698682,1.0157993048924663,1.0103018494393583,1413
2026-03-09 06:00:00,1.0104087977128489,1.0128613591898827,1.014843838658747,1.0086889595030883,854
2026-03-09 07:00:00,1.003482562048384,1.0105274512993847,1.0116410644672291,1.001646989189338,4021
2026-03-09 08:00:00,1.0024378279003607,1.0032925052429782,1.0047142528871795,1.001176304167899,1739
2026-03-09 09:00:00,1.0067300529209635,1.0025208791969298,1.0081349096094974,1.0009014363426203,1207
2026-03-09 10:00:00,1.0089756810684238,1.006882261431417,1.0110704756351891,1.0059015898918697,3656
2026-03-09 11:00:00,1.0090518360930254,1.00897263041386,1.0112491561762134,1.0075591348664839,2868
2026-03-09 12:00:00,1.0053208319287141,1.0090146920376828,1.0106506866244855,1.0036604342122952,1305
2026-03-09 13:00:00,1.006171605746262,1.0050836273884438,1.0079519258962253,1.0040022679627358,1927
2026-03-09 14:00:00,1.0099696571407446,1.0062751706885829,1.011748274000436,1.0046410992887571,2456
2026-03-09 15:00:00,1.011584854352507,1.0100013321438324,1.0127136854614724,1.0083394788666193,4015
2026-03-09 16:00:00,1.0122101112386321,1.0114448377700733,1.0139405420232372,1.0101094805628636,132
2026-03-09 17:00:00,1.0092215200388277,1.0121607845280916,1.0133659141703077,1.0079604386430199,3821
2026-03-09 18:00:00,1.0124734518417478,1.0092449846045224,1.0139400593776469,1.0079435234233889,486
2026-03-09 19:00:00,1.000728808771457,1.0123895954025903,1.0142328589243792,0.999331876101939,4333
2026-03-09 20:00:00,1.0021644801797012,1.0007292112097719,1.0036920594512866,0.999321202390579,677
2026-03-09 21:00:00,1.0118031876082434,1.0018988920651202,1.0136555452136733,1.0002265001563235,1310
2026-03-09 22:00:00,1.006146787405749,1.012006845054015,1.0139082401565687,1.0047988734413587,1908
2026-03-09 23:00:00,1.0052416519506189,1.0061491863071341,1.007127205905982,1.003250632293065,4988
2026-03-10 00:00:00,1.0052119857376511,1.0050758894524259,1.0060630894088018,1.0030871154529657,2051
2026-03-10 01:00:00,1.003477300184939,1.004841746438488,1.0066968024085072,1.001900977445793,4046
2026-03-10 02:00:00,1.0073637035945353,1.0036328071627938,1.0092381276123588,1.002225913173935,1356
2026-03-10 03:00:00,1.0091353948983677,1.0074481820854524,1.0107267796035508,1.0060959249032757,1994
2026-03-10 04:00:00,1.0097065212954202,1.0091673045091927,1.0113398879983806,1.0075567947558157,2634
2026-03-10 05:00:00,1.012696293399805,1.0098377132648726,1.014486653668008,1.0081692814908192,725
2026-03-10 06:00:00,1.012759108558824,1.012827075803664,1.014611884143375,1.0113010405971665,247
2026-03-10 07:00:00,1.024683600391912,1.0127889941840753,1.0261271180909606,1.0113728187922197,1812
2026-03-10 08:00:00,1.0252511513931248,1.0246445053790703,1.027083024086517,1.0229981335093008,3952
2026-03-10 09:00:00,1.0259834592624613,1.0251869543360723,1.0274157917356501,1.023626728517217,620
2026-03-10 10:00:00,1.0195692040765614,1.0260478361911025,1.0276516851578255,1.0182148458090785,4110
2026-03-10 11:00:00,1.0175312653491735,1.0197824325419533,1.0213697881706545,1.0159704620766015,3115
2026-03-10 12:00:00,1.0218339316559228,1.0175154928563546,1.023103221343457,1.0161682873566025,1443
2026-03-10 13:00:00,1.0168259684670733,1.0220591297411514,1.0233577220637946,1.0155300213276242,653
2026-03-10 14:00:00,1.008735129063441,1.0168824302683435,1.0190716201937873,1.0072235325763537,2798
2026-03-10 15:00:00,1.0088563120803944,1.008792738436422,1.0100996611771127,1.0074533816099969,2209
2026-03-10 16:00:00,1.0139966039834256,1.0092221280052056,1.015630140121401,1.0079241105334782,632
2026-03-10 17:00:00,1.0141555335910362,1.014248014897159,1.015945650160501,1.0123161452921812,3371
2026-03-10 18:00:00,1.0128950663311873,1.014410571844327,1.0159134398196374,1.0114949025668742,4201
2026-03-10 19:00:00,1.0059257365646586,1.0127747153151694,1.0144862446223641,1.0038605624775225,2320
2026-03-10 20:00:00,1.0076216895247918,1.0062570701601439,1.0092325692613946,1.0045562131229138,2312
2026-03-10 21:00:00,1.0101014711831031,1.0076092324290873,1.0113529106791619,1.0063427783327576,4420
2026-03-10 22:00:00,1.003419974311474,1.0100672308040415,1.011733956724157,1.0015657265624354,1998
2026-03-10 23:00:00,1.0076744709940886,1.0030936013860643,1.009021316673664,1.001798725432234,1280
2026-03-11 00:00:00,1.010545829216184,1.0077239307688681,1.0125893557549874,1.0056098645965226,4250
2026-03-11 01:00:00,1.0147920140007365,1.0103809223744311,1.0164448438930354,1.0087898726772606,2667
2026-03-11 02:00:00,1.0169802330951114,1.0148542919117942,1.0182920907559059,1.013163287464867,4695
2026-03-11 03:00:00,1.0194315432531538,1.0168026126746565,1.0210653727985,1.0152639990795014,4574
2026-03-11 04:00:00,1.0213842466232852,1.0197069645973258,1.0226329334669235,1.0180934177423826,4073
2026-03-11 05:00:00,1.0246410178289147,1.0214690214192947,1.026257218661328,1.020002486444187,1830
2026-03-11 06:00:00,1.0178206761947,1.0249890928932446,1.0264469079444685,1.0165766372476144,3616
2026-03-11 07:00:00,1.0121917033186192,1.017665351729154,1.0189325536432237,1.0105702708731714,2416
2026-03-11 08:00:00,1.0094316736929076,1.0124262719082946,1.0136862117992775,1.0076071867006466,3844
2026-03-11 09:00:00,1.0089448480491356,1.0091588480820557,1.011409279666663,1.0077918185136943,4670
2026-03-11 10:00:00,1.0089606123571055,1.0089763390431596,1.0105174433254485,1.006980888214833,3689
2026-03-11 11:00:00,1.0089002303409802,1.008865025650426,1.010282906163699,1.007169729069718,2546
2026-03-11 12:00:00,1.0097907573147273,1.008832378985634,1.0111221910874153,1.0074500486021998,4963
2026-03-11 13:00:00,1.0107189516730237,1.0097124524070196,1.0123778950534101,1.0083342696921966,4334
2026-03-11 14:00:00,1.0092220895430712,1.0105804789060358,1.0119009967497032,1.0071438502355854,1299
2026-03-11 15:00:00,1.0090583808751319,1.009031424686604,1.0102406084164395,1.0072336687070207,4708
2026-03-11 16:00:00,1.0075909830178658,1.0089915130859355,1.0104931014242502,1.005734984954805,2450
2026-03-11 17:00:00,1.0069150865718415,1.0076085076294206,1.0091068066156195,1.0054805532921554,1354
2026-03-11 18:00:00,1.0068512362146997,1.0070908366370732,1.0084751458363836,1.0051731628047356,1544
2026-03-11 19:00:00,1.0023107817229338,1.0068956411477377,1.0081311017619174,1.0007022597652584,3950
2026-03-11 20:00:00,1.0047542745705014,1.00248659466099,1.0061435568662143,1.0010321074235613,1987
2026-03-11 21:00:00,1.0049839649833783,1.0045314429624423,1.0063498475247052,1.0029910265213502,3303
2026-03-11 22:00:00,1.0038191210528822,1.004918771538136,1.006241293942066,1.001979105192913,2279
2026-03-11 23:00:00,1.0056819647591584,1.0039263777764869,1.0072739090458618,1.00193525071952,4934
2026-03-12 00:00:00,1.004815047354575,1.0057336912444883,1.0079119980283604,1.003383637088565,768
2026-03-12 01:00:00,1.0045240706175687,1.004685286684821,1.0065934098417515,1.0034129834957337,2969
2026-03-12 02:00:00,1.0034895316450916,1.0046646698708372,1.0067545129259234,1.0014894988573397,1842
2026-03-12 03:00:00,1.0050219218500236,1.0034094404659386,1.0063582920696716,1.0014025650775915,3984
2026-03-12 04:00:00,1.0044459402024566,1.004904798899028,1.0069161079497015,1.002818621018048,4720
2026-03-12 05:00:00,1.004175321123344,1.0045192873410216,1.0060940177524724,1.0021290234099394,1793
2026-03-12 06:00:00,1.0051698597069745,1.004176251312357,1.0069750533523125,1.0025697038076689,4547
2026-03-12 07:00:00,1.0054220270559278,1.005090997569996,1.0070682157888993,1.0038570608813069,3071
2026-03-12 08:00:00,1.0049068093777669,1.0053380869099855,1.0067419616551505,1.0037950196565708,370
2026-03-12 09:00:00,1.0057892785445959,1.0047454108550469,1.0075150613596324,1.0036355288996708,3915
2026-03-12 10:00:00,1.0083854584199095,1.0057294185281178,1.010044735683123,1.0042154618296844,2802
2026-03-12 11:00:00,1.0083163509584687,1.008551832044911,1.009529439163678,1.0069449133661752,4837
2026-03-12 12:00:00,1.0080064630639158,1.0083533272255543,1.0098278015119946,1.0066695004310982,2348
2026-03-12 13:00:00,1.0077612155642588,1.0081513681543273,1.0099267625087325,1.0062818946461451,1334
2026-03-12 14:00:00,1.0088837309652565,1.0078393135370172,1.0104810224073553,1.006066309940625,946
2026-03-12 15:00:00,1.007714693683217,1.008791185540419,1.0104446854196636,1.0063684901260634,486
2026-03-12 16:00:00,1.0069307126115632,1.0074656080333648,1.00874901458336,1.0056364220352967,3557
2026-03-12 17:00:00,1.0046357810726112,1.0067910399527695,1.0083752131271837,1.0032737995565548,4883
2026-03-12 18:00:00,1.0027651396374433,1.0045348172918345,1.0060099822977016,1.0009839503378888,3269
2026-03-12 19:00:00,1.0016937796342058,1.0026526620167364,1.0040940633343232,1.0002122799096567,3052
2026-03-12 20:00:00,1.0011766552413333,1.0018411057715706,1.0031388540508317,0.9995908191346992,238
2026-03-12 21:00:00,1.0028495552322574,1.0013226583731774,1.0046290703567475,0.9993511493498718,184
2026-03-12 22:00:00,1.0030427465981677,1.0031823467066865,1.004790866753444,1.0006826050966375,2545
2026-03-12 23:00:00,1.00149825238594,1.0029280167854289,1.0045037384147757,0.9998036009440823,2647
2026-03-13 00:00:00,1.000174675803503,1.0017379114871845,1.0038535163663749,0.9985119784230287,2185
2026-03-13 01:00:00,1.0013743742233798,1.0004136939338473,1.0030187708887799,0.999267478880328,4686
2026-03-13 02:00:00,1.0022763066417348,1.0013394553541437,1.0041406899175656,0.9997252345744969,1717
2026-03-13 03:00:00,1.001860086534004,1.0023474720793784,1.003932294361051,1.0003386632216622,4923
2026-03-13 04:00:00,1.0008790547753574,1.0020463601222482,1.00344163646294,0.9991098264166345,1391
2026-03-13 05:00:00,1.001778974178203,1.0008702003581507,1.002963336189593,0.9994852950808185,1695
2026-03-13 06:00:00,1.0001369816261334,1.0017585126091457,1.003331145039788,0.9985765527861749,1566
2026-03-13 07:00:00,1.0001574181038024,1.0000428661998257,1.0008584815851294,0.998361031792383,3931
2026-03-13 08:00:00,1.0024346088928744,0.9998025504603882,1.0040201999342109,0.9977279491120111,1722
2026-03-13 09:00:00,1.0022310357115762,1.0024452032190516,1.0040433803900408,1.0002575109710112,2347
2026-03-13 10:00:00,1.0008503043364623,1.0021244647717131,1.0035604144546668,0.9989688842089192,646
2026-03-13 11:00:00,1.0008927467796682,1.0006888580408166,1.0023663512536287,0.9989691883995295,2050
2026-03-13 12:00:00,0.9998787363168498,1.0009560678477127,1.0020805806131974,0.9985083004811203,1079
2026-03-13 13:00:00,0.9977557973043457,0.9996615280365531,1.001572909945917,0.9960416911477885,3815
2026-03-13 14:00:00,0.9981470405365922,0.9978764852430334,0.9995432732842694,0.9966105157664898,4082
2026-03-13 15:00:00,0.9990384418172519,0.9982195106825494,1.000245652073177,0.9967827591929089,1422
2026-03-13 16:00:00,0.9982153538107648,0.9989785199659909,1.0006389497080888,0.9961854722587643,4941
2026-03-13 17:00:00,0.9973126710018493,0.9982058827931598,0.9997349893405696,0.9956557411981608,2189
2026-03-13 18:00:00,0.9957087925325031,0.9971349039605732,0.9985214280206847,0.9941474176703151,4190
2026-03-13 19:00:00,0.995078869811942,0.9958207894459151,0.9971748828115559,0.993480063398312,1308
2026-03-13 20:00:00,0.9939540277524342,0.9951068045282495,0.9965960541894697,0.9924910748877165,4309
2026-03-13 21:00:00,0.9922907885283904,0.9939930024471216,0.9958820708670992,0.9914441119675361,798
2026-03-13 22:00:00,0.9941113911248699,0.9923656287699197,0.9957425926421551,0.991251544183396,1872
2026-03-13 23:00:00,0.9942211825049693,0.9940155856730011,0.9957022514463265,0.9923401524666766,1958
2026-03-14 00:00:00,0.9944580566346045,0.9939945865439703,0.9962040566401942,0.9927775325214392,1012
2026-03-14 01:00:00,0.9950681361173235,0.9946009461862538,0.9965689571537761,0.9931404605247951,4800
2026-03-14 02:00:00,0.9955433795774352,0.9951709834758832,0.99715662345973,0.9940442602686778,1539
2026-03-14 03:00:00,0.9945976476340792,0.9954635095864792,0.9970004994439482,0.9933201807287612,2152
2026-03-14 04:00:00,0.994474710781645,0.9946586750961228,0.996326343675484,0.9929842701112668,181
2026-03-14 05:00:00,0.9937018742005321,0.9946622183662073,0.9960203671080107,0.9919359087754098,3447
2026-03-14 06:00:00,0.9937780305502641,0.9938716165767534,0.995022607450457,0.9919521639527092,979
2026-03-14 07:00:00,0.993738059613414,0.9936938770098661,0.9954990175592413,0.9924222810142235,1496
2026-03-14 08:00:00,0.992828867300377,0.993516346872051,0.9954538310561444,0.9912482728507367,4593
2026-03-14 09:00:00,0.9907837088328708,0.992633106005176,0.9937947361714937,0.9897212207334585,4340
2026-03-14 10:00:00,0.9905091933012294,0.9907373937106273,0.9922764345160365,0.9890066669461106,662
2026-03-14 11:00:00,0.9898140699158606,0.9907263066122104,0.9920777383084024,0.988046266563672,3162
2026-03-14 12:00:00,0.9870956232186101,0.9897062131241489,0.9914484503311324,0.9856348344402648,3761
2026-03-14 13:00:00,0.9872548173412765,0.9870073140867703,0.9888087502242542,0.9851367562907316,4757
2026-03-14 14:00:00,0.9879632278759678,0.9871633945193051,0.9904313987960125,0.9854333960288122,1280
2026-03-14 15:00:00,0.9905472556462185,0.9878842222038169,0.9919435012961976,0.9863266883096178,1697
2026-03-14 16:00:00,0.9896278186422337,0.9905455890866349,0.9924864349932151,0.9882175113534838,1260
2026-03-14 17:00:00,0.9885313643663748,0.9894380131804077,0.9914055753255825,0.9872070278466825,2736
2026-03-14 18:00:00,0.9867500591298477,0.9886918632040284,0.9903299464900038,0.9857015287087472,3055
2026-03-14 19:00:00,0.9865504294176322,0.9867286281353428,0.9882194291488663,0.9854539251735513,1036
2026-03-14 20:00:00,0.9863432112343021,0.9869172210512597,0.9884247986238377,0.9845692923044959,211
2026-03-14 21:00:00,0.984919655632558,0.9861698302627393,0.9876502250340147,0.982995017000821,765
2026-03-14 22:00:00,0.9842597397741534,0.9851543818222415,0.9869654098159104,0.9831025564215253,1122
2026-03-14 23:00:00,0.9814353409738862,0.9844645671059161,0.9856797892868464,0.9799431116451001,2968
2026-03-15 00:00:00,0.9820969930712861,0.9813746939298088,0.9835227079981252,0.9803654341228042,1081
2026-03-15 01:00:00,0.9807221779596794,0.9820388763654897,0.9834269358243147,0.9795384806847233,4036
2026-03-15 02:00:00,0.9802305903379839,0.9805867153143522,0.9815494406269222,0.9786838366534896,3246
2026-03-15 03:00:00,0.9780685582324266,0.980097110178539,0.9818162363161183,0.9767536517735177,1078
2026-03-15 04:00:00,0.9769197339130726,0.9780684694377826,0.9798453651144248,0.9760159444928845,4953
2026-03-15 05:00:00,0.9761342245288516,0.9769227642218526,0.978201240862998,0.9741666703740176,3544
2026-03-15 06:00:00,0.9756706755124985,0.9758997188719954,0.9776647458942197,0.9742215547793105,4363
2026-03-15 07:00:00,0.9757963545311256,0.9760063746325384,0.9770064709350311,0.9746559624716636,3390
2026-03-15 08:00:00,0.9770732446313091,0.9757583194844759,0.9785458760895063,0.9742551799779248,3335
2026-03-15 09:00:00,0.9775024977626323,0.9770828650560386,0.9789317261181377,0.9756403256741731,2464
2026-03-15 10:00:00,0.9782070952144079,0.9774106092775342,0.9797001567799751,0.9758195088015383,3314
2026-03-15 11:00:00,0.9794924201463396,0.9781678651414608,0.9809859144871337,0.9767984920712025,3857
2026-03-15 12:00:00,0.9797260696041669,0.9794398267690406,0.981173014790802,0.9778778714955023,4932
2026-03-15 13:00:00,0.9792320209694241,0.9797256391691463,0.9810805713039085,0.9774859613695744,3010
2026-03-15 14:00:00,0.9799929552569302,0.9792298762680085,0.9814309853648306,0.9781474301862884,3793
2026-03-15 15:00:00,0.9808305664000841,0.9801113708844076,0.9827029389677072,0.9788441144646381,4737
2026-03-15 16:00:00,0.9811588454056434,0.9808640072277547,0.9824602391087397,0.9791452341703938,3091
2026-03-15 17:00:00,0.9789632922892,0.9812622654892964,0.9833930789530924,0.977656783090912,3842
2026-03-15 18:00:00,0.9775035401054865,0.9789618537722431,0.9802418464320785,0.9760612353411889,1025
2026-03-15 19:00:00,0.9767237151806498,0.9775374205837016,0.9790728476155357,0.9753964626607556,4444
2026-03-15 20:00:00,0.9772092604055329,0.9766883442584938,0.9788425307814916,0.975342148117809,4896
2026-03-15 21:00:00,0.9767336447026482,0.9773562263525815,0.9787358364769956,0.9754129841043977,1870
2026-03-15 22:00:00,0.9776478870627889,0.9767809563731286,0.9795197982355249,0.9756836506522971,4448
2026-03-15 23:00:00,0.9787761710172821,0.9776246790776638,0.9804044273643265,0.9760216795104701,4073
2026-03-16 00:00:00,0.9797651755796948,0.9787485548463863,0.9811745964843169,0.9769666647814748,1241
2026-03-16 01:00:00,0.9807618242570711,0.9797491049133544,0.9826364322355621,0.9783298907635742,4960
2026-03-16 02:00:00,0.9790674315714807,0.9807662952551953,0.9819366259237524,0.9773199539544609,2964
2026-03-16 03:00:00,0.9791965941708276,0.9790591532817271,0.9804992732011673,0.9777346183647543,900
2026-03-16 04:00:00,0.9780175593216811,0.979114610628076,0.9807466980952927,0.9767119398661065,629
2026-03-16 05:00:00,0.9755886797240501,0.9781294935701063,0.9798274470612364,0.9740050953296693,2604
2026-03-16 06:00:00,0.974793714365583,0.975709760214933,0.9772662977222113,0.9732065431578042,2651
2026-03-16 07:00:00,0.9759333987243357,0.9750548531855806,0.977360059451846,0.9736239665904748,4325
2026-03-16 08:00:00,0.9760362891364779,0.9758450240489172,0.9774267180096825,0.9741828572506492,2601
2026-03-16 09:00:00,0.9780076603824049,0.976134056463234,0.9798066275047489,0.9750446469442465,2043
2026-03-16 10:00:00,0.9777703365567266,0.9777276557069637,0.9793075072887768,0.9763501646610079,1651
2026-03-16 11:00:00,0.9802576998610382,0.9778922379339272,0.9814715807790008,0.9761381203532377,2590
2026-03-16 12:00:00,0.9800207253316586,0.98004357776191,0.9812402117733676,0.9782678231438143,1403
2026-03-16 13:00:00,0.9795977016870431,0.9798760880586449,0.9817902595781982,0.9778826144813445,3763
2026-03-16 14:00:00,0.9776124335815373,0.9796464198289025,0.9809020373926765,0.9758466487434325,765
2026-03-16 15:00:00,0.9784951088698886,0.977521213516588,0.9800429113377472,0.9761628295858467,4141
2026-03-16 16:00:00,0.97744255871516,0.9783839218206044,0.9802462156913234,0.9764764148303748,1158
2026-03-16 17:00:00,0.9762161015478695,0.9773715659340423,0.9789946542461717,0.9748275668282385,1077
2026-03-16 18:00:00,0.9773035782243846,0.9763230614617696,0.9785473996009121,0.9746706378233521,4872
2026-03-16 19:00:00,0.9782434454269398,0.977166689137045,0.9794127317677285,0.9754647108438679,2016
2026-03-16 20:00:00,0.9791519070675926,0.9782354915511526,0.9811699063874514,0.9769213536109921,3432
2026-03-16 21:00:00,0.9782672777067266,0.9790963430096932,0.9802581827509539,0.977083970235822,2033
2026-03-16 22:00:00,0.9777561066683603,0.9783875256879968,0.9796918711363758,0.9765442296079343,4910
2026-03-16 23:00:00,0.9772342813911253,0.9778803993992644,0.9794554578190312,0.9759278174858782,848
2026-03-17 00:00:00,0.9777233032079322,0.9769651217239294,0.9791256873946745,0.9760550000251123,2382
2026-03-17 01:00:00,0.9791375808101253,0.9778767990941278,0.9807748374533938,0.9765629372040339,546
2026-03-17 02:00:00,0.9791293566763634,0.9790478794544587,0.9801669090783036,0.977565122168655,2899
2026-03-17 03:00:00,0.9810492259787922,0.9791641288181441,0.982458876171942,0.977721363780431,3749
2026-03-17 04:00:00,0.9816758592804319,0.9809109703721169,0.9833479542743642,0.9795357221841534,2395
2026-03-17 05:00:00,0.9809441000074945,0.9817304686252574,0.9834023131602408,0.9796755215220571,4274
2026-03-17 06:00:00,0.9814885536948493,0.9813197179766636,0.9827922296239263,0.9800161462494238,3865
2026-03-17 07:00:00,0.9830856820292999,0.9815073058912314,0.9842589819975349,0.980196397902366,4764
2026-03-17 08:00:00,0.9850336288093096,0.983017737209398,0.986574333631841,0.9813317102601323,4979
2026-03-17 09:00:00,0.9860078984228284,0.9849992918876449,0.9870986807099716,0.9835205548212763,4785
2026-03-17 10:00:00,0.9855887077672181,0.9857907195222446,0.9876488313630253,0.9831739639824981,2222
2026-03-17 11:00:00,0.984878675862351,0.9858027657236157,0.9873265922979977,0.9834995512923995,4973
2026-03-17 12:00:00,0.9851199592666247,0.9849249099714826,0.9863917063080493,0.9833178227589936,3338
2026-03-17 13:00:00,0.98667872866095,0.9849647204787225,0.9878466105215381,0.9835764735077127,506
2026-03-17 14:00:00,0.9867492516076073,0.986528300964123,0.98804197502766,0.9851471485507072,503
2026-03-17 15:00:00,0.9868446898538499,0.986751513807814,0.987862541874614,0.9848087013474345,2044
2026-03-17 16:00:00,0.9864563672790304,0.9869825957723549,0.9886087037125335,0.9846814713442216,2826
2026-03-17 17:00:00,0.985612898003873,0.9862862027041019,0.9875272332645589,0.9846533121297603,502
2026-03-17 18:00:00,0.9849683365959002,0.9857773989459844,0.9873729506599865,0.9837930308075946,2925
2026-03-17 19:00:00,0.9846808477781949,0.9849548021253564,0.9865906166888607,0.9832440728567905,3421
2026-03-17 20:00:00,0.9862925677736827,0.9845432239576669,0.988057833392432,0.9832167924466417,3497
2026-03-17 21:00:00,0.9855549112394457,0.9862234275841554,0.9877762228418452,0.9845225406315063,4864
2026-03-17 22:00:00,0.9851680457305394,0.9858133041503437,0.9876236197028679,0.9836560674509194,1883
2026-03-17 23:00:00,0.9836795925380516,0.9849632121611521,0.9868477781142565,0.9827583151603284,279
2026-03-18 00:00:00,0.9840895498178194,0.9835715553066218,0.9856419161978112,0.9820580001615284,4793
2026-03-18 01:00:00,0.9852795648322813,0.9842303339887797,0.9868516354970588,0.9825366453147696,2679
2026-03-18 02:00:00,0.9867789622474294,0.9853116041207879,0.9880940996657587,0.9835730764538573,3189
2026-03-18 03:00:00,0.9865729996770644,0.9866618697232991,0.9878494200637989,0.9851358530868682,2712
2026-03-18 04:00:00,0.9868122248169995,0.9867158101410742,0.9886719931938993,0.9847883243675963,2485
2026-03-18 05:00:00,0.9861779644303954,0.9869619703788303,0.988620448655866,0.9846005847939197,900
2026-03-18 06:00:00,0.9863615868460288,0.9862269950842453,0.988044367765642,0.984497165829927,2863
2026-03-18 07:00:00,0.9862883450290278,0.9862709869034985,0.9875929945464366,0.9850094048867236,4183
2026-03-18 08:00:00,0.9859082622937296,0.9862205680823265,0.9881797417640854,0.9839793422047707,655
2026-03-18 09:00:00,0.9856235667244622,0.9859503498095558,0.9873611869781405,0.9841460059216686,2034
2026-03-18 10:00:00,0.9857158734645345,0.9854295883293875,0.9869573311391466,0.9834847400354131,4682
2026-03-18 11:00:00,0.9849128905427198,0.9859120363313288,0.9872198999548799,0.9830342224029114,2160
2026-03-18 12:00:00,0.9841718943922262,0.9851638852426695,0.9871040398732218,0.9826195685245686,892
2026-03-18 13:00:00,0.985770728808632,0.9841370047845822,0.9869208134334352,0.9825383744008473,4813
2026-03-18 14:00:00,0.9885733849312477,0.9858235341221527,0.9898334830919653,0.9843940381049106,770
2026-03-18 15:00:00,0.9866781445930068,0.9887488856751717,0.9910868716310292,0.9854406083257341,1312
2026-03-18 16:00:00,0.9847167791477556,0.9869669956285642,0.9887220674919169,0.9830638734862249,2378
2026-03-18 17:00:00,0.9831181957543857,0.9849463836499612,0.9862048567815503,0.9814830611484584,1988
2026-03-18 18:00:00,0.9825442496563395,0.9828624093938138,0.9840174548032254,0.9815475585056447,2140
2026-03-18 19:00:00,0.9831691862695842,0.9824977132568928,0.9841505767474507,0.9810473752351797,3873
2026-03-18 20:00:00,0.983428689800042,0.9832430449482573,0.984932484286016,0.981511812845707,2828
2026-03-18 21:00:00,0.9831851271641786,0.9833558037356569,0.9850453150618352,0.9812780221999778,2451
2026-03-18 22:00:00,0.9833698498205281,0.9834480950241289,0.9853712119091331,0.9816808187306696,3546
2026-03-18 23:00:00,0.9820893464325741,0.9836098786203108,0.984524994310746,0.981063239860403,3056
2026-03-19 00:00:00,0.9813463991064709,0.9819692399166671,0.9830510620058291,0.9801848120950829,3180
2026-03-19 01:00:00,0.98087228564842,0.9813225050546638,0.9827586343286558,0.979502790908338,2441
2026-03-19 02:00:00,0.9785212260417737,0.9807622674535706,0.983048387588891,0.9766428140520104,2816
2026-03-19 03:00:00,0.9766776537961066,0.9784926394031269,0.9802172282370812,0.9753905126762821,1488
2026-03-19 04:00:00,0.9748817745225734,0.9766446883127937,0.9782160416860716,0.9731098489306063,2127
2026-03-19 05:00:00,0.975348704390994,0.9750213846556939,0.9764533091564811,0.9737406930706289,897
2026-03-19 06:00:00,0.9751931303292809,0.975218740695502,0.9760613118609719,0.973574519060782,502
2026-03-19 07:00:00,0.9754764037693696,0.9748102437051498,0.9769509874604999,0.9736221217813371,4265
2026-03-19 08:00:00,0.9728188177816066,0.9752422643137187,0.9766724919877021,0.9714161531494059,4054
2026-03-19 09:00:00,0.9705885377583446,0.9726691091178089,0.9740470126515146,0.9694621537032453,1448
2026-03-19 10:00:00,0.9709343962866525,0.9704930427307776,0.9722799850410545,0.9686162946467307,2358
2026-03-19 11:00:00,0.9671499927166533,0.9709615501446812,0.9721951439581309,0.9659008756544548,4987
2026-03-19 12:00:00,0.968169547945773,0.9669931791800447,0.9693378452668363,0.9659902948866281,2701
2026-03-19 13:00:00,0.9655315673735457,0.967994144568099,0.9698449260118496,0.9645543481347504,149
2026-03-19 14:00:00,0.9660935812438557,0.9653968773959011,0.9672857808266652,0.9639724978503625,2928
2026-03-19 15:00:00,0.9645772796941473,0.9659321610686279,0.9672991171451732,0.963262966413072,4421
2026-03-19 16:00:00,0.9653859641523532,0.9644969846224543,0.9668227254621525,0.9628610250477727,1230
2026-03-19 17:00:00,0.968785757249053,0.9652991676240341,0.9704442061836877,0.9639143222216926,4742
2026-03-19 18:00:00,0.9656079440929076,0.9688855610595132,0.9700872127323089,0.9638217723060117,3839
2026-03-19 19:00:00,0.9659923966703404,0.9654645624135687,0.9677248271470046,0.964127266550754,387
2026-03-19 20:00:00,0.9633726014140279,0.9659407218512268,0.9672182503461433,0.9616308771337373,4939
2026-03-19 21:00:00,0.9634347241206889,0.9632938373477381,0.9648330830004903,0.9621240032112941,3175
2026-03-19 22:00:00,0.9627365975244266,0.9635515355961317,0.9654702018349449,0.961726686808455,1157
2026-03-19 23:00:00,0.9624423363113809,0.9627143247883984,0.9638781405574817,0.9612363975249467,3935
2026-03-20 00:00:00,0.960898312779787,0.9625937782176945,0.964242940523422,0.9597823474159428,4124
2026-03-20 01:00:00,0.9613849621111827,0.9607321320760875,0.9631167848887473,0.9596478718544754,3115
2026-03-20 02:00:00,0.9591969327056182,0.9613778592662744,0.9629058305717412,0.9576391051362617,4824
2026-03-20 03:00:00,0.9602368974210967,0.9591139839351014,0.9616433955376145,0.9577497705551419,4412
2026-03-20 04:00:00,0.9592957970531645,0.9600604762907925,0.9621111736703623,0.9578160519865145,1626
2026-03-20 05:00:00,0.9571625682402808,0.9592861041969584,0.9607178723613345,0.9555753392261412,749
2026-03-20 06:00:00,0.9586264924282897,0.9574117528090571,0.9601231223963441,0.9564585991294221,4056
2026-03-20 07:00:00,0.9580956812449187,0.9585039171922027,0.9598443332594675,0.9564947233472153,4748
2026-03-20 08:00:00,0.9599348444094492,0.9580773289731948,0.9614182552978404,0.9569845021417569,1542
2026-03-20 09:00:00,0.9609504717646252,0.9597456959703624,0.9626698383602146,0.9584705589004906,2797
2026-03-20 10:00:00,0.9595426969188815,0.9607404430618744,0.9621005069384645,0.9586480554606299,2600
2026-03-20 11:00:00,0.9589907091577574,0.9594294517684411,0.9602613194954793,0.9573639022237143,1787
2026-03-20 12:00:00,0.9586859546853537,0.958926000298793,0.9605117349871246,0.9577337100363204,2737
2026-03-20 13:00:00,0.9600675185253374,0.9586275466198042,0.9611970376418207,0.9575331009946839,2673
2026-03-20 14:00:00,0.960142539781378,0.9600349660905326,0.961796445730406,0.9589195438847812,4928
2026-03-20 15:00:00,0.9599040909266937,0.9599052035946251,0.9613446782463939,0.9585013139664581,1762
2026-03-20 16:00:00,0.9592142354221758,0.9598140284491908,0.9615242429055599,0.9578212460646858,829
2026-03-20 17:00:00,0.9587035669791502,0.9592863910679079,0.9604516922524693,0.9570320007612882,2331
2026-03-20 18:00:00,0.9598190774819642,0.9585080165492211,0.9611046914415532,0.957098398270563,793
2026-03-20 19:00:00,0.9593735239029211,0.9597679698754498,0.9611091636931508,0.957656503251113,866
2026-03-20 20:00:00,0.9584495271773633,0.9594156252974085,0.9604270917853021,0.9569027838990866,3211
2026-03-20 21:00:00,0.9573221185786269,0.9583371949633005,0.96009237428582,0.9561576738767015,4238
2026-03-20 22:00:00,0.9562076003940235,0.9573711038121263,0.9583391426888452,0.9549646819208659,666
2026-03-20 23:00:00,0.9540750851987722,0.9559899100913332,0.9577350985942,0.9522116095794397,2009
2026-03-21 00:00:00,0.9527246348287803,0.9542020523680125,0.9557524397859405,0.9509447268410743,997
2026-03-21 01:00:00,0.9540727391595607,0.9527769849048917,0.9554469280981507,0.9511100065119248,2388
2026-03-21 02:00:00,0.9533748200468797,0.9540806996586687,0.955609469402569,0.9516714760113614,2994
2026-03-21 03:00:00,0.953770114049147,0.9535357427194648,0.9552916825746152,0.951972000705066,4556
2026-03-21 04:00:00,0.9503456062276661,0.953723164734443,0.9550345196718707,0.9488245476716333,4481
2026-03-21 05:00:00,0.9505775797984252,0.9502575082024589,0.9520884705268082,0.948817464481261,4544
2026-03-21 06:00:00,0.9499339565531822,0.9507731537617757,0.9524064274582726,0.9480249172462712,2169
2026-03-21 07:00:00,0.9489062285257136,0.950195963673432,0.9513503984268683,0.947615144372051,3961
2026-03-21 08:00:00,0.9486733804746189,0.9488075516417919,0.9503290894932256,0.9471819805326909,1524
2026-03-21 09:00:00,0.9476283901700445,0.9486572125265179,0.949332021044867,0.9466925892513054,247
2026-03-21 10:00:00,0.9446297402661785,0.9477764669099757,0.948646584284697,0.9436182450438283,4656
2026-03-21 11:00:00,0.9452864377955849,0.9446186598546196,0.9468644592685254,0.9426859757248975,4541
2026-03-21 12:00:00,0.9451280588692027,0.9453707321380482,0.9466699535871025,0.9435354858807665,987
2026-03-21 13:00:00,0.9443013279235053,0.9452385992922164,0.9464132804442258,0.9429451313773914,1024
2026-03-21 14:00:00,0.9426919054770184,0.9442218159277368,0.9456208577805405,0.9412557168325105,4544
2026-03-21 15:00:00,0.9404780764576899,0.9427510532713598,0.9440500552308224,0.9394505445695351,2247
2026-03-21 16:00:00,0.9402967477061716,0.9404772030121138,0.9416087727245609,0.9390070705367569,3970
2026-03-21 17:00:00,0.941782876858442,0.9401248438054748,0.9427324626855985,0.9391241439653345,4524
2026-03-21 18:00:00,0.9415766766305312,0.9416431017809656,0.9424995154447977,0.9402477274316526,2773
2026-03-21 19:00:00,0.9394673627032198,0.9414847379694294,0.9431021604136138,0.9378664199814585,565
2026-03-21 20:00:00,0.9396362002484987,0.9395982333328894,0.9409265557866425,0.9380609976144269,3040
2026-03-21 21:00:00,0.9395961930268136,0.9397716935189154,0.9414543832617531,0.937738859570025,752
2026-03-21 22:00:00,0.9402442257463693,0.9397019582205033,0.9415325530392781,0.9382084554725991,3470
2026-03-21 23:00:00,0.9406992756294281,0.9403063275193332,0.9422105005360293,0.9395947305933698,2922
2026-03-22 00:00:00,0.9384599087288457,0.9407573887702083,0.942129772521159,0.9365030320282018,2242
2026-03-22 01:00:00,0.938868840382167,0.938498997657457,0.9402896625373751,0.937327484637805,2391
2026-03-22 02:00:00,0.9381162308250389,0.9389261963941661,0.9403595545430331,0.9366634349662204,4814
2026-03-22 03:00:00,0.9370499342689524,0.9381830465967054,0.9394633266519512,0.9356157339313887,2009
2026-03-22 04:00:00,0.9369085792111723,0.9368525619925668,0.9379683291966092,0.9353794891015834,4259
2026-03-22 05:00:00,0.9372168075429448,0.9367974842750786,0.9388380422188823,0.9353781466072779,4067
2026-03-22 06:00:00,0.9359862565852297,0.937072349068002,0.938923789821895,0.9345638355605453,4980
2026-03-22 07:00:00,0.9365146888980229,0.9361417852195909,0.9383856248124159,0.935108332976364,4483
2026-03-22 08:00:00,0.9370871930336716,0.9367471943014825,0.9383372851788363,0.9346142949903234,3144
2026-03-22 09:00:00,0.9371224251808963,0.9367822935165451,0.9383219875910332,0.9351934672073913,4957
2026-03-22 10:00:00,0.9364717074582259,0.9373422358726116,0.9385912224846974,0.9350524244464945,3532
2026-03-22 11:00:00,0.9357371739550839,0.9364838797201744,0.9378381242029797,0.9338165171930579,702
2026-03-22 12:00:00,0.9365066230537691,0.935879436777775,0.937896643976243,0.9347758361902003,572
2026-03-22 13:00:00,0.9353732060388972,0.9365776834246897,0.9377007125713288,0.9337264657102832,3413
2026-03-22 14:00:00,0.9361715588845115,0.9355754745713079,0.937160230238579,0.9343271363999764,2695
2026-03-22 15:00:00,0.9360476595151637,0.9362010082215884,0.9376191042245963,0.9345306072084619,4369
2026-03-22 16:00:00,0.9359757836404315,0.9358562354618318,0.9363884340884573,0.9343330885799603,2736
2026-03-22 17:00:00,0.9346947178613716,0.9359609675770806,0.9373347846346732,0.93394784493674,1278
2026-03-22 18:00:00,0.9345846803887752,0.9347670064975278,0.9359039995256144,0.9335842068220866,4299
2026-03-22 19:00:00,0.9350448695257837,0.9345543903907741,0.9366662806763364,0.9327068055341606,2452
2026-03-22 20:00:00,0.9340425619598947,0.93513702193921,0.9368316464515328,0.9327121580557798,4775
2026-03-22 21:00:00,0.9344165388603335,0.9340333536509188,0.9361184605952919,0.9320706359555816,135
2026-03-22 22:00:00,0.9344832980505927,0.9343330648334516,0.9357878983504002,0.932564052783018,189
2026-03-22 23:00:00,0.9340004813402185,0.934331152400682,0.935414085606623,0.9326612016467684,759
2026-03-23 00:00:00,0.934641486155087,0.9339455503035041,0.9358150428522256,0.9326300931627526,4789
2026-03-23 01:00:00,0.9329897935783531,0.9346701156442709,0.9361501016842182,0.9311289221804627,715
2026-03-23 02:00:00,0.9332498041399109,0.9327155032757198,0.9341888780364288,0.9307268356869901,3592
2026-03-23 03:00:00,0.9344643805084658,0.9331404610969276,0.9362567437873425,0.9318191102094466,3567
2026-03-23 04:00:00,0.9355443378627913,0.9341841814179241,0.936854858653333,0.9323491584560325,4411
2026-03-23 05:00:00,0.9358366929031953,0.9354577156691982,0.937380872205199,0.9337647818798225,3149
2026-03-23 06:00:00,0.9356104323210971,0.9360047259266209,0.9369081253181761,0.933869481933362,202
2026-03-23 07:00:00,0.9351335804036863,0.9354440557322738,0.9365869810367383,0.9337025045470513,289
2026-03-23 08:00:00,0.934906386058257,0.9352321886842101,0.9361000587823818,0.9336926208246674,169
2026-03-23 09:00:00,0.9353142414941955,0.9353060680652223,0.9370037527794818,0.9341989481738522,3018
2026-03-23 10:00:00,0.934708808640101,0.9355180367284426,0.9368751765069386,0.9336724782120233,2208
2026-03-23 11:00:00,0.9352768765036388,0.9347275394367085,0.9368400903121085,0.9327884610668887,433
2026-03-23 12:00:00,0.9368767468921413,0.9353975135956938,0.9382998852538025,0.9339891223041429,202
2026-03-23 13:00:00,0.9368303344657958,0.9366842728324535,0.9383672444599281,0.9356007654860345,1090
2026-03-23 14:00:00,0.9358220383633333,0.936609469049574,0.937918466448228,0.9341368772026392,2450
2026-03-23 15:00:00,0.934813479803596,0.9358260624702152,0.9371711995416822,0.9335455564406939,4516
2026-03-23 16:00:00,0.9353959039673797,0.934869408606848,0.9367732559846862,0.9336489906973809,4153
2026-03-23 17:00:00,0.9353510943331593,0.935549451804117,0.9370663008493164,0.9333677730564149,2291
2026-03-23 18:00:00,0.9360087175052074,0.9352712393847785,0.9375340705642417,0.9342408911548447,1505
2026-03-23 19:00:00,0.9356084918183379,0.9360358588738247,0.9382283928784187,0.9341391053823646,3928
2026-03-23 20:00:00,0.9362314594789928,0.9356308366050596,0.9381081173124052,0.9343924608052641,4692
2026-03-23 21:00:00,0.9361127350989055,0.9362130095246607,0.9371176430016669,0.9349193329847443,1640
2026-03-23 22:00:00,0.9355633570574126,0.9361025643731428,0.937465744136326,0.9345708707020629,2539
2026-03-23 23:00:00,0.9352626081983108,0.9354434510830559,0.9367324592346863,0.9338429964109374,642
2026-03-24 00:00:00,0.9343648174317434,0.9353018105125462,0.9370621904035911,0.93320823290934,735
2026-03-24 01:00:00,0.9358568371006796,0.9343921982603747,0.9371719738894503,0.9328223794868546,4452
2026-03-24 02:00:00,0.9357845507405107,0.9357950736687707,0.93732909280246,0.9343940704143899,1207
2026-03-24 03:00:00,0.9362679363070223,0.9358780522052251,0.9370159034506015,0.9345614606257925,902
2026-03-24 04:00:00,0.9358652844573693,0.9364122230923047,0.9373910630828178,0.9347053387217354,1663
2026-03-24 05:00:00,0.9350763385908845,0.9359602942393727,0.9379498449008111,0.9332723782952778,1813
2026-03-24 06:00:00,0.934900928207696,0.9349301514067552,0.9363465948594234,0.9332922403276972,1098
2026-03-24 07:00:00,0.9357268226077304,0.9349149143902178,0.9368501270940636,0.9337025893072077,3536
2026-03-24 08:00:00,0.9353362737641817,0.9355989483574605,0.9370701025488153,0.9343146634881678,2912
2026-03-24 09:00:00,0.9346833747846347,0.9353498109816002,0.9364565530348391,0.9338107513534752,2999
2026-03-24 10:00:00,0.9347999729679115,0.9345561199926584,0.9361227036535722,0.93283496065667,4928
2026-03-24 11:00:00,0.9351742399184498,0.9349791285059009,0.9361694660151602,0.9333212966134816,4647
2026-03-24 12:00:00,0.9364063760450897,0.9352842674057719,0.9375894165359782,0.9335856533122016,1483
2026-03-24 13:00:00,0.9366716889038691,0.9365683719110781,0.9379597052002046,0.9351971655567592,4939
2026-03-24 14:00:00,0.9371546834127675,0.9368195328462404,0.9388754960212251,0.9351871934375915,3424
2026-03-24 15:00:00,0.9376941398404578,0.9371166224481997,0.9392312210168248,0.9354211230823679,818
2026-03-24 16:00:00,0.9368293783040084,0.9376343312837434,0.9392190317738865,0.9354437501478947,1663
2026-03-24 17:00:00,0.9361068792511562,0.9370739442526786,0.9384708662230198,0.9348032984067188,1210
2026-03-24 18:00:00,0.935293957033952,0.9360837139395072,0.9377175366118349,0.9341649497661012,4016
2026-03-24 19:00:00,0.9342948477171833,0.9351041203766902,0.9362607252824473,0.9327739608340152,3231
2026-03-24 20:00:00,0.9348914426233361,0.934436128521388,0.9360882796318943,0.9328769500891325,3917
2026-03-24 21:00:00,0.935108980192084,0.9349116095111151,0.9366259862837217,0.9336229923275533,818
2026-03-24 22:00:00,0.9351686022394026,0.9353202269413048,0.9366446648822987,0.9338468559692841,2626
2026-03-24 23:00:00,0.9332240648528509,0.9352026140119808,0.936598573725593,0.9318850642322022,2756
2026-03-25 00:00:00,0.9347656724968149,0.9332212603472854,0.936121792598528,0.931597224342428,3436
2026-03-25 01:00:00,0.9340949684936997,0.9349795037621333,0.9367318987325234,0.9330789512511014,1926
2026-03-25 02:00:00,0.9356338280606539,0.9338790523203373,0.9374037346491862,0.9327858353422362,408
2026-03-25 03:00:00,0.9345468969501654,0.9355517707818501,0.936778036746722,0.9334494805697472,4451
2026-03-25 04:00:00,0.9339375960812479,0.9344225857040475,0.9353304096539937,0.9325783055489231,2189
2026-03-25 05:00:00,0.9322854590443657,0.933630629937397,0.9348300626615077,0.9307988523507347,4598
2026-03-25 06:00:00,0.9325570527763227,0.9324076020698054,0.9337049484022648,0.9313078027748076,2129
2026-03-25 07:00:00,0.9317311101607143,0.93247914816467,0.9341092345713953,0.9300794287799088,1368
2026-03-25 08:00:00,0.9309263600451405,0.931857534807041,0.933510998956754,0.9291214848259137,2374
2026-03-25 09:00:00,0.9298969743822597,0.9309806315977863,0.9320878392304085,0.9283866921743174,568
2026-03-25 10:00:00,0.9304799906793131,0.9299817144697631,0.9316650951911197,0.9282725743657337,2838
2026-03-25 11:00:00,0.9310135884179888,0.9304163932135899,0.9319970149747191,0.9292754841164377,4956
2026-03-25 12:00:00,0.9323726138362979,0.9309067038120448,0.9338087600136185,0.9297574687071266,1355
2026-03-25 13:00:00,0.9318583338704931,0.9323851604992422,0.933770391275883,0.9303166793769871,834
2026-03-25 14:00:00,0.9320224483987782,0.9319868366775976,0.9336411258458887,0.9305995406629154,770
2026-03-25 15:00:00,0.9310554470007267,0.9320154121326828,0.9335508523430861,0.9299083550779307,949
2026-03-25 16:00:00,0.9308041677336752,0.9309574422125383,0.9325240423047255,0.9290100294094134,2024
2026-03-25 17:00:00,0.9304150337487144,0.9306368300649792,0.9316020420516359,0.9289360115199579,1335
2026-03-25 18:00:00,0.9307633712168359,0.9304435378671775,0.9319846278736713,0.9288513251869236,3599
2026-03-25 19:00:00,0.9315261375716496,0.9306859519582211,0.9331886035703789,0.929477087610316,1770
2026-03-25 20:00:00,0.9322694375897732,0.9315161053380908,0.9335172123296404,0.9296478629881952,1879
2026-03-25 21:00:00,0.93163732838561,0.9322360693057579,0.9331786349614177,0.9302834531804407,824
2026-03-25 22:00:00,0.9323861793140772,0.9315751711908418,0.934010766078239,0.9298915455879475,2908
2026-03-25 23:00:00,0.9323531154612463,0.9324272686138584,0.9336643338420857,0.931117606184581,1678
2026-03-26 00:00:00,0.9321096677893236,0.9324306442538952,0.9341259570201123,0.9306643437985043,3557
2026-03-26 01:00:00,0.9315782841742094,0.9323842894674008,0.9337765104674489,0.9300250163683836,207
2026-03-26 02:00:00,0.9311583323284383,0.931684152367184,0.9330034493074345,0.9292041828418899,3249
2026-03-26 03:00:00,0.9324650677130855,0.9313812402936282,0.9342451036806343,0.9301055517400426,4024
2026-03-26 04:00:00,0.932695625787956,0.9323505419652343,0.9337301748672747,0.9308948197388575,3587
2026-03-26 05:00:00,0.9328265846735818,0.9324716152115468,0.9346271884439907,0.9309067458381215,1391
2026-03-26 06:00:00,0.9326298995296791,0.9328245659603904,0.934044626054318,0.9316268113200812,3514
2026-03-26 07:00:00,0.9344643834882577,0.9327501689146371,0.9359115987189153,0.9319580252819,4107
2026-03-26 08:00:00,0.9354431413548925,0.9345627680262926,0.936894524473932,0.9334390680730561,2681
2026-03-26 09:00:00,0.9349023447687934,0.9356130198757492,0.9368955787955386,0.9332287256271535,3269
2026-03-26 10:00:00,0.934697133477765,0.9345467095173965,0.935885475813941,0.9326633676322216,4097
2026-03-26 11:00:00,0.9345364500702368,0.9348727763646697,0.9361708973450853,0.9333934144687693,2454
2026-03-26 12:00:00,0.9346458540539487,0.9345834808831841,0.9357633457932042,0.9335226740561388,830
2026-03-26 13:00:00,0.9341199345594752,0.9344295100072126,0.9363805018732715,0.9322886636146397,4864
2026-03-26 14:00:00,0.9344490469519965,0.9342213496856654,0.9357158428093192,0.9329781848528019,1700
2026-03-26 15:00:00,0.935538113051026,0.9344728305635153,0.937266692018863,0.933173870717265,1994
2026-03-26 16:00:00,0.9345528919692728,0.9355915548925494,0.9372813684682003,0.9327419712635199,3103
2026-03-26 17:00:00,0.9337067819164537,0.9346928232177014,0.936195044378163,0.9319435604767762,974
2026-03-26 18:00:00,0.9333444129999807,0.9337670211831302,0.935129047222108,0.9316828549319994,1797
2026-03-26 19:00:00,0.9330168163298999,0.933138287412323,0.9345920531534254,0.9320963405064753,2929
2026-03-26 20:00:00,0.9345156657359593,0.9329967672864413,0.9360778497178511,0.931947807627935,3694
2026-03-26 21:00:00,0.9352669476509705,0.9342887262267607,0.9366980375215902,0.9325714335514943,786
2026-03-26 22:00:00,0.9359751894150592,0.9353580735234602,0.9369392207441968,0.93386484954025,4157
2026-03-26 23:00:00,0.9357769151449241,0.9361714176570792,0.9370646229035086,0.934591585632305,1456
2026-03-27 00:00:00,0.935562180089834,0.9356026968192398,0.9374295657830943,0.9342555436998213,4576
2026-03-27 01:00:00,0.93447340102951,0.9354680603362381,0.936131149419219,0.9327602350273975,4547
2026-03-27 02:00:00,0.9350597062005459,0.9343496408297847,0.9365171889505242,0.9325185292431754,3585
2026-03-27 03:00:00,0.9354279971541525,0.9349960168456318,0.9367651976458419,0.9335945511239703,4471
2026-03-27 04:00:00,0.9363924951776612,0.9354859256466788,0.9378422558162858,0.9342743043636837,883
2026-03-27 05:00:00,0.9362343728926441,0.9363302726964094,0.9374144414416191,0.9349073991534812,2382
2026-03-27 06:00:00,0.9361280385329938,0.9363260006612419,0.9378286764277227,0.9343466620732436,790
2026-03-27 07:00:00,0.9362555726794143,0.9362776586950068,0.9377399072643939,0.9344794396717334,2443
2026-03-27 08:00:00,0.9369244958610446,0.9364104124654865,0.9391059404666522,0.9349504251170903,2953
2026-03-27 09:00:00,0.9358218341444715,0.9367675331185085,0.9382077573193854,0.9345667537579565,2877
2026-03-27 10:00:00,0.9363738762447753,0.9360164962931619,0.9381571726990634,0.9343077736645411,471
2026-03-27 11:00:00,0.9363585045731457,0.9365797916326147,0.9375633372661082,0.93449806943851,512
2026-03-27 12:00:00,0.9355645266221805,0.9365763994128753,0.9382660557008096,0.9345691347045978,4990
2026-03-27 13:00:00,0.9340010723076899,0.9355424167405542,0.9370068202012946,0.9326651981308771,1340
2026-03-27 14:00:00,0.9338987170237811,0.9338957505995057,0.9353751376826005,0.9321710379345662,2523
2026-03-27 15:00:00,0.9349845017612367,0.9337606794847768,0.9364665181718753,0.9323375379902006,2941
2026-03-27 16:00:00,0.9362405152612927,0.93482977211593,0.9381241389127998,0.9335626416500135,880
2026-03-27 17:00:00,0.9365070474192952,0.936242157483527,0.9379834801294173,0.934785367921548,1673
2026-03-27 18:00:00,0.9379785516671769,0.9366263374477521,0.93916487259547,0.935115055814974,3047
2026-03-27 19:00:00,0.9379463458549594,0.9381623739244824,0.9393959783933026,0.9368565002283353,1145
2026-03-27 20:00:00,0.9386613235186915,0.937877979802136,0.9402994172964318,0.93644442006162,3983
2026-03-27 21:00:00,0.9383229003520116,0.938655878205645,0.9401893198671737,0.9368120127663428,3272
2026-03-27 22:00:00,0.9379369512225485,0.9383082421485827,0.9392845012352701,0.9366681603674074,4945
2026-03-27 23:00:00,0.937428819384888,0.9378476217203571,0.9393984969726383,0.9362418905637113,2875
2026-03-28 00:00:00,0.9358834226745447,0.9375321057531095,0.9386320470063032,0.9346306175641347,4021
2026-03-28 01:00:00,0.936848741869505,0.9359344127630455,0.9383771894246383,0.9348020191284347,1702
2026-03-28 02:00:00,0.9363675175401515,0.9368686616616674,0.93804692454739,0.9347240182275901,3501
2026-03-28 03:00:00,0.935766438455335,0.9364178110708588,0.9377424403804379,0.9346389260198018,4693
2026-03-28 04:00:00,0.9348814596941255,0.9358527445494942,0.9371022673411538,0.9334261175818396,4129
2026-03-28 05:00:00,0.9347281901167233,0.9349663475514938,0.9367943710717982,0.9334310301286421,3910
2026-03-28 06:00:00,0.936050809349643,0.9346104597364143,0.9375677305372414,0.9334046908532406,2307
2026-03-28 07:00:00,0.93762114348776,0.936176871839465,0.9393823090675789,0.9343847043915606,3021
2026-03-28 08:00:00,0.9363754933309085,0.9376570112739235,0.939874876341643,0.9350076688242075,3004
2026-03-28 09:00:00,0.9361096573339263,0.9363144660683053,0.9377317750340848,0.9348934822283284,1126
2026-03-28 10:00:00,0.935333889006356,0.9361425197791594,0.9379669793093297,0.9341455806074704,1388
2026-03-28 11:00:00,0.9360751423122646,0.9353822575268133,0.9372828321072197,0.9338829277940789,3275
2026-03-28 12:00:00,0.9362900874727351,0.936227071810918,0.9380470015845382,0.9345904588736338,3220
2026-03-28 13:00:00,0.9358126604772002,0.9361432366204402,0.9373202525102945,0.9340521849490456,3469
2026-03-28 14:00:00,0.9358670902876435,0.93599866186496,0.93739729226572,0.9345103608443798,3058
2026-03-28 15:00:00,0.9355090263215877,0.9358703411379588,0.937424280845641,0.9341696761119839,2948
2026-03-28 16:00:00,0.9367197108923689,0.9354379077625814,0.938319880481841,0.9339960279387522,2647
2026-03-28 17:00:00,0.9371299305286309,0.9366442590802445,0.93817786155483,0.9351915789268542,3226
2026-03-28 18:00:00,0.9376322980943183,0.9369890933157571,0.9387948622137703,0.9357998164527319,1875
2026-03-28 19:00:00,0.9356321099857936,0.937387969714419,0.938963045577603,0.9338181779388781,894
2026-03-28 20:00:00,0.935582018476672,0.935727174457901,0.9370273387842846,0.9341724083661218,3417
2026-03-28 21:00:00,0.9371444266959663,0.935860474974183,0.9381572881258409,0.9343044197484224,1741
2026-03-28 22:00:00,0.9381390234984939,0.9369167944834034,0.9395262562204211,0.9353901267309797,3813
2026-03-28 23:00:00,0.9367537063090536,0.9380054759675698,0.9393771724272414,0.935235060035113,4464
2026-03-29 00:00:00,0.936518636934541,0.9368592870586299,0.9383137702671763,0.9353959655794084,2017
2026-03-29 01:00:00,0.9356174973351019,0.9365122321309993,0.9380642086090593,0.934215867610145,771
2026-03-29 02:00:00,0.9369008235053741,0.9357347625463873,0.9384370554831696,0.9336883619499573,104
2026-03-29 03:00:00,0.937084032217081,0.9368865254036753,0.9382737054431538,0.9350347062167411,2989
2026-03-29 04:00:00,0.9365081855472824,0.9370024678562086,0.9382918068673879,0.9350593115811384,4423
2026-03-29 05:00:00,0.936533804004938,0.9364764592316305,0.9381992763532168,0.9351747328135821,4498
2026-03-29 06:00:00,0.9345782798581367,0.93619986664973,0.9374494394359114,0.933798219028869,4503
2026-03-29 07:00:00,0.9337645588805442,0.9344181180847965,0.935708088034556,0.9325032305119053,169
2026-03-29 08:00:00,0.9337918916749139,0.9338973832191474,0.9348766687756476,0.9324131719754426,366
2026-03-29 09:00:00,0.9344261482012539,0.9339589530319796,0.9358197474891942,0.9326462664489847,4838
2026-03-29 10:00:00,0.9329701626108059,0.9346229348472155,0.9361190282036274,0.9316400314593877,3403
2026-03-29 11:00:00,0.9326842961300291,0.9330318413982175,0.9338781143918254,0.9311111101022047,4428
2026-03-29 12:00:00,0.9334415604339182,0.9323684098624601,0.9345420179186943,0.9312483796043184,4902
2026-03-29 13:00:00,0.9323529704406383,0.9333527529003577,0.9343536167328151,0.9308781786937487,3603
2026-03-29 14:00:00,0.9325248575667264,0.932538261592553,0.9341575962961688,0.9311569160199411,2066
2026-03-29 15:00:00,0.9325743384440559,0.9327519003766613,0.9336157389672153,0.9314223210212943,3574
2026-03-29 16:00:00,0.9338601236843234,0.9327652168025293,0.9352388697475723,0.9308954127098323,3170
2026-03-29 17:00:00,0.9336875215394896,0.9338270357875801,0.9354286447507667,0.9320775240296613,4351
2026-03-29 18:00:00,0.9335588210907083,0.9335045567256399,0.9350117620895425,0.9323244636323131,4320
2026-03-29 19:00:00,0.9342000409055818,0.9335531273857581,0.9354780381465257,0.9320068625290934,937
2026-03-29 20:00:00,0.9332052794045448,0.9342021136037195,0.935698919361132,0.9321944675323339,4415
2026-03-29 21:00:00,0.9330396169996317,0.9334243895045637,0.9351142100814038,0.931825773281412,3529
2026-03-29 22:00:00,0.9326978232415013,0.9330714860670982,0.9344404220674847,0.9309273100694615,3701
2026-03-29 23:00:00,0.9325936393819725,0.9327001567556995,0.9334726416280495,0.9310964027618526,1782
2026-03-30 00:00:00,0.9332299442186947,0.9326039275629229,0.9349511187179003,0.9311281558096778,2481
2026-03-30 01:00:00,0.9336455653325063,0.9332859431821697,0.9351581452765519,0.9316090313226623,4390
2026-03-30 02:00:00,0.9330840536011098,0.9337332435207324,0.9351236106925117,0.9315133153637065,779
2026-03-30 03:00:00,0.9331865780036052,0.9329826343098068,0.9340319409421416,0.9316573371641776,2713
2026-03-30 04:00:00,0.9343044092141806,0.9330383570939091,0.9356222525150282,0.9313744343836531,4838
2026-03-30 05:00:00,0.9336808849400826,0.9344963588581496,0.9356516552790884,0.932753447272414,3852
2026-03-30 06:00:00,0.9337897600253804,0.9334510268066042,0.9348497199290923,0.9322373264703856,829
2026-03-30 07:00:00,0.9336448895176764,0.9340191212072214,0.9353813699474026,0.9322715775147153,918
2026-03-30 08:00:00,0.9335976357557989,0.9333773187505097,0.9348479189842894,0.931823514745011,2568
2026-03-30 09:00:00,0.9323746425391118,0.933515884056333,0.9347829535592195,0.9310669868924075,1285
2026-03-30 10:00:00,0.933432714679846,0.932510716582617,0.9350399811860319,0.9316101576834775,4419
2026-03-30 11:00:00,0.9328519507541799,0.93343276251963,0.9349035637366019,0.9319912488297709,4207
2026-03-30 12:00:00,0.9336215047317951,0.932667587096009,0.9348831500004603,0.931286226686075,4774
2026-03-30 13:00:00,0.9331554722757595,0.9336811932966284,0.9349066929724187,0.931889490727484,2036
2026-03-30 14:00:00,0.9326863437868377,0.9331648463809452,0.9344366037835188,0.9315419312634177,1499
2026-03-30 15:00:00,0.9335961862246868,0.9326560885081182,0.9349272766071661,0.9315574151385504,2686
2026-03-30 16:00:00,0.9343415996772952,0.9335087427420001,0.9359068227918796,0.9320697325844914,663
2026-03-30 17:00:00,0.9344980991015183,0.9343367487911785,0.9356075651123701,0.9325699134368406,3655
2026-03-30 18:00:00,0.935068962013873,0.934416478575869,0.9368806878304758,0.9329763244946502,4361
2026-03-30 19:00:00,0.9348525474286807,0.9354103513739638,0.936976632870778,0.9330813002792014,931
2026-03-30 20:00:00,0.9348462717078916,0.9348188905577525,0.9354806785831115,0.9335215085661702,1069
2026-03-30 21:00:00,0.9343500534135437,0.934793888733427,0.9362193376320714,0.9328242292307658,1582
2026-03-30 22:00:00,0.9350281021255189,0.93427408666097,0.9367225796812476,0.9324922861001165,4024
2026-03-30 23:00:00,0.9345080421271433,0.9352771883534834,0.9367879250558336,0.9331505405816656,1695
2026-03-31 00:00:00,0.9356219093858468,0.9342780100948572,0.9369096036791107,0.9328672871537269,3673
2026-03-31 01:00:00,0.9353850337596069,0.9356723405420607,0.9370582747917905,0.9340870421540605,4591
2026-03-31 02:00:00,0.9354004151826192,0.9353514589687506,0.9368535559714595,0.9337820891713312,2247
2026-03-31 03:00:00,0.93596946119811,0.9352005763282675,0.9375895087211144,0.9335432723967672,774
2026-03-31 04:00:00,0.9359873595140021,0.9358544644347064,0.936993987286166,0.9343518452672033,4587
2026-03-31 05:00:00,0.9357639282782881,0.9360318486311653,0.9372656482183112,0.9344246934420717,1919
2026-03-31 06:00:00,0.9357414106924318,0.935642600998675,0.9376050084311968,0.934659994915662,3035
2026-03-31 07:00:00,0.9364117744575999,0.9357778695002232,0.9378256477696311,0.9343868569068323,4800
2026-03-31 08:00:00,0.9359146352909974,0.9366545254296081,0.9384873931739036,0.9345646590434017,4497
2026-03-31 09:00:00,0.9358199575355425,0.9359385830187738,0.9381805062200284,0.9343499726428715,4190
2026-03-31 10:00:00,0.9358276725810456,0.9356159219555658,0.9370932761534919,0.9341793912255744,1832
2026-03-31 11:00:00,0.9364761114776914,0.9357087219104694,0.9375444580886259,0.933862250942072,3385
2026-03-31 12:00:00,0.9364012274472878,0.9364360233350791,0.9377660321912002,0.9351922613284869,1736
2026-03-31 13:00:00,0.9377574517681581,0.9363516807811461,0.9394732645289345,0.9353882090032605,2789
2026-03-31 14:00:00,0.9376400478348718,0.937778831908509,0.9395337834956037,0.9365549738477805,1752
2026-03-31 15:00:00,0.9374617851060678,0.9376839833326054,0.9397291436309513,0.9362337916292035,4209
2026-03-31 16:00:00,0.9373335110148545,0.9377050973826799,0.9391007479352086,0.9356232502740071,3780
2026-03-31 17:00:00,0.936346029943361,0.9373329885808088,0.9388746045599415,0.9353059112804054,4737
2026-03-31 18:00:00,0.935568484808292,0.9361843364214308,0.9373879163724804,0.9344917770780378,1405
2026-03-31 19:00:00,0.9351704846409877,0.935730335623993,0.9364297538519253,0.9336516070523251,4627
2026-03-31 20:00:00,0.9360223570276254,0.9353478175271891,0.9374152558197122,0.9337052931445725,1312
2026-03-31 21:00:00,0.9359975124831038,0.9360549919512929,0.9371350148865625,0.9350285412962599,3231
2026-03-31 22:00:00,0.935634029340892,0.9359629322359844,0.9375469673477131,0.9347279767084765,951
2026-03-31 23:00:00,0.9365539304000969,0.9357214865829165,0.9374301534030033,0.9345376458704163,3666
2026-04-01 00:00:00,0.9377173132497661,0.9365242404207322,0.9389159036440765,0.9349327384949562,3897
2026-04-01 01:00:00,0.9386588500954469,0.9374278718428836,0.9401422162066352,0.935979551261248,3899
2026-04-01 02:00:00,0.9380190325975205,0.938738132535718,0.9402499459246302,0.9368230509771556,1458
2026-04-01 03:00:00,0.9376475961323752,0.9381445252154001,0.9395376522206912,0.9360331272088136,4065
2026-04-01 04:00:00,0.9390078981851113,0.9378505749760703,0.9409424455907865,0.9364070460245613,879
2026-04-01 05:00:00,0.9391887529541113,0.9389049501684992,0.9410397428620192,0.9375264827939576,3692
2026-04-01 06:00:00,0.939317600476236,0.9392206191133822,0.9405337366193324,0.9382665586209964,2403
2026-04-01 07:00:00,0.940629618029833,0.9393525636167537,0.9424947199771968,0.9381590509567305,981
2026-04-01 08:00:00,0.9422883769106628,0.940641686278873,0.9441999600589198,0.9386750566851357,4873
2026-04-01 09:00:00,0.9420526374255489,0.9423046069757316,0.9436826691643949,0.9407346002171739,3821
2026-04-01 10:00:00,0.9427659653758929,0.942057889011257,0.9441929556796408,0.9409143498001264,816
2026-04-01 11:00:00,0.9443278374589533,0.9427959595040648,0.9457299598827688,0.94148775893067,2012
2026-04-01 12:00:00,0.9433854928838015,0.9444326496203022,0.9456651829399159,0.9419367118449884,3716
2026-04-01 13:00:00,0.9438503074327128,0.9435582581970867,0.9451115743117209,0.9418923594147268,1079
2026-04-01 14:00:00,0.9429630398490519,0.9437433284049298,0.945530994691726,0.9413728972180563,2417
2026-04-01 15:00:00,0.9422327432527398,0.9429386876523237,0.944475669804161,0.9410106474117302,602
2026-04-01 16:00:00,0.9420070231597634,0.942173028280193,0.9434294236812845,0.9402346623326644,210
2026-04-01 17:00:00,0.9430295666052187,0.9419270062960857,0.9441821384526892,0.9402819793826509,1277
2026-04-01 18:00:00,0.9430931394508529,0.9428009563840819,0.9442932885452656,0.9415122574016247,3585
2026-04-01 19:00:00,0.9427650377008908,0.9430965648635288,0.9444643693277064,0.9413871483941442,2587
2026-04-01 20:00:00,0.9432769031768807,0.9428328574759629,0.9449502301506582,0.9412479629394178,1613
2026-04-01 21:00:00,0.942350547902961,0.9432549794264535,0.9444253558599337,0.9406331978538505,1309
2026-04-01 22:00:00,0.9433151117643617,0.9423492803851049,0.9449852613296602,0.9413640824130384,4038
2026-04-01 23:00:00,0.9451227758787116,0.943374432904987,0.9465963045351401,0.941936773596413,3362
2026-04-02 00:00:00,0.945477731029526,0.9453229032158508,0.9469364637887866,0.9439135149150787,4330
2026-04-02 01:00:00,0.9456845522375658,0.945418186304854,0.947394102937236,0.9441615513926787,4825
2026-04-02 02:00:00,0.9465826806614245,0.9455181980771835,0.9482420473092126,0.9442618370852663,3200
2026-04-02 03:00:00,0.9445985173588266,0.9465698662171105,0.9475887523374706,0.9428828308647266,315
2026-04-02 04:00:00,0.9456926983067441,0.9448657078788639,0.9468036942172924,0.9432954764750209,4696
2026-04-02 05:00:00,0.9498649612712379,0.9455272934921484,0.9512243558091071,0.9435021905371207,740
2026-04-02 06:00:00,0.9501677498059002,0.9499576219668786,0.9516944715994846,0.9486947899676886,3574
2026-04-02 07:00:00,0.9504747997654407,0.9503328349076128,0.9522896103968879,0.9488680198493866,1311
2026-04-02 08:00:00,0.9518171281655603,0.9501370663673485,0.9532634335734896,0.9486209072739431,3857
2026-04-02 09:00:00,0.9542415273673979,0.9518758458706836,0.9561606109859285,0.9501879593895696,4041
2026-04-02 10:00:00,0.9558614887807189,0.9543280439158827,0.9570926358412536,0.9525047153542731,3986
2026-04-02 11:00:00,0.9537247605264186,0.9558232441505814,0.9571000206693759,0.9522673894748542,1429
2026-04-02 12:00:00,0.954850839131614,0.953632172666043,0.9561955510315248,0.9525135005791563,3244
2026-04-02 13:00:00,0.9583871553059039,0.9547659266498467,0.959589769929804,0.9535327348939597,1038
2026-04-02 14:00:00,0.9595840845620153,0.9583398619410043,0.9613572245153924,0.9568593980691704,4446
2026-04-02 15:00:00,0.9586485622660892,0.9595406439730487,0.9601820284900884,0.9568876892230946,849
2026-04-02 16:00:00,0.9594367578153915,0.9585779318358822,0.9607309701892556,0.9575550972147804,4222
2026-04-02 17:00:00,0.9583499331137822,0.9593872386400863,0.9611548788508107,0.9572487898489805,834
2026-04-02 18:00:00,0.9602792975409049,0.9585214570242003,0.9616297425957332,0.9568629144318167,1514
2026-04-02 19:00:00,0.9595822384352714,0.9601044958979912,0.9618527260958749,0.9585152675789953,3627
2026-04-02 20:00:00,0.9601213307969018,0.9593303421901224,0.9621945258208866,0.9582142077225817,4796
2026-04-02 21:00:00,0.9595419947945115,0.9602950249452643,0.9617574776708263,0.9577755151778475,3569
2026-04-02 22:00:00,0.9593362571254539,0.9595143633547294,0.9612897880483505,0.9579609493520251,1780
2026-04-02 23:00:00,0.9615696379004864,0.9592802602677183,0.9637098431151434,0.9579238158984026,1624
2026-04-03 00:00:00,0.9621437864983589,0.9615535868708037,0.9637030629007718,0.9597154225714926,3189
2026-04-03 01:00:00,0.9619227435298879,0.9621739827010845,0.9636029968944567,0.9607866098407636,2302
2026-04-03 02:00:00,0.9609984699648239,0.9618472016657713,0.963548879707491,0.9599213784219637,1114
2026-04-03 03:00:00,0.9592024281811445,0.9610712635197436,0.9628508382376135,0.9572948011584078,3178
2026-04-03 04:00:00,0.9581508914209174,0.9590641292697132,0.9604901983343168,0.9566465976912424,2228
2026-04-03 05:00:00,0.9587352425106506,0.9581074857118449,0.9600341819842183,0.9564738857785182,4877
2026-04-03 06:00:00,0.9603615230331177,0.9584162061503334,0.9622968614327261,0.9570652898186928,243
2026-04-03 07:00:00,0.9601391012422111,0.9605303496394844,0.9618926100346815,0.9587295973854348,3741
2026-04-03 08:00:00,0.962473753563074,0.9601136792742715,0.9642621439765573,0.9588731754580285,4010
2026-04-03 09:00:00,0.9620627530564001,0.9625704558911736,0.964089418464522,0.960527843496011,4034
2026-04-03 10:00:00,0.9622271389889443,0.9621315390062101,0.9641978663344336,0.9604482074185414,3530
2026-04-03 11:00:00,0.9613816469245396,0.9623064261205956,0.9635036214407513,0.9598830504306087,4890
2026-04-03 12:00:00,0.9630205610060211,0.9613805237254561,0.9642192383602789,0.9596294903771759,1615
2026-04-03 13:00:00,0.9659875737428746,0.963076814431597,0.9676841820773189,0.9614358732768865,1967
2026-04-03 14:00:00,0.9643233933897511,0.9658485253858572,0.9669680066852017,0.9631802195244369,4677
2026-04-03 15:00:00,0.9643579989073895,0.9641539780784238,0.9658382773829612,0.9627493165933015,438
2026-04-03 16:00:00,0.9663257347238495,0.9643433437175676,0.9682241036328433,0.9630238437047602,4150
2026-04-03 17:00:00,0.9650394000981388,0.9662273330752988,0.9671581621744564,0.9633737129138968,3759
2026-04-03 18:00:00,0.9661694207865041,0.9652459860823319,0.9677352353198505,0.9636629404429413,2985
2026-04-03 19:00:00,0.9680851874267532,0.9662238965512778,0.9698892370365946,0.9647347735882971,693
2026-04-03 20:00:00,0.9686290620039814,0.9679810867222248,0.9700744771217975,0.9662336056686511,3094
2026-04-03 21:00:00,0.9697393776891096,0.9685895634856033,0.9709242752283296,0.9676777215160082,2249
2026-04-03 22:00:00,0.9723024605524627,0.9697587760831501,0.9736843139195622,0.9684762498925524,529
2026-04-03 23:00:00,0.9750905724173841,0.9722925141962471,0.9763079184544372,0.9709814913689352,3718
2026-04-04 00:00:00,0.9754662117617426,0.9751303342783803,0.976949649532916,0.9735934674436061,4080
2026-04-04 01:00:00,0.9752773583425836,0.9754762553451568,0.976858211982289,0.9736526993239514,2835
2026-04-04 02:00:00,0.9746233822092951,0.9750740533550306,0.9763859177164372,0.97316182951312,898
2026-04-04 03:00:00,0.9762457391898096,0.9743084104963807,0.9778466301210441,0.9732291590771893,1899
2026-04-04 04:00:00,0.9750496085204604,0.9761910960868654,0.9781155853203934,0.9734680473060051,2749
2026-04-04 05:00:00,0.975196519674871,0.9751315971007577,0.9767552213884211,0.9736313366849446,2620
2026-04-04 06:00:00,0.9757697474000163,0.9751434813636727,0.9776267344853949,0.9741097646643043,2998
2026-04-04 07:00:00,0.9756161443847539,0.9759507091869071,0.9778762315213135,0.9742391798235023,1301
2026-04-04 08:00:00,0.9764019287027768,0.97560927734521,0.9776946925790394,0.974035114964787,4001
2026-04-04 09:00:00,0.979929344684728,0.9766014221402545,0.9814800412758643,0.9746455197715398,463
2026-04-04 10:00:00,0.9802334263763122,0.9800987148229967,0.9815788121503003,0.9789486277856808,4933
2026-04-04 11:00:00,0.9801609396233993,0.9803879909245496,0.9814224046030119,0.9784583646563076,2121
2026-04-04 12:00:00,0.9818293378126576,0.9799836931687699,0.9834068707568228,0.9788280232156087,4162
2026-04-04 13:00:00,0.9825668381856322,0.9818318640904478,0.9837305462458594,0.9807325511629883,385
2026-04-04 14:00:00,0.9847440411110858,0.9827474560214462,0.9863642316021735,0.9816282721384566,3379
2026-04-04 15:00:00,0.9853916662548695,0.9847842960444045,0.986409808965201,0.9831273558369102,4900
2026-04-04 16:00:00,0.9855435584053043,0.985473618129881,0.9870724300576625,0.9839568981933394,4806
2026-04-04 17:00:00,0.9838530885395909,0.9853387368235519,0.9863509053011038,0.9824701913179004,2293
2026-04-04 18:00:00,0.9823594069070167,0.9841358297403225,0.9858079620683516,0.9807509411294932,1932
2026-04-04 19:00:00,0.9806065684785042,0.9822430028664245,0.9835981873939211,0.9791236497038144,4423
2026-04-04 20:00:00,0.9815117754780454,0.9803129357142136,0.9828398218304842,0.9788081253617322,3224
2026-04-04 21:00:00,0.9803270761022044,0.9814601427678594,0.983261936344123,0.9789458519691601,4763
2026-04-04 22:00:00,0.9822837689413076,0.9799664575528901,0.983662432647676,0.978795834739449,1248
2026-04-04 23:00:00,0.9827700648191348,0.9821238046649752,0.9842769027020409,0.9801509997664811,2301
2026-04-05 00:00:00,0.9829270405162127,0.9831472893887706,0.9845631123773906,0.98103969332413,1632
2026-04-05 01:00:00,0.9823644144259676,0.9828710397358352,0.9844941196345478,0.9804222332072369,2159
2026-04-05 02:00:00,0.9835611249238918,0.982153767033004,0.9853442066355699,0.9808375600925282,4376
2026-04-05 03:00:00,0.983045727540441,0.9835648552707875,0.9852858642218016,0.9817722687864248,4477
2026-04-05 04:00:00,0.9823132739355571,0.9829134388600208,0.9842493843518028,0.9809619384609645,3017
2026-04-05 05:00:00,0.9841892938402835,0.9824409015166529,0.9860225571057195,0.9806474802094693,269
2026-04-05 06:00:00,0.9850648392332135,0.9840578549475191,0.9862716368396054,0.9825803144494946,2264
2026-04-05 07:00:00,0.9852329239193156,0.9851048495979395,0.9864913180172522,0.9837875513157129,2487
2026-04-05 08:00:00,0.986452643500996,0.9850631960064394,0.9878945016541426,0.9834758373469251,3597
2026-04-05 09:00:00,0.9869133617487289,0.9868373958415443,0.9887036621973628,0.9855750691866659,1416
2026-04-05 10:00:00,0.987822977529271,0.9869879854111296,0.9889579412577704,0.9859079167224943,2935
2026-04-05 11:00:00,0.9872927600464204,0.987801429006211,0.9895464148986419,0.985773543084931,3788
2026-04-05 12:00:00,0.9902272383771131,0.9872492457604981,0.9916963156153256,0.9859172138284256,2891
2026-04-05 13:00:00,0.9899816944159017,0.9901450302996962,0.9915011863667387,0.9885007907274566,4199
2026-04-05 14:00:00,0.9922989140082417,0.9898684363729516,0.9941141679987895,0.989179242993989,1337
2026-04-05 15:00:00,0.9925222713890763,0.9921815388118279,0.9937720541939398,0.990958377707274,3138
2026-04-05 16:00:00,0.9939407879278623,0.9927724953140808,0.996113247136916,0.9912950194062402,2332
2026-04-05 17:00:00,0.9952718561266937,0.9938582877599489,0.9967120219306581,0.992818146253753,2093
2026-04-05 18:00:00,0.9970980782328738,0.9949533702017593,0.9986385474128214,0.9939011491154243,2178
2026-04-05 19:00:00,0.9965393297842768,0.9969237883292064,0.998879866983076,0.9950329302270264,2819
2026-04-05 20:00:00,0.9982800922658115,0.9966782491371643,0.9998302005329398,0.994970716420977,2614
2026-04-05 21:00:00,1.0009458200869052,0.9982422078593486,1.0028042368173806,0.9970085569727234,2913
2026-04-05 22:00:00,1.001085388511815,1.0009256860172906,1.0020004330736132,0.999502781284558,4804
2026-04-05 23:00:00,1.0015770357923854,1.0012611374054168,1.0029464128366106,0.9998305917389778,3212
2026-04-06 00:00:00,1.0013988998214092,1.001460297727279,1.0030815827077815,1.0003661513916662,2779
2026-04-06 01:00:00,1.0014331763187871,1.0014938984346442,1.0033209389477677,0.9995753517151964,4618
2026-04-06 02:00:00,1.0039368836775062,1.0013325994395783,1.0056746070322458,0.9998817974337844,1265
2026-04-06 03:00:00,1.00318180224615,1.0040235400218556,1.0057317676577484,1.0017288658311239,1320
2026-04-06 04:00:00,1.0025012596599292,1.003122985208911,1.0049458506454605,1.0008853328707477,670
2026-04-06 05:00:00,1.0048843407836265,1.002464850312428,1.0065348692381841,1.0014278081605898,1087
2026-04-06 06:00:00,1.0060837988946927,1.005008109261489,1.0069460577748137,1.0032213242659849,482
2026-04-06 07:00:00,1.0090782431935437,1.006197021228513,1.0110284493356463,1.004365359322412,1032
2026-04-06 08:00:00,1.0089877168281527,1.0090532059727497,1.0103131294395364,1.0074316968261352,3313
2026-04-06 09:00:00,1.0095892541928377,1.0089162948997652,1.0111986278053113,1.0072619188138385,3516
2026-04-06 10:00:00,1.0092464418603115,1.0098313442942848,1.0114000174804256,1.007831300569291,3273
2026-04-06 11:00:00,1.0098684032626888,1.0093357138451517,1.011397544267713,1.007559367225472,4533
2026-04-06 12:00:00,1.0081894872259476,1.0098092515037633,1.01098700615747,1.0069261067435122,4301
2026-04-06 13:00:00,1.0094614326939335,1.0080905977043921,1.010388514019075,1.0065862170134148,1701
2026-04-06 14:00:00,1.0102996015941244,1.0096167507253744,1.0115112400935213,1.0080930380362634,1029
2026-04-06 15:00:00,1.0106805359991653,1.0103170964872483,1.0124470757351491,1.0088128049751708,2161
2026-04-06 16:00:00,1.0106620988096457,1.010655741477167,1.0117394781915192,1.00881559077377,4644
2026-04-06 17:00:00,1.010038394024804,1.0106795182108974,1.0119278405287633,1.0078602851638916,4844
2026-04-06 18:00:00,1.0113616495192435,1.0100896392454544,1.0130055308995312,1.008605922264354,1103
2026-04-06 19:00:00,1.0104063415363993,1.0113530576581344,1.0125572322483578,1.008748156323292,811
2026-04-06 20:00:00,1.0114706166308585,1.0105889656210147,1.0128230393696014,1.0093152492288868,3714
2026-04-06 21:00:00,1.0144099583046298,1.0116622394545303,1.0159564734102982,1.009826587089373,4409
2026-04-06 22:00:00,1.016642584091003,1.0144910693214226,1.0182537519605446,1.0131239345267542,4755
2026-04-06 23:00:00,1.0152864305597982,1.0168519441215353,1.0180559034789003,1.0128055391446191,4800
2026-04-07 00:00:00,1.0150923448873863,1.0152877243104421,1.0168532838504796,1.0140784929243263,1485
2026-04-07 01:00:00,1.0160480857760528,1.0151975563118143,1.0176937345871617,1.0130189119177515,4017
2026-04-07 02:00:00,1.0164137474696355,1.0162012272577379,1.0175501385360666,1.0143743590789143,3402
2026-04-07 03:00:00,1.0151844606076965,1.016568924243631,1.0181571325097714,1.0140034686576582,1748
2026-04-07 04:00:00,1.0160968397494647,1.015324072183581,1.0174025496225407,1.0130928916709243,178
2026-04-07 05:00:00,1.0165348194753252,1.0161930836184838,1.018097410933287,1.0149514098418118,3302
2026-04-07 06:00:00,1.0192820099656497,1.0168340492972454,1.021032039406463,1.0154012438165825,1871
2026-04-07 07:00:00,1.0194281355225088,1.0191994828054314,1.0209033727043655,1.0180668754816764,1527
2026-04-07 08:00:00,1.0212797395849007,1.019404356945684,1.0230915149917272,1.0179173078453847,146
2026-04-07 09:00:00,1.0202092335011448,1.0212469127495565,1.0230192653184194,1.0186950483263093,692
2026-04-07 10:00:00,1.019425622343669,1.0201529509394276,1.0219597289508957,1.0176426375441519,1031
2026-04-07 11:00:00,1.0207416166954404,1.019121118985044,1.0223961704479965,1.0168433400788859,626
2026-04-07 12:00:00,1.0224920936321693,1.0209524849544878,1.0243634894053395,1.0195760962731915,4754
2026-04-07 13:00:00,1.02179322236088,1.0223348334541311,1.0239855696190054,1.0211043182590422,145
2026-04-07 14:00:00,1.022272115248661,1.0218192619177748,1.0232942052871223,1.0200869712738156,2004
2026-04-07 15:00:00,1.021064220240426,1.02205434351246,1.0233433133405647,1.019701194685723,4893
2026-04-07 16:00:00,1.0212967564488595,1.0211593104847951,1.0227639747364639,1.0190702111812802,675
2026-04-07 17:00:00,1.0227510637916084,1.0211762667541713,1.0242584281473328,1.0196527515919638,3309
2026-04-07 18:00:00,1.022679113592645,1.022576805111565,1.0243228878501949,1.0212756783256565,1325
2026-04-07 19:00:00,1.0228302719455125,1.022708930649439,1.0241169049116556,1.021485513730971,1674
2026-04-07 20:00:00,1.0219245174675573,1.0227228572683076,1.0248715686465977,1.020200667728227,2276
2026-04-07 21:00:00,1.0215964873712073,1.0218365336301942,1.0233375270465315,1.0201484468825939,2937
2026-04-07 22:00:00,1.0241562204706645,1.02162287828166,1.0256900927501242,1.0196356954970172,3828
2026-04-07 23:00:00,1.024693730340725,1.024279182097286,1.0260245772148224,1.0228068784235411,3133
2026-04-08 00:00:00,1.0239409610207444,1.0245680312734173,1.025795723145723,1.0219705033213202,200
2026-04-08 01:00:00,1.0240132346808428,1.0237887118890219,1.0255104536973907,1.0226766747447995,996
2026-04-08 02:00:00,1.022546321535443,1.0240168366513902,1.025559107701196,1.0215458477981356,3174
2026-04-08 03:00:00,1.0217793299048747,1.0226289711064587,1.024135001058471,1.0199924868786743,1515
2026-04-08 04:00:00,1.0238617375917305,1.0220039787657362,1.025905925450065,1.0206108384385129,393
2026-04-08 05:00:00,1.0241407586824665,1.0236971587455912,1.0256381622540056,1.0222419215615088,2781
2026-04-08 06:00:00,1.026859634893788,1.0240917825452387,1.0283734531551159,1.0228633074318259,1653
2026-04-08 07:00:00,1.0271952174875927,1.02704079916105,1.0289872505987234,1.0258345128834045,4214
2026-04-08 08:00:00,1.0276020430521629,1.0274993508840633,1.0290907098381499,1.025761983974475,4459
2026-04-08 09:00:00,1.0288211160424134,1.0274487861036268,1.0305308127432622,1.0259113715780261,734
2026-04-08 10:00:00,1.0260640109437502,1.0287074057941479,1.0298527872782433,1.0248512652004624,3908
2026-04-08 11:00:00,1.0267599381321344,1.0261227056901847,1.0279085299583803,1.0243390561475503,4305
2026-04-08 12:00:00,1.0271511543464613,1.0266709237018214,1.0287294928565944,1.024768152851472,3238
2026-04-08 13:00:00,1.0293844010186795,1.0270339231477337,1.0308569505613308,1.025523455571299,3084
2026-04-08 14:00:00,1.0309920162916757,1.0294222081051871,1.032288274888881,1.0275654327488863,2373
2026-04-08 15:00:00,1.0300815862690196,1.0312314206362374,1.0328141981838832,1.0288460461209958,2499
2026-04-08 16:00:00,1.0320221526113726,1.0298788740584703,1.0336349246190801,1.0281521331181798,486
2026-04-08 17:00:00,1.0321573751806754,1.032254130101347,1.033582548574901,1.0305590536158755,805
2026-04-08 18:00:00,1.0315220313091202,1.0320684421138924,1.0334551803640688,1.0302197020737043,3451
2026-04-08 19:00:00,1.0322085552101656,1.031575570716037,1.0338239460796415,1.0293915024936258,2794
2026-04-08 20:00:00,1.032415231983369,1.0324549179876072,1.0336872877517247,1.0307945130012597,952
2026-04-08 21:00:00,1.0347113903602032,1.0324657243873452,1.0360759575393153,1.0310970558274584,1832
2026-04-08 22:00:00,1.0355701367943926,1.0346651794333814,1.0372893701855486,1.0331057276043512,3266
2026-04-08 23:00:00,1.0362669274994558,1.0356817700412828,1.037813917743836,1.0343977403089089,1025
2026-04-09 00:00:00,1.0377977039988824,1.0362399707763772,1.0392058285501409,1.0350434559430621,1132
2026-04-09 01:00:00,1.0395591499405936,1.0378790002869729,1.0408368504734309,1.0364598210409997,4411
2026-04-09 02:00:00,1.0409494760537503,1.0395271905538908,1.0421944897201032,1.0380849693461034,2344
2026-04-09 03:00:00,1.0431028322211282,1.041084216707624,1.044626256114695,1.0397712132529997,2356
2026-04-09 04:00:00,1.0442832511166247,1.0428844363004224,1.046484332619675,1.0409260564238458,459
2026-04-09 05:00:00,1.0449344328742967,1.044124391570103,1.0466791975069019,1.0427970458131361,490
2026-04-09 06:00:00,1.0468714393488023,1.0447131878350846,1.0480231452553008,1.043435657863556,3282
2026-04-09 07:00:00,1.0472123639807038,1.0468625753094103,1.049005364181027,1.0456642670319196,1580
2026-04-09 08:00:00,1.0477022598003174,1.0469719888834592,1.04903528702581,1.0458033764574333,1470
2026-04-09 09:00:00,1.0502181521010736,1.0475932736885676,1.0517919489377001,1.0456942319375633,989
2026-04-09 10:00:00,1.05261446105462,1.050043285165137,1.0540074297898545,1.0483828383250773,3791
2026-04-09 11:00:00,1.053054650086312,1.0528481880447407,1.055273253469946,1.0510505202803517,4702
2026-04-09 12:00:00,1.0529603881935452,1.0528981780110815,1.0541815775637438,1.0509970353659224,1376
2026-04-09 13:00:00,1.0551661963937955,1.0527567602631691,1.056848219603821,1.0512795169606157,1291
2026-04-09 14:00:00,1.0565766984232938,1.05520555470001,1.0579443343221948,1.0531540293843082,3920
2026-04-09 15:00:00,1.0574053959283307,1.0568442464919137,1.059225876261562,1.0554570015151652,2581
2026-04-09 16:00:00,1.0574691486761028,1.0573869853250089,1.0591484479075002,1.0561483905422995,3991
2026-04-09 17:00:00,1.0583171845705603,1.0574630020799898,1.0603029747347275,1.0557569048236015,3753
2026-04-09 18:00:00,1.058741134418695,1.0585221712733506,1.060557336374891,1.0568881479364394,3998
2026-04-09 19:00:00,1.0583939286032074,1.0588805613086185,1.0602479425906943,1.0567609453891145,876
2026-04-09 20:00:00,1.058998779397512,1.0584615056956235,1.0615137540576334,1.0565504403080648,2722
2026-04-09 21:00:00,1.0597672882522795,1.0589062075493256,1.0615335259189032,1.0572827889451972,2243
2026-04-09 22:00:00,1.0597668141719752,1.0598397696109407,1.06125434785444,1.0580776353752241,4347
2026-04-09 23:00:00,1.0613014049983065,1.0595501838611305,1.0629587991981175,1.0575253473155848,3301
2026-04-10 00:00:00,1.0632980038690796,1.0612019320532968,1.0650941801157183,1.0595219166428527,3750
2026-04-10 01:00:00,1.0649118811014662,1.0635266611067329,1.0666986310882192,1.0617713905897033,4421
2026-04-10 02:00:00,1.0650303830392094,1.0651198803666277,1.0668759114396276,1.0638858101219064,3483
2026-04-10 03:00:00,1.0663873688442354,1.0651003622628246,1.0682961432058482,1.0623109643610165,3305
2026-04-10 04:00:00,1.0669309225211874,1.0660785957723626,1.0688092024538236,1.064987395041888,2696
2026-04-10 05:00:00,1.0658980273469083,1.066737746379696,1.0680655676893254,1.0644716413334807,492
2026-04-10 06:00:00,1.0671553026011056,1.0657892619561333,1.0694309218895857,1.064370874026041,3631
2026-04-10 07:00:00,1.067780660570254,1.0671278020653403,1.070013033661433,1.0648508616135062,1675
2026-04-10 08:00:00,1.0713429181727372,1.0675797177006192,1.0732073649704623,1.066165737688926,704
2026-04-10 09:00:00,1.0735416432086715,1.0713032539668033,1.0751644184348084,1.069550628708637,1819
2026-04-10 10:00:00,1.0748450233969928,1.0738265784824121,1.0764753115309615,1.07239577675042,1800
2026-04-10 11:00:00,1.0755940279985388,1.0749096938982963,1.0771029473256806,1.0736319195124293,2002
2026-04-10 12:00:00,1.0762404947046085,1.0756293545104498,1.0777920941943349,1.0738308419102165,1472
2026-04-10 13:00:00,1.0754860674202487,1.0760763397032111,1.076984011953139,1.0741048098078363,4713
2026-04-10 14:00:00,1.0738492827476087,1.0752220640246017,1.0773258196421207,1.0721716327430215,4429
2026-04-10 15:00:00,1.073252211816711,1.0736515580680699,1.075640547803352,1.0714405537583862,274
2026-04-10 16:00:00,1.0736449513949065,1.0729817516646778,1.0747153689290692,1.0707571309067279,2533
2026-04-10 17:00:00,1.0715683042610558,1.0736570122062143,1.0755504695148308,1.0703667038096394,1580
2026-04-10 18:00:00,1.0713651181103285,1.0716299965400826,1.0732345646687127,1.0698071866944858,4259
2026-04-10 19:00:00,1.0715179824705792,1.071209969278917,1.0730612749889996,1.069638524744409,2513
2026-04-10 20:00:00,1.0717094706063965,1.071541761454199,1.073475489685977,1.0699338988540301,3207
2026-04-10 21:00:00,1.0713654022885708,1.0719455449790296,1.0729924445130001,1.0689327167263203,523
2026-04-10 22:00:00,1.0714055857113132,1.0716800254687293,1.0732835181163072,1.0698541901757987,3594
2026-04-10 23:00:00,1.0739242583050619,1.071529690065991,1.075560751721672,1.0707308803727438,2469
2026-04-11 00:00:00,1.0751688326428506,1.0738960608459809,1.076807534757611,1.0723473116004691,4388
2026-04-11 01:00:00,1.0749464717105728,1.0752878460257569,1.0764592723621582,1.0733722267531771,624
2026-04-11 02:00:00,1.0753144543645383,1.0751645148328233,1.077071598604999,1.073629301815798,1584
2026-04-11 03:00:00,1.0757304783617556,1.0749905688918113,1.077686096667105,1.073608893414286,4205
2026-04-11 04:00:00,1.0752589318412675,1.07596951955733,1.0777138039935856,1.0740722658592827,1246
2026-04-11 05:00:00,1.074785975579975,1.0751711346996786,1.0767094152772365,1.0724774994114563,1423
2026-04-11 06:00:00,1.076448604404367,1.0746995965610373,1.0789316615122333,1.0729821356853333,1580
2026-04-11 07:00:00,1.076394863151347,1.076391298007395,1.0777108931811308,1.0748387836462656,2662
2026-04-11 08:00:00,1.0755312274869098,1.0764465022243483,1.0783093603735576,1.0732314321954322,367
2026-04-11 09:00:00,1.0759294590740265,1.0753518828086983,1.0776218768666055,1.0740183729379762,3129
2026-04-11 10:00:00,1.0765210707777815,1.0758834678275868,1.0787857415713449,1.0740741346173845,4067
2026-04-11 11:00:00,1.074603825708749,1.0766057405121305,1.078342327100226,1.073394593813074,1598
2026-04-11 12:00:00,1.0750049300793683,1.0746390704843303,1.0768113109301212,1.0727844423744957,939
2026-04-11 13:00:00,1.0764965060005862,1.07506642190349,1.0782745715286908,1.0738180612100623,1821
2026-04-11 14:00:00,1.0774879812632123,1.0764441451415019,1.078762114293564,1.0746758376830363,3262
2026-04-11 15:00:00,1.0806137354014462,1.0776004261386647,1.081952978758847,1.075346297512215,2601
2026-04-11 16:00:00,1.0853053959601169,1.0807857155190845,1.086843598903857,1.079127331020433,3058
2026-04-11 17:00:00,1.0907388985529325,1.0854684242277903,1.0926882833047111,1.084549776047381,4046
2026-04-11 18:00:00,1.1012392208126112,1.0908095337268766,1.1029680882250972,1.0891458570084127,4744
2026-04-11 19:00:00,1.104082306794266,1.101394713020202,1.10566995455528,1.0995794519877198,2318
2026-04-11 20:00:00,1.1046938200740137,1.1042266450808933,1.1068056189961843,1.1022710109201121,3826
2026-04-11 21:00:00,1.1083453461743813,1.1051387943363695,1.1093486991537889,1.1029863018349186,2505
2026-04-11 22:00:00,1.1062482095491502,1.108547468851684,1.1097767915563412,1.1040828711716117,777
2026-04-11 23:00:00,1.1066520332472563,1.1062334782172631,1.1074831511253038,1.104616971618788,3019
2026-04-12 00:00:00,1.1042230545857126,1.1065010286541348,1.1085576365309993,1.1027851701780926,4769
2026-04-12 01:00:00,1.1057154966765734,1.1041797425617386,1.1073419844424919,1.1028921956481201,2183
2026-04-12 02:00:00,1.103270837596499,1.1056605893932425,1.1076353201116496,1.1017946445826672,2747
2026-04-12 03:00:00,1.1006948557220175,1.1033552756249083,1.1049702398829573,1.0988864590322982,3657
2026-04-12 04:00:00,1.1022453805711632,1.1005790775902962,1.1042370884836528,1.0993716717664148,4166
2026-04-12 05:00:00,1.101728962668236,1.1024423989889376,1.1040530984235957,1.1003827138638644,124
2026-04-12 06:00:00,1.0945007584092983,1.1015008310036645,1.1032771766509735,1.0926743762381725,379
2026-04-12 07:00:00,1.089042419954378,1.0942340750405348,1.0959537318813835,1.0876200718943807,2466
2026-04-12 08:00:00,1.0847401706113975,1.0890204350901547,1.0907574427450466,1.0829926586764302,648
2026-04-12 09:00:00,1.08142902596347,1.0846034954396142,1.0867722160978754,1.0800710680290895,4622
2026-04-12 10:00:00,1.0829831134490149,1.0812246290609748,1.0840798208241147,1.0795066501800996,3552
2026-04-12 11:00:00,1.0838041341255336,1.0828795445913706,1.0854076060775817,1.0815048074327338,3117
2026-04-12 12:00:00,1.0877989317694055,1.083679882604819,1.0894952412510857,1.082668874573444,2960
2026-04-12 13:00:00,1.090621938605437,1.087800589678002,1.0922736703764004,1.0858518805091277,2483
2026-04-12 14:00:00,1.094641574691122,1.0905200596373215,1.0961528745418467,1.0891066237879896,343
2026-04-12 15:00:00,1.0969230604090938,1.0945528663545885,1.0983924822127638,1.0929893002262792,3882
2026-04-12 16:00:00,1.097709357818187,1.0969222592374301,1.0998597752763672,1.0955032971453713,2443
2026-04-12 17:00:00,1.1018319268517656,1.0978769863798135,1.103461297916063,1.0960442615923196,2025
2026-04-12 18:00:00,1.1052797248207908,1.1020757646232722,1.1077460282702563,1.1003073715832081,2239
2026-04-12 19:00:00,1.1066900824491184,1.1053042547551772,1.1085255085792602,1.1034642407870838,2389
2026-04-12 20:00:00,1.111456601964844,1.1067276846573761,1.113027204990528,1.1052437377249127,4713
2026-04-12 21:00:00,1.1026598960554563,1.1114263030182265,1.1132631179001433,1.1010223562483052,1056
2026-04-12 22:00:00,1.1015706591524297,1.1027394154593986,1.1044277706242946,1.0997804860011013,967
2026-04-12 23:00:00,1.1004239449062356,1.1016350701616526,1.103728736517228,1.0982631951535347,708
2026-04-13 00:00:00,1.1047465056967916,1.1006436537454825,1.1060166143097454,1.0988849421815352,3141
2026-04-13 01:00:00,1.110639236935357,1.1044318552765733,1.1117050554429007,1.1031002042697973,225
2026-04-13 02:00:00,1.1052010642970687,1.1106003618619682,1.112377850437507,1.1034544397134114,3980
2026-04-13 03:00:00,1.1104929412001285,1.1052575644903775,1.1124370909306647,1.1036467937349226,3684
2026-04-13 04:00:00,1.10610002175253,1.110488580297227,1.1122426023370684,1.105104111623294,3573
2026-04-13 05:00:00,1.101820464581677,1.1059448017425482,1.1078198165136541,1.1007776433449068,2394
2026-04-13 06:00:00,1.1009418931979493,1.1016058854999067,1.1034308409760234,1.0993124407197705,2110
2026-04-13 07:00:00,1.0997486189274521,1.1010749059941147,1.1022361085014238,1.0980931236935414,4702
2026-04-13 08:00:00,1.093904554128514,1.0996244182322192,1.1013575698812508,1.092360425722272,4170
2026-04-13 09:00:00,1.096341596529111,1.093615958567523,1.0984192013483982,1.0916806365913836,966
2026-04-13 10:00:00,1.0988893556218358,1.096482788348838,1.1005943155187554,1.0951427408349141,1367
2026-04-13 11:00:00,1.1028420116074495,1.098965283465619,1.1040628715456071,1.097769646713498,1295
2026-04-13 12:00:00,1.1012165541207826,1.1028228712363024,1.1043644013719365,1.0998375090969992,2417
2026-04-13 13:00:00,1.1010681189396359,1.1010655065804953,1.102903629243573,1.099615325896708,3229
2026-04-13 14:00:00,1.1009540170712508,1.1010493848677188,1.103293887805232,1.099321793260202,1183
2026-04-13 15:00:00,1.1072839999767576,1.1011559171763445,1.1082950567624914,1.099759955420094,367
2026-04-13 16:00:00,1.096655582041883,1.1070183846289563,1.108782212167967,1.0957152195066129,1987
2026-04-13 17:00:00,1.093067040733174,1.0963991521840877,1.097733063138605,1.0922699670806988,2566
2026-04-13 18:00:00,1.0930878188936433,1.092964110339034,1.0948939477132829,1.0912840914778295,3394
2026-04-13 19:00:00,1.0890169305127102,1.093083466579742,1.0949090394335048,1.087752262187462,705
2026-04-13 20:00:00,1.0880482291729434,1.0889359320846135,1.0904919018035157,1.0870707336056349,3477
2026-04-13 21:00:00,1.0875754459115563,1.0881530959014498,1.089990532605538,1.0857401814985626,890
2026-04-13 22:00:00,1.0851091230035845,1.08775267145854,1.0897514085154143,1.0829784523076995,1536
2026-04-13 23:00:00,1.0853508814764696,1.0851545072938718,1.0869253223850202,1.083557237169152,2609
2026-04-14 00:00:00,1.0877064412680615,1.0854423193569993,1.0889016695792826,1.0837231644770857,614
2026-04-14 01:00:00,1.0868204420991951,1.0877507997713753,1.0898458329396186,1.0850999240787387,2888
2026-04-14 02:00:00,1.0851209618468123,1.086821989713509,1.0887194414050352,1.084246294716787,289
2026-04-14 03:00:00,1.0844993434093602,1.0849105323127206,1.0867206993718235,1.0825834714435396,1138
2026-04-14 04:00:00,1.0844714571094392,1.084332119259604,1.085873364212468,1.0823020271575197,2872
2026-04-14 05:00:00,1.0779452587394351,1.0842530246843598,1.086188616351015,1.0757343501612562,1429
2026-04-14 06:00:00,1.07967608593179,1.0779212081780702,1.0819571474979934,1.0764434403424739,2219
2026-04-14 07:00:00,1.0779848313213645,1.0797136447609412,1.0812913907991561,1.076734946883153,1492
2026-04-14 08:00:00,1.082715587851906,1.077749460475131,1.0843703538493843,1.075684107672164,2551
2026-04-14 09:00:00,1.0849320383855652,1.0827274019557702,1.0862127386029883,1.0809376187374509,794
2026-04-14 10:00:00,1.089319787401389,1.0847890298158707,1.0907186236804443,1.0828692135896112,862
2026-04-14 11:00:00,1.085528523174958,1.0891456904437335,1.0904240405127812,1.0841109563433204,4832
2026-04-14 12:00:00,1.0841358232705052,1.0854268286192748,1.087095581171526,1.0824212963723314,1727
2026-04-14 13:00:00,1.0794766039425399,1.0839543940457206,1.0854632500796597,1.078198525206908,3491
2026-04-14 14:00:00,1.076832136909055,1.0795745944476949,1.081310275642165,1.0752185814258899,141
2026-04-14 15:00:00,1.0815275322509623,1.076804881698506,1.0828604389558305,1.0752954654304117,643
2026-04-14 16:00:00,1.0871056219181716,1.081660465818625,1.088681634850877,1.0792655001855858,3959
2026-04-14 17:00:00,1.0828001220626549,1.0870335892325425,1.0883480426733765,1.080997704984402,1850
2026-04-14 18:00:00,1.081081580806465,1.082734335103291,1.0844167915278202,1.08015790675286,1570
2026-04-14 19:00:00,1.0807958470363752,1.0813852924331804,1.0824772234064153,1.0791751575950854,945
2026-04-14 20:00:00,1.0829918681931618,1.080532182842513,1.084665603417827,1.0787880771845337,1405
2026-04-14 21:00:00,1.0763925797049,1.08319925910504,1.0847238410134499,1.0749310410410216,1248
2026-04-14 22:00:00,1.0703813293991684,1.0766582254507409,1.078321907619462,1.069129869257301,4007
2026-04-14 23:00:00,1.07221742743869,1.0705044978290277,1.073294276843295,1.068683706633417,4703
2026-04-15 00:00:00,1.0649085328052477,1.072164639315289,1.0739711658068174,1.0636183069029939,271
2026-04-15 01:00:00,1.063233042532227,1.0651361022199173,1.0666356617893276,1.0614546437356522,770
2026-04-15 02:00:00,1.0638408868143225,1.0631816970986598,1.0655059401596387,1.0619197298237637,3174
2026-04-15 03:00:00,1.0653996342015717,1.0637280952585964,1.0664000207227695,1.0623006412854867,4411
2026-04-15 04:00:00,1.0648681913432823,1.0653376160101564,1.0665379141563158,1.0629654369141333,1652
2026-04-15 05:00:00,1.063496603646854,1.0647772314775363,1.0662479980954342,1.0617452882386338,4224
2026-04-15 06:00:00,1.066663744370791,1.0633451443618138,1.0687038988257849,1.0617350940015093,122
2026-04-15 07:00:00,1.0677332665946626,1.0668415232143897,1.0695037620423269,1.0652495021151827,3743
2026-04-15 08:00:00,1.0653069542623446,1.067609672608341,1.069249140075168,1.0636800537534474,4721
2026-04-15 09:00:00,1.0654484151249028,1.0653022161617407,1.066751146946441,1.0639570475955382,2533
2026-04-15 10:00:00,1.0668852989598636,1.0652173642743252,1.068131549564859,1.0641024789291358,2963
2026-04-15 11:00:00,1.0733286886153064,1.0668902594581593,1.0750277642342245,1.0650969935145098,1366
2026-04-15 12:00:00,1.0762774023714,1.0731420740532749,1.078118059292274,1.0710336143195316,3947
2026-04-15 13:00:00,1.0808319905812271,1.0760860163451231,1.0825209983353195,1.0742688460754688,4171
2026-04-15 14:00:00,1.0785422128451034,1.0808143098375682,1.0829852720410946,1.0768421588219674,4182
2026-04-15 15:00:00,1.0765765269466472,1.0787128995746524,1.0801073476835397,1.0753519827523175,4186
2026-04-15 16:00:00,1.0756938519735986,1.0766475894910812,1.0783190144117978,1.0737972399045455,478
2026-04-15 17:00:00,1.0751554545487054,1.0757759595076244,1.0768425648774105,1.0733874492264446,2674
2026-04-15 18:00:00,1.0713753609569445,1.0751345760388662,1.0768094717715666,1.0695239772459961,2595
2026-04-15 19:00:00,1.0761226120565326,1.0713211824451176,1.07821116369675,1.0693732204785438,333
2026-04-15 20:00:00,1.0794351806981282,1.0762507098122431,1.080717061070505,1.0741179595260781,4025
2026-04-15 21:00:00,1.0782888887182476,1.0793440905466516,1.08123394220509,1.077032053040839,1045
2026-04-15 22:00:00,1.0806953036520495,1.0784241540790354,1.0827835440734095,1.0772210085192482,2181
2026-04-15 23:00:00,1.081531175513314,1.0808958109239102,1.0829296885161448,1.0792254441932987,374
2026-04-16 00:00:00,1.0842305304418065,1.081394336927612,1.0860087573191275,1.0800680578410267,3967
2026-04-16 01:00:00,1.0791893787285853,1.0841181147113574,1.0862483153198403,1.0779253363546226,981
2026-04-16 02:00:00,1.078643149704095,1.0791010871206126,1.0807936319816596,1.0766303706023739,2630
2026-04-16 03:00:00,1.0784255052244482,1.0784058482174714,1.0802976675378826,1.0771146696113147,2591
2026-04-16 04:00:00,1.0807641630979918,1.0783494081768867,1.081810143074196,1.0767318502205256,569
2026-04-16 05:00:00,1.078407522093559,1.0809746870759285,1.0827854853157253,1.0773177133439469,4285
2026-04-16 06:00:00,1.06903278187825,1.078239858913956,1.0800092913169654,1.0674090154581246,132
2026-04-16 07:00:00,1.064976407936939,1.069244477266991,1.0704182265102455,1.0630010414873394,3300
2026-04-16 08:00:00,1.064747477990523,1.064907181602921,1.066196272869226,1.0627628653749883,943
2026-04-16 09:00:00,1.0649870438361606,1.0650851910750814,1.066875647868974,1.0630556923269854,3044
2026-04-16 10:00:00,1.0713010992960044,1.0648774797732026,1.0728107622661889,1.0632957161171996,1206
2026-04-16 11:00:00,1.0734863984484722,1.071277914896291,1.0754547232670861,1.06930972980376,3764
2026-04-16 12:00:00,1.0737921369955903,1.0733397963356777,1.0755029220415024,1.0715905627717193,2863
2026-04-16 13:00:00,1.07367066970766,1.0736813823730702,1.075310072783413,1.0722015488334693,3235
2026-04-16 14:00:00,1.0778113573907961,1.0738870154132996,1.0793729608557232,1.0721468777073493,4936
2026-04-16 15:00:00,1.0755984431952057,1.0778879190287622,1.079595759227193,1.0736992568146082,2272
2026-04-16 16:00:00,1.0750723789911785,1.075764351231817,1.0776359229250707,1.0738879882722603,3818
2026-04-16 17:00:00,1.07098766104066,1.0748610320049248,1.0766390377480048,1.0697218876706487,4095
2026-04-16 18:00:00,1.0763085587232673,1.0710933806609544,1.0777864352088684,1.0695252892581484,1690
2026-04-16 19:00:00,1.0777804297370233,1.0761515083339632,1.0797978526813645,1.0749298737884032,1619
2026-04-16 20:00:00,1.0751272173770086,1.0775647616072737,1.0793895839266063,1.0739131932120778,3559
2026-04-16 21:00:00,1.0746980110883149,1.0751657076011898,1.0769019576469672,1.073221565298525,4647
2026-04-16 22:00:00,1.0766092014503383,1.07473491805921,1.0782537318599985,1.072799608901952,173
2026-04-16 23:00:00,1.07566900552763,1.076617808811673,1.0783926786652402,1.073741465514905,669
2026-04-17 00:00:00,1.0736647406962077,1.075784568102684,1.0768050824855708,1.0719508238466497,927
2026-04-17 01:00:00,1.0712112143737664,1.0738051068016,1.0754894715834153,1.069546461846844,3224
2026-04-17 02:00:00,1.0724823214959207,1.0714476531838169,1.0746187651369583,1.0691672945882789,2160
2026-04-17 03:00:00,1.0711396179488806,1.0722910679642557,1.073968468327844,1.069706224580333,2552
2026-04-17 04:00:00,1.0694380264435204,1.0713805649422636,1.0730115041276203,1.0677565252497123,1653
2026-04-17 05:00:00,1.0644277948620626,1.0697385641437533,1.0711449230908663,1.0630192337150908,2186
2026-04-17 06:00:00,1.0647189470240395,1.0643693050564398,1.0664734102658644,1.0631834492027812,3895
2026-04-17 07:00:00,1.0640393591285697,1.064452645900864,1.065986434885347,1.062065072063229,2205
2026-04-17 08:00:00,1.0628331778211624,1.0638187948466262,1.0658305147878895,1.0613362427924344,2024
2026-04-17 09:00:00,1.063578567861745,1.0627594955366175,1.0648983774951875,1.0609424283581828,306
2026-04-17 10:00:00,1.0663835763470046,1.0639007449885962,1.0678384525455042,1.0623799099977984,1953
2026-04-17 11:00:00,1.0690144468667815,1.06638631516205,1.0704252643399905,1.0643829915500842,3782
2026-04-17 12:00:00,1.0710871787451557,1.0689152881676247,1.0732833077553672,1.0676290956222947,772
2026-04-17 13:00:00,1.0701846652002718,1.0709771526971976,1.0725215044046863,1.0682057077413982,1826
2026-04-17 14:00:00,1.068058421440492,1.0699727534925043,1.0713992274997186,1.0661698147356633,1497
2026-04-17 15:00:00,1.064143737785533,1.0681980226312722,1.0691268303098123,1.063120447860763,2435
2026-04-17 16:00:00,1.061919400883015,1.0641290723475982,1.0654316103710642,1.060491180219333,4124
2026-04-17 17:00:00,1.0619930887397773,1.06225390154705,1.0640150742286194,1.0600748652177594,4253
2026-04-17 18:00:00,1.0590445157835804,1.0620928839971846,1.0638478930901853,1.0569357481575181,1980
2026-04-17 19:00:00,1.0594047300552707,1.0591764015524117,1.060786870814947,1.0573598944020375,2927
2026-04-17 20:00:00,1.0557842675131013,1.0593663884845625,1.060761399647527,1.0543261950489897,4106
2026-04-17 21:00:00,1.049555547929325,1.055612502971443,1.057772447692713,1.0482861124189689,4272
2026-04-17 22:00:00,1.052628320882568,1.0494176145172531,1.0550587490744678,1.04765972907001,3052
2026-04-17 23:00:00,1.050849266149946,1.0524124900606433,1.0543512352646378,1.04940729742035,771
2026-04-18 00:00:00,1.0477103899503564,1.0509923406509825,1.0530540083575357,1.0462593826681124,1946
2026-04-18 01:00:00,1.043608463170491,1.0476501348383045,1.0497701498519996,1.0421132301035427,1480
2026-04-18 02:00:00,1.04519484807573,1.0437577954690065,1.0474570379802404,1.0419135207970556,3432
2026-04-18 03:00:00,1.050350751993735,1.0452162617449305,1.0518311390751576,1.0430715153333925,1216
2026-04-18 04:00:00,1.0488392250149619,1.0503046840871344,1.051601594357838,1.0469428567802415,268
2026-04-18 05:00:00,1.0480308623599772,1.0486553580347993,1.0508038704919045,1.0464558130096522,4443
2026-04-18 06:00:00,1.0520494817595611,1.0480784622440364,1.0533232104756487,1.0467841870302388,641
2026-04-18 07:00:00,1.0452603103682174,1.052015202497367,1.0532605477611126,1.0434830718395018,3929
2026-04-18 08:00:00,1.05263606777914,1.045402761069568,1.0538974516789097,1.0432978754045379,4779
2026-04-18 09:00:00,1.0618014439128638,1.0525221241658447,1.0633522910323838,1.050609754468883,4187
2026-04-18 10:00:00,1.0516526781775384,1.0618986336213705,1.06285005037872,1.0500096608849456,2494
2026-04-18 11:00:00,1.0512870410691006,1.0519114285789883,1.0530363763309651,1.0498643386011262,2886
2026-04-18 12:00:00,1.0485909896995897,1.0513299110205458,1.052707023849569,1.0469095198478673,3617
2026-04-18 13:00:00,1.047598095558697,1.0487143901741425,1.0499099325931225,1.0456638387415012,1181
2026-04-18 14:00:00,1.0460291515476372,1.047687827639045,1.049590265484892,1.0443872072540514,2172
2026-04-18 15:00:00,1.0490732481669347,1.0463278370974842,1.0506489503742933,1.044786779792703,1947
2026-04-18 16:00:00,1.0486511110158048,1.0491316937542876,1.0508861988243523,1.0472943383058748,1438
2026-04-18 17:00:00,1.045235208962555,1.0487608542613036,1.0504753107761426,1.0428553881910372,2796
2026-04-18 18:00:00,1.0445895146076982,1.045229524928702,1.0467316113001717,1.0433018276098656,2158
2026-04-18 19:00:00,1.0465199554963072,1.0444679526493132,1.0483999652374931,1.0432069036501055,192
2026-04-18 20:00:00,1.0420810005171874,1.0463311029572069,1.0480355768741547,1.0404665781716353,546
2026-04-18 21:00:00,1.03590762418355,1.0422778629620157,1.0437327744171503,1.0344165162629597,3234
2026-04-18 22:00:00,1.0433804096866826,1.0357498088214527,1.0444183927329833,1.0338644321193893,2802
2026-04-18 23:00:00,1.040971309637776,1.0434968732184553,1.0452209273174957,1.0390797256593545,4288
2026-04-19 00:00:00,1.0404562359368277,1.0410362367023764,1.0422032217667592,1.0392745782207509,459
2026-04-19 01:00:00,1.0389645031649817,1.0405992678960585,1.0422762448513985,1.0376415576816995,1695
2026-04-19 02:00:00,1.0410198320552897,1.0388841293514857,1.0426059991696028,1.037595995910458,1998
2026-04-19 03:00:00,1.047667794266881,1.0408955687154846,1.0488117314635519,1.0390774898140402,3430
2026-04-19 04:00:00,1.0498425461733658,1.0477273788949677,1.0514986928548709,1.0460177083096793,2240
2026-04-19 05:00:00,1.044148676870091,1.0497967589476747,1.051422911744059,1.042698821780107,2469
2026-04-19 06:00:00,1.038958214018809,1.0439568288197898,1.045576028833181,1.0373323277074116,4610
2026-04-19 07:00:00,1.037462096111333,1.039259886034687,1.0408618302978339,1.0362564389866944,119
2026-04-19 08:00:00,1.0364562216130833,1.037339057123716,1.0386908899178113,1.0351324243152988,4476
2026-04-19 09:00:00,1.0299989043522835,1.0363027055223824,1.0380305109068892,1.0288556118922139,1491
2026-04-19 10:00:00,1.0330714328029376,1.0299613828205385,1.0344079206851382,1.0283666853119604,297
2026-04-19 11:00:00,1.028997730710882,1.0332648110966223,1.0344765822091015,1.02741049316772,2686
2026-04-19 12:00:00,1.0345976115688535,1.0286614758758041,1.0363589003119624,1.02741510673769,1138
2026-04-19 13:00:00,1.041424983808375,1.0347803634725086,1.0432796879510986,1.0330866286878184,3652
2026-04-19 14:00:00,1.0404940330610042,1.0412827263974411,1.0430326910987873,1.0386033153631677,3821
2026-04-19 15:00:00,1.0421401804625723,1.0405353839182236,1.0436386129061714,1.0392943461061726,2069
2026-04-19 16:00:00,1.0375203783797566,1.042034974812765,1.0429875848230399,1.0360656671352988,3924
2026-04-19 17:00:00,1.0398591646040534,1.0378310753291211,1.0418811780819497,1.0361110584761546,1012
2026-04-19 18:00:00,1.0379909430161744,1.0398785677822413,1.0408267421658897,1.036435939730073,1746
2026-04-19 19:00:00,1.0339138105602181,1.0378811271712187,1.0396137789776065,1.032788510425069,399
2026-04-19 20:00:00,1.0328288043542695,1.0338671641917279,1.0360702614194193,1.0314161389248497,3244
2026-04-19 21:00:00,1.0310822493227494,1.0328426678337914,1.0344355248681785,1.0296822394727214,3601
2026-04-19 22:00:00,1.0298629015614853,1.0311096967047708,1.0327444700896153,1.0283707592478277,3837
2026-04-19 23:00:00,1.0334242011970467,1.0299309157268426,1.0350919373336478,1.0284204116190934,1888
2026-04-20 00:00:00,1.0304792977246626,1.033423984084176,1.0350309652330643,1.0284494575346457,4205
2026-04-20 01:00:00,1.0369856339738146,1.030265083078412,1.0392723781489368,1.0287744694528667,3270
2026-04-20 02:00:00,1.0320166603507195,1.0369329596880121,1.0382199366259068,1.0310005622398966,2919
2026-04-20 03:00:00,1.0380745238751392,1.0321111238412621,1.0393299525252175,1.0305256317695823,1186
2026-04-20 04:00:00,1.0342626090429892,1.0379705986642773,1.0394203759454899,1.0321689250504145,4224
2026-04-20 05:00:00,1.0342588094209768,1.0343669835377904,1.0364585128750257,1.032759273504388,3797
2026-04-20 06:00:00,1.0324205739954342,1.0342637213889319,1.0356336784659952,1.0310076301360052,4390
2026-04-20 07:00:00,1.0311315914771673,1.032386896182278,1.0340667018058474,1.0296792809586242,1787
2026-04-20 08:00:00,1.0341366811135007,1.0313168276774376,1.0360201569006582,1.029584396954183,2801
2026-04-20 09:00:00,1.0397610316031087,1.0338655949119495,1.04156366019419,1.0324024562729446,356
2026-04-20 10:00:00,1.0442254992466924,1.0396552535077874,1.0461107670952052,1.0385637067555031,3034
2026-04-20 11:00:00,1.0427072880004105,1.0444182586063209,1.0464258829547703,1.0413533670812947,2600
2026-04-20 12:00:00,1.0433982450844275,1.0429937085131984,1.0450598249795457,1.0414488607117676,4112
2026-04-20 13:00:00,1.0404654530581712,1.043755019515365,1.0451730546182336,1.038737565217691,3684
2026-04-20 14:00:00,1.0367471393860161,1.0404732839509758,1.0420741932891504,1.0353732507679283,4953
2026-04-20 15:00:00,1.0324485109895336,1.0368180527061817,1.0382617089003392,1.0309915859104322,4669
2026-04-20 16:00:00,1.030807611088343,1.0325749026134081,1.0349008845223908,1.0292475067617928,922
2026-04-20 17:00:00,1.0317436322046492,1.0310049437072377,1.033126378120006,1.0296979587183381,4857
2026-04-20 18:00:00,1.024574325355581,1.0317917500983107,1.0334771157469589,1.0230656642751643,247
2026-04-20 19:00:00,1.0244004989709032,1.024716637468476,1.0257919919763392,1.0227203146272628,2336
2026-04-20 20:00:00,1.030085593187964,1.0244715399260977,1.0316717658717254,1.023293069433962,4670
2026-04-20 21:00:00,1.034292759696992,1.0301666130542724,1.0357551140048513,1.0285200844812563,3098
2026-04-20 22:00:00,1.032098319410017,1.0341505825950916,1.0359079421995607,1.0308877631808622,4960
2026-04-20 23:00:00,1.0268600460002066,1.0320476109477636,1.0338040816630165,1.0256494676123995,2830
2026-04-21 00:00:00,1.0285844096494496,1.0267793891631585,1.0305645370250531,1.0254410350329912,3439
2026-04-21 01:00:00,1.0198940537111716,1.0284025275389113,1.0303416223225752,1.017946438016641,2714
2026-04-21 02:00:00,1.0240571316457316,1.019640352994894,1.025572847332643,1.018631199773781,4642
2026-04-21 03:00:00,1.0232561786786696,1.0239921097274227,1.0252370893088285,1.0218637157144905,661
2026-04-21 04:00:00,1.0301235548808347,1.0232154039686427,1.0314131336932146,1.0216783928613964,2008
2026-04-21 05:00:00,1.0236474343099229,1.0301396830208422,1.031768123258034,1.0217535297434248,3387
2026-04-21 06:00:00,1.0270904826544522,1.0237330532669995,1.0286797365630405,1.0215922037184906,2516
2026-04-21 07:00:00,1.026713574516399,1.027119454803629,1.028738970184999,1.0253034938100145,4829
2026-04-21 08:00:00,1.0254721350233789,1.026674056228339,1.0280476422183804,1.0237679973064597,2953
2026-04-21 09:00:00,1.0203352220288333,1.02533207468149,1.027302516706609,1.0188336613197821,721
2026-04-21 10:00:00,1.0225692766790022,1.0204697516157277,1.0236513542247307,1.0189668727794934,3106
2026-04-21 11:00:00,1.0251047918719154,1.0225536199125729,1.02646086245358,1.020931923749625,1628
2026-04-21 12:00:00,1.0317990211292876,1.0250376542890358,1.0330133122428804,1.0239807199288917,2402
2026-04-21 13:00:00,1.0355792096150147,1.031770057902526,1.0370676559422585,1.0302315653329968,477
2026-04-21 14:00:00,1.0333521021314307,1.0354656321782651,1.0374021029373417,1.0316623363395006,4359
2026-04-21 15:00:00,1.029587617442865,1.033270145836364,1.0347256469058623,1.0283087972037452,2073
2026-04-21 16:00:00,1.024455774567156,1.0295011853928147,1.0310690567674519,1.0227785125871909,4050
2026-04-21 17:00:00,1.029980365863304,1.0244113817823184,1.031730583542184,1.0234004936120045,2460
2026-04-21 18:00:00,1.027062212297262,1.0300813910338051,1.0315186671241012,1.0254927893856745,4747
2026-04-21 19:00:00,1.0326130743059043,1.0271252706839644,1.0342805258159753,1.0251605656176297,1854
2026-04-21 20:00:00,1.034582094459137,1.0328531083298647,1.0362117958241042,1.0313690800078095,621
2026-04-21 21:00:00,1.0358192302651144,1.0347703643034594,1.0370215649005614,1.0335205997611376,2435
2026-04-21 22:00:00,1.0346684740930132,1.0361228674547336,1.0375307464156396,1.03355883488149,267
2026-04-21 23:00:00,1.0371459975167716,1.0347554634398883,1.0388120436278607,1.033078235199805,4034
2026-04-22 00:00:00,1.0370879821561336,1.0372304847016471,1.039185040457069,1.0352436197831096,4602
2026-04-22 01:00:00,1.0357034323131256,1.0370122594270543,1.0389639162802375,1.034167306317181,1148
2026-04-22 02:00:00,1.0360886380571035,1.0358318060106497,1.0382941041052176,1.034421800501652,359
2026-04-22 03:00:00,1.035465871526038,1.035986730053785,1.0376907311561978,1.0345124893704092,3814
2026-04-22 04:00:00,1.0340578697915515,1.0352377911099633,1.0366606605642594,1.0324683069255827,3475
2026-04-22 05:00:00,1.0343276619221042,1.0342946775673976,1.0358593091152155,1.0329570643702377,3987
2026-04-22 06:00:00,1.03380087913535,1.0341339511674945,1.0356493694354465,1.0324461141728167,2889
2026-04-22 07:00:00,1.0339375711494592,1.0338689409383643,1.0353619607030855,1.031816652631372,2947
2026-04-22 08:00:00,1.032942939319434,1.0338011713380848,1.035469257052495,1.0319518126029883,1429
2026-04-22 09:00:00,1.0310419937538169,1.0331171855642491,1.034796594757633,1.0300112892187752,1645
2026-04-22 10:00:00,1.032674082508834,1.0312376261114884,1.0338594609487244,1.02961694976227,3192
2026-04-22 11:00:00,1.0340800162017503,1.032756164338185,1.035968712696243,1.0313245770345774,4688
2026-04-22 12:00:00,1.0346905581552646,1.0342734564712872,1.0356724369882906,1.0328824600806088,1615
2026-04-22 13:00:00,1.0337751853328154,1.0346916958883037,1.0361733597696678,1.0321399645261935,1883
2026-04-22 14:00:00,1.032964803765022,1.034121358904429,1.0360269667777255,1.031336053047246,2986
2026-04-22 15:00:00,1.0341735967000978,1.0330805534225103,1.035913301548085,1.031831366027754,344
2026-04-22 16:00:00,1.033299000655017,1.034034015846108,1.035473306137798,1.0319324725492947,3299
2026-04-22 17:00:00,1.0320899334114002,1.0333097767125259,1.035467512491312,1.03052645407433,766
2026-04-22 18:00:00,1.033886615022164,1.03206628294085,1.0353009491135992,1.0304636318216602,3447
2026-04-22 19:00:00,1.0333794018042273,1.0338477975626081,1.0347772341968635,1.0316795173793685,4468
2026-04-22 20:00:00,1.0350515121984438,1.0331221181346633,1.0367446721364575,1.0317506222744022,4589
2026-04-22 21:00:00,1.032923441905616,1.0351114524169636,1.0361097170768727,1.0312665141657538,834
2026-04-22 22:00:00,1.0330952637649573,1.0327086996797221,1.0343872169995656,1.030864516859205,3026
2026-04-22 23:00:00,1.0351305628840173,1.0327031448259876,1.0368766470780664,1.0311358973426712,2292
2026-04-23 00:00:00,1.034716263777608,1.0350771694076026,1.0364861867266115,1.0331961088641697,2502
2026-04-23 01:00:00,1.0339494583868867,1.0345990304025794,1.0363300508559823,1.0324715961736979,3490
2026-04-23 02:00:00,1.0320981560857685,1.0338160797725655,1.0350056453511765,1.0307411701696125,4955
2026-04-23 03:00:00,1.0329469677510907,1.031617356052883,1.0347624175040984,1.030358600442128,2910
2026-04-23 04:00:00,1.0315728140519218,1.0328153117941112,1.0338393706860685,1.0301177202468565,2816
2026-04-23 05:00:00,1.0310090437806538,1.031545960101916,1.033500330001553,1.0293230968852998,3301
2026-04-23 06:00:00,1.0290776410449027,1.0309111547345438,1.0323080176536088,1.027808527354592,2575
2026-04-23 07:00:00,1.0304959145650197,1.0291375144562895,1.03251501421733,1.0276150805557571,1809
2026-04-23 08:00:00,1.0314317769378905,1.030711379732119,1.0327188452781733,1.0292234682083514,4134
2026-04-23 09:00:00,1.0309438752388347,1.031511628815376,1.0336533421217724,1.0288476140222766,3344
2026-04-23 10:00:00,1.0291088965161304,1.0311023159637438,1.03235031803683,1.0273420879741577,2870
2026-04-23 11:00:00,1.0305019849752215,1.029280340104421,1.0314931376499779,1.027516152353373,144
2026-04-23 12:00:00,1.0296128669027649,1.0303446301519184,1.031902363358582,1.0277842606060927,1449
2026-04-23 13:00:00,1.027836621093784,1.0296805676270653,1.0316028242960293,1.0264631315481714,1389
2026-04-23 14:00:00,1.0252720794788168,1.027989667151148,1.0297708072851974,1.023310705681822,3283
2026-04-23 15:00:00,1.0240469213205443,1.0252051128810125,1.0270984644073247,1.0224619510514716,705
2026-04-23 16:00:00,1.0218513555735085,1.0239257358834315,1.0257069822656693,1.0203322709189453,1971
2026-04-23 17:00:00,1.020653970569681,1.0219325597923008,1.0232123778448172,1.0194949351394034,2330
2026-04-23 18:00:00,1.0210972610501183,1.0204270374922497,1.0228636827994118,1.0190184176286534,3729
2026-04-23 19:00:00,1.020196780853348,1.0209307642341388,1.022489472075222,1.0192069672343989,814
2026-04-23 20:00:00,1.0201736129118846,1.020094749768541,1.0214866585817128,1.0186404466009014,3069
2026-04-23 21:00:00,1.0188556113204459,1.0202424642519887,1.0218255684444897,1.0175034781022148,2782
2026-04-23 22:00:00,1.018483814200083,1.0188890551494354,1.020399570795097,1.0170778027978429,3721
2026-04-23 23:00:00,1.0203388951865862,1.0186418194244826,1.0223028412009678,1.017535554409297,985
2026-04-24 00:00:00,1.0194707118929538,1.020197922258497,1.0215696575996982,1.0177263148797542,3038
2026-04-24 01:00:00,1.0194820272180973,1.019321540318617,1.020839482536345,1.0176110943669223,2129
2026-04-24 02:00:00,1.0171533945451352,1.0195619620437157,1.0208745053361463,1.0151120350953722,1370
2026-04-24 03:00:00,1.0185275218920355,1.0170313749117366,1.0206349108862305,1.0149959084133826,463
2026-04-24 04:00:00,1.0175048739373016,1.0184354116657173,1.0197654880058717,1.015930934609729,1965
2026-04-24 05:00:00,1.0183155143171894,1.0172212580709643,1.0202391647361626,1.0153811407249713,2255
2026-04-24 06:00:00,1.0177176979622786,1.0183599141856423,1.0195715923388744,1.0161113407457236,349
2026-04-24 07:00:00,1.0180015932003037,1.0179530533856627,1.019683318747548,1.0165565648083765,4059
2026-04-24 08:00:00,1.0183568081129568,1.0178443656939893,1.0199645417951129,1.0164017980938926,3486
2026-04-24 09:00:00,1.0173638797055415,1.0185127247655061,1.0204152059410037,1.0156428294840298,1652
2026-04-24 10:00:00,1.0182241674284558,1.0173548075449403,1.0200839677663531,1.014578744674208,330
2026-04-24 11:00:00,1.016863385591664,1.0179548896025277,1.0195051659770533,1.0149821251298048,3560
2026-04-24 12:00:00,1.017346906655697,1.0167268484518328,1.0187090092550461,1.0151256235760966,217
2026-04-24 13:00:00,1.0164286603026973,1.0172010795342412,1.019221219799258,1.0147564954305754,2187
2026-04-24 14:00:00,1.0163981298410558,1.0163804025653684,1.017728509376212,1.0147110087514941,1114
2026-04-24 15:00:00,1.0153937382382308,1.0164620256682944,1.0172943265193333,1.0138981513213707,1247
2026-04-24 16:00:00,1.0150037094078788,1.0156752377689622,1.016631808083314,1.0132508578803308,3800
2026-04-24 17:00:00,1.0132640769658487,1.014786190114445,1.015815141135748,1.0117914385038669,1587
2026-04-24 18:00:00,1.0131111453474753,1.013190406958274,1.014891125415118,1.0118989107612744,1303
2026-04-24 19:00:00,1.0127141707494267,1.0129750394715058,1.0151668975438852,1.0110487637876109,1582
2026-04-24 20:00:00,1.0116159864845398,1.0125217645053601,1.0134200914368838,1.0099118170380248,829
2026-04-24 21:00:00,1.0110999529248714,1.0116304625572554,1.012909740124984,1.0096275301013549,3737
2026-04-24 22:00:00,1.0108107582962729,1.0111001773235235,1.0126433899303093,1.009200579813133,2527
2026-04-24 23:00:00,1.0096211298323547,1.0105360703200297,1.0125186149614314,1.0078156577786892,1084
2026-04-25 00:00:00,1.0090166195414791,1.0096238769600072,1.010898889273724,1.0075187777818484,1609
2026-04-25 01:00:00,1.0073599572124052,1.0088344793931028,1.0105240637540909,1.0059840054730502,4891
2026-04-25 02:00:00,1.0097248368591585,1.0073617486236712,1.0111636677167808,1.006062025594468,2933
2026-04-25 03:00:00,1.0105457792514083,1.009917269507606,1.012851994775476,1.008478389388141,3468
2026-04-25 04:00:00,1.010423492178166,1.0106159634633602,1.0121754127722848,1.0084425896884979,4297
2026-04-25 05:00:00,1.011380027691138,1.0104504227647446,1.0130050186890447,1.0089935376864043,2065
2026-04-25 06:00:00,1.0085549247191175,1.0113000342948402,1.0128383600132813,1.0069333347846354,1806
2026-04-25 07:00:00,1.0050357090337168,1.0085650053756492,1.0099475264966231,1.0036259891758939,4990
2026-04-25 08:00:00,1.0041065597596168,1.0051205441226223,1.0069128352948118,1.0027239746071432,2874
2026-04-25 09:00:00,1.0020022827872943,1.0041763241198798,1.0053309230678065,1.0007635982021033,1159
2026-04-25 10:00:00,1.0012683561579563,1.0019873810960127,1.0028879331497247,0.9997363332901307,4305
2026-04-25 11:00:00,1.0010651441266702,1.0013009973371143,1.0027574886722705,0.9997188375419924,3838
2026-04-25 12:00:00,1.001719641524679,1.0008673202515077,1.0034673108463368,0.9989819843420099,2063
2026-04-25 13:00:00,0.9999037247435487,1.0016095016132316,1.0029351409061205,0.9984361167246912,1427
2026-04-25 14:00:00,0.9999332815669408,1.0000098516253388,1.0015656949782792,0.9984467399655429,3318
2026-04-25 15:00:00,0.9995005491987236,1.0000595234265421,1.001192748257248,0.9980553258463587,2763
2026-04-25 16:00:00,0.9994675603706432,0.9995145815120096,1.001332412104436,0.9978570990576909,1259
2026-04-25 17:00:00,0.9983938340297389,0.999689048911133,1.0013818984294387,0.9964496887440909,366
2026-04-25 18:00:00,0.9996035961975734,0.9984700067350839,1.0011089177414911,0.9972824105095169,4113
2026-04-25 19:00:00,0.9990293858194578,0.9995686610114252,1.0011177748950644,0.9974475797124109,4247
2026-04-25 20:00:00,1.0007084044876622,0.998846293294753,1.001791098350914,0.9978161981838289,4541
2026-04-25 21:00:00,0.9993099381032435,1.0009240655529172,1.002018641708904,0.9974442639498986,1894
2026-04-25 22:00:00,0.9997513309111902,0.9994254569886957,1.0012143695810738,0.9979582632294572,3550
2026-04-25 23:00:00,0.9992297287345175,1.0000208698464874,1.001673716168258,0.9981790124948726,2963
2026-04-26 00:00:00,0.9983864378345174,0.9995542314013822,1.0012208514613952,0.9972709725577793,1404
2026-04-26 01:00:00,0.9986952162430784,0.9981936486653212,1.0000845212698846,0.9964517574089868,4643
2026-04-26 02:00:00,0.997886208068051,0.9985029734036053,1.000222943550168,0.9968877127342336,1746
2026-04-26 03:00:00,0.9942418496634622,0.9974592010914967,0.9993743469848524,0.992667481015221,248
2026-04-26 04:00:00,0.990116407915653,0.9943782424765044,0.9958370797691519,0.9887585265768829,911
2026-04-26 05:00:00,0.9911933145079939,0.9902140131032923,0.9927721855179492,0.9887851361183819,4843
2026-04-26 06:00:00,0.9922196246574495,0.9912078672444145,0.9936460830102806,0.989920118780156,436
2026-04-26 07:00:00,0.9940344337929566,0.9920368018596383,0.9954878195975501,0.9908298999062575,2673
2026-04-26 08:00:00,0.9935633998950181,0.9940211647007259,0.9955620516721342,0.9922183445548015,2478
2026-04-26 09:00:00,0.9915622381326206,0.9935908719441219,0.9955848830664965,0.9899047515693425,3925
2026-04-26 10:00:00,0.9906087375214394,0.9916785443653244,0.9934364617045706,0.9892097751909141,4123
2026-04-26 11:00:00,0.9901724469398729,0.9906492831396012,0.9923796642769975,0.9885620603639851,2417
2026-04-26 12:00:00,0.9885140010707308,0.9902708734709771,0.9916190851197306,0.9871030673097775,3195
2026-04-26 13:00:00,0.9900422907382995,0.9884955668491107,0.9912605847598688,0.9868289559878659,4097
2026-04-26 14:00:00,0.992279694193872,0.9902181448121595,0.9938840721676316,0.9886062036406003,4067
2026-04-26 15:00:00,0.9924036310347482,0.9923737338772752,0.9942625256910016,0.9910461124309804,4414
2026-04-26 16:00:00,0.9919405945387103,0.9922270259703738,0.9942277912972952,0.99073648111936,3565
2026-04-26 17:00:00,0.989936634164541,0.9921468805589408,0.9929033988889971,0.9881679185474291,1970
2026-04-26 18:00:00,0.9913423548399283,0.990118878308444,0.9935569308714379,0.9888737687291634,2839
2026-04-26 19:00:00,0.9909839230129471,0.9914115465370765,0.9930219906301418,0.9893485661707545,3640
2026-04-26 20:00:00,0.9901869257348545,0.9910256174631422,0.992780901140644,0.9886924090233179,1552
2026-04-26 21:00:00,0.990314334641264,0.9904333077566938,0.991401851780753,0.988966436399798,4993
2026-04-26 22:00:00,0.9891614808064769,0.9900719931152506,0.9914854338979686,0.9875502948735972,2274
2026-04-26 23:00:00,0.9888877310142231,0.9893455955619684,0.9910730384213429,0.9869985960450729,3809
2026-04-27 00:00:00,0.9867067707932083,0.9888172495581561,0.9899495702440954,0.9850415515885904,2579
2026-04-27 01:00:00,0.9875612754203112,0.9868690040185766,0.9881869019953409,0.9853493576587881,4788
2026-04-27 02:00:00,0.9869859821709485,0.9875790968113735,0.9891589175085299,0.9850253895966729,3372
2026-04-27 03:00:00,0.9879265432037093,0.9868017942294839,0.9893936785342159,0.9858161203353828,3709
2026-04-27 04:00:00,0.9872351797902994,0.9878530159301198,0.9897607503035317,0.9860837296347434,3894
2026-04-27 05:00:00,0.9866217401397587,0.9873863888077171,0.9888189877044394,0.985279278563525,1716
2026-04-27 06:00:00,0.9847169592258084,0.9865906908499039,0.988042148248873,0.9828205942492747,1810
2026-04-27 07:00:00,0.9851786675934302,0.9846251180998883,0.9868626366934443,0.9828686910084657,4153
2026-04-27 08:00:00,0.9836776596486025,0.98508597977048,0.9868664915489388,0.9827086248635168,2364
2026-04-27 09:00:00,0.9826439528007634,0.9837723247304515,0.9850373564512297,0.9812986272822414,3365
2026-04-27 10:00:00,0.9821952094240625,0.9829018726017714,0.9846534700629965,0.9811119934546474,2638
2026-04-27 11:00:00,0.9818906784444897,0.9818798924102727,0.9832098287877691,0.980418971836574,262
2026-04-27 12:00:00,0.9793933621162284,0.9823021242080563,0.983776068595937,0.9776592974816737,2408
2026-04-27 13:00:00,0.9786663950776427,0.9794232720543418,0.9810882095887944,0.9769119436093818,944
2026-04-27 14:00:00,0.9791706713400152,0.978751615846056,0.9808876871633879,0.9772041319166993,525
2026-04-27 15:00:00,0.9782666656985866,0.9791066542913022,0.9806674733484892,0.9769240006689356,1380
2026-04-27 16:00:00,0.9775469875935305,0.9782661502686293,0.9794155826685588,0.976108644410267,1534
2026-04-27 17:00:00,0.9772918748545418,0.9775752088039145,0.9784928111968231,0.9756256078442618,3743
2026-04-27 18:00:00,0.9766907223354855,0.9771381785061586,0.9785481421286899,0.9745379094027498,1335
2026-04-27 19:00:00,0.9750041037326204,0.9765728909291952,0.9783194991017348,0.9738882406441512,4005
2026-04-27 20:00:00,0.97451048838422,0.97517725975654,0.9767704959510889,0.9725842175544364,1130
2026-04-27 21:00:00,0.9752533761882272,0.9742833986589273,0.9767870693047884,0.9727491136216175,4151
2026-04-27 22:00:00,0.9735419650515067,0.9753177816995229,0.9767760424528231,0.9718420868154429,2677
2026-04-27 23:00:00,0.9726425867841237,0.9734879079727303,0.9750370655378907,0.9711295928157843,429
2026-04-28 00:00:00,0.9705346291954017,0.9725027268505615,0.9736690888208112,0.9686699816698755,641
2026-04-28 01:00:00,0.97121428753599,0.9708219044537036,0.9728984319134745,0.9692690256266436,453
2026-04-28 02:00:00,0.9706534576877845,0.971075313854271,0.972777735127842,0.9693863943513228,2111
2026-04-28 03:00:00,0.9691832181274576,0.9704891663038473,0.9718396459204387,0.9675985703861302,1567
2026-04-28 04:00:00,0.9688439368476294,0.9691560460219333,0.9707363295851986,0.9670631701933103,326
2026-04-28 05:00:00,0.9669496165897549,0.9687324632261436,0.9696849425970993,0.9654991300513873,3438
2026-04-28 06:00:00,0.9652594219520024,0.9669505404381472,0.9684505674552635,0.9644121406150008,4280
2026-04-28 07:00:00,0.9630572617161803,0.9652818707151682,0.9666879944329622,0.9616458821739026,4226
2026-04-28 08:00:00,0.9613271266311114,0.963091099190777,0.96489625030636,0.9598568584154805,838
2026-04-28 09:00:00,0.9625059317319112,0.9613092397798075,0.9638923321798832,0.9598784539398307,4359
2026-04-28 10:00:00,0.9611761897343721,0.9624046965653579,0.9640969427440981,0.9598772978760745,2185
2026-04-28 11:00:00,0.9612856598815539,0.9612689638521399,0.9626147798137143,0.959445496220548,1116
2026-04-28 12:00:00,0.9598320981776068,0.9612695789361901,0.9620510452298018,0.9590756452256737,753
2026-04-28 13:00:00,0.9602935386725227,0.9597607074622437,0.9616690046590485,0.9582931934141917,3860
2026-04-28 14:00:00,0.9586122402714051,0.9605063496838445,0.9620008522181858,0.9571432681303507,1355
2026-04-28 15:00:00,0.9582093137847192,0.958594803933857,0.9600754780748048,0.9561698074457943,3239
2026-04-28 16:00:00,0.9578227353565619,0.9583662032237619,0.9598506226768652,0.9563901492423341,2815
2026-04-28 17:00:00,0.9601661017602738,0.9579994306599495,0.9614604668657526,0.9564308181771197,4640
2026-04-28 18:00:00,0.96047261210585,0.9603516179340407,0.9618200415829228,0.9588748876872824,3607
2026-04-28 19:00:00,0.9593111272886549,0.960572067412255,0.9616868798482102,0.9578449847839564,3887
2026-04-28 20:00:00,0.9596831860450354,0.9593110360952098,0.9605478781581975,0.9573639466926984,2513
2026-04-28 21:00:00,0.9617989954096177,0.9596739467599755,0.9632109762539811,0.9585520044438471,2690
2026-04-28 22:00:00,0.9593934321010366,0.9617638643238702,0.9629884715891427,0.9581463755223176,831
2026-04-28 23:00:00,0.957932453649954,0.9590820711481397,0.9608292926923335,0.9562788213626554,3937
2026-04-29 00:00:00,0.9571981765790181,0.9580356597345202,0.9588448797576198,0.9556886251750278,3785
2026-04-29 01:00:00,0.9562476707064477,0.9572332420232816,0.9587510993439854,0.9548945502478213,1610
2026-04-29 02:00:00,0.9553983626684518,0.9563659763862895,0.9584071335680769,0.9539854883459657,785
2026-04-29 03:00:00,0.9533832839497399,0.9553816305699464,0.9567594086764695,0.9516918128846203,3952
2026-04-29 04:00:00,0.9546180312139999,0.9534784820628207,0.9560491712477459,0.9519076324063236,3877
2026-04-29 05:00:00,0.9524609008958279,0.9544212279712874,0.9559717429112174,0.9512359303011315,3927
2026-04-29 06:00:00,0.9517706455242809,0.9522939699932704,0.9538656820043961,0.9502750969920043,246
2026-04-29 07:00:00,0.9525756422343937,0.951416828696044,0.9538877654562008,0.950002197434218,4290
2026-04-29 08:00:00,0.9520894204058187,0.952556455367195,0.9536965930515371,0.9505269212168311,1863
2026-04-29 09:00:00,0.9504641474055353,0.9519792817246981,0.9535910942607078,0.9491300030964439,1287
2026-04-29 10:00:00,0.9483957366178866,0.9503356328776928,0.9512153472971102,0.9473169292366077,2679
2026-04-29 11:00:00,0.9476697375826533,0.9484433076075678,0.9501014154920431,0.9460570772759483,4260
2026-04-29 12:00:00,0.9463113021036327,0.947609338242604,0.9489175761843174,0.9447360857920091,4093
2026-04-29 13:00:00,0.9461075794136763,0.9461079233641037,0.9475279603995238,0.9442867105084863,928
2026-04-29 14:00:00,0.9439758380364073,0.9464679091657137,0.9477350245835462,0.9429326207784987,4884
2026-04-29 15:00:00,0.9445014809206724,0.9439705945485282,0.9463236743691353,0.9425737851558618,3882
2026-04-29 16:00:00,0.9441901403484698,0.9443480741394267,0.9458348933863868,0.942839117615198,4671
2026-04-29 17:00:00,0.9439679440216928,0.9440952948680363,0.945420133680348,0.9426641965230595,4656
2026-04-29 18:00:00,0.9452472361555808,0.9439433945847555,0.9465658835863058,0.9429625171699028,2674
2026-04-29 19:00:00,0.9442718815575346,0.9452224141804034,0.946596851817844,0.9431575325076906,275
2026-04-29 20:00:00,0.9429509015238547,0.9444560631038147,0.9465485485262088,0.9414599486807569,454
2026-04-29 21:00:00,0.9418435851698385,0.9429396799344448,0.9439802979461627,0.9405720255333035,3167
2026-04-29 22:00:00,0.9411625532864105,0.9421054930388255,0.9438229873162589,0.9399841452188099,546
2026-04-29 23:00:00,0.9406033954126609,0.9411015425130017,0.9426727561347173,0.938788859759421,3331
2026-04-30 00:00:00,0.9391565581287388,0.9406634689432358,0.9425060410720973,0.9370790345703292,606
2026-04-30 01:00:00,0.9362788558250991,0.9393000868957919,0.9408811997613014,0.9348902878096372,4094
2026-04-30 02:00:00,0.9351557410240442,0.9364465038559715,0.9378501809462376,0.9341744385259257,1409
2026-04-30 03:00:00,0.9351375318235885,0.9353397581661653,0.9370286242996066,0.9336236177326755,603
2026-04-30 04:00:00,0.9348510417910927,0.9350993882546873,0.9365661047048182,0.9340336184752963,1766
2026-04-30 05:00:00,0.9358405071548836,0.9348502712302748,0.9374562234459847,0.933825573102664,4556
2026-04-30 06:00:00,0.9377370910076402,0.9354917501791414,0.9395454849537485,0.9339687763605112,2804
2026-04-30 07:00:00,0.9381982915333904,0.9377095065651395,0.9396316295951024,0.9366916742471292,4969
2026-04-30 08:00:00,0.9394073163042803,0.9383520613571946,0.9406968261717288,0.9370263792933167,1365
2026-04-30 09:00:00,0.9398774454549961,0.9395337537612319,0.9411057303480813,0.9385422660050647,3393
2026-04-30 10:00:00,0.9414793245621089,0.9398652315795553,0.9430187958925417,0.9384371224417886,1015
2026-04-30 11:00:00,0.9432503489232584,0.9417197316429708,0.9444167246491978,0.939987007023853,2206
2026-04-30 12:00:00,0.9439417471281931,0.9431959771304068,0.9452586010961442,0.9419536125479772,1945
2026-04-30 13:00:00,0.9443394033039026,0.9438403052700786,0.9454817984167341,0.9424292968718218,3211
2026-04-30 14:00:00,0.9436431246975778,0.9442731366634988,0.9458325085647784,0.9424586202394852,3399
2026-04-30 15:00:00,0.9431435199604211,0.9434843278553944,0.9446862258830283,0.9419398205935036,368
2026-04-30 16:00:00,0.9422881151628008,0.9432314912766178,0.9442811815101444,0.9411097001858069,3507
2026-04-30 17:00:00,0.9425836170958748,0.9423289028972186,0.9436833929067437,0.9406927860112828,3789
2026-04-30 18:00:00,0.9412691994510436,0.9426697403256502,0.9439203797595359,0.9402564414069224,1970
2026-04-30 19:00:00,0.9405898719993077,0.9412107364547303,0.9424860914369991,0.9392726287645811,442
2026-04-30 20:00:00,0.9373136681370937,0.940581707109715,0.9420583846123906,0.9357924595469652,2169
2026-04-30 21:00:00,0.9389313760108208,0.937006860283669,0.9402942471217826,0.9353421917453423,1680
2026-04-30 22:00:00,0.9382168065117172,0.9389843231811127,0.9404958779339812,0.9366854657284853,3982
2026-04-30 23:00:00,0.9383135030365212,0.9382307181525086,0.9398478180360004,0.9368436937843587,783
2026-05-01 00:00:00,0.9396128470701749,0.9381583925471269,0.9412310011970364,0.9369093338886091,1554
2026-05-01 01:00:00,0.9395231991951043,0.93959809784327,0.9404696490070913,0.9378531075439801,3657
2026-05-01 02:00:00,0.9408064116376165,0.9394868112536107,0.9418994715625387,0.9383203686980727,4708
2026-05-01 03:00:00,0.9388663262630348,0.9410548795973368,0.9426194684244531,0.9376980582982061,3012
2026-05-01 04:00:00,0.941293178170552,0.938716501526594,0.9427648182363891,0.9369226322979096,111
2026-05-01 05:00:00,0.9421477104087386,0.9413400160328903,0.943837056517976,0.9398249685351352,3526
2026-05-01 06:00:00,0.9419487533997225,0.9419935932252306,0.9429702007112072,0.9404240379654458,253
2026-05-01 07:00:00,0.943208848598873,0.9418698247243957,0.9444892108724612,0.9402856443687555,416
2026-05-01 08:00:00,0.9413564867356857,0.9432479363965295,0.9445762713739227,0.9399712397048827,3371
2026-05-01 09:00:00,0.9405601488811624,0.9413266667947626,0.942784505996453,0.9395549797008302,1914
2026-05-01 10:00:00,0.9418432493568452,0.94055930251404,0.9432661514897837,0.9390755697739601,232
2026-05-01 11:00:00,0.9391527771397712,0.9418901208906394,0.9434310107668519,0.937749185405658,2090
2026-05-01 12:00:00,0.9393753264697218,0.9390832131694533,0.940752078528764,0.9379162476568406,1958
2026-05-01 13:00:00,0.9395639378615359,0.9394999332997065,0.9413601030695707,0.9383975575692635,3051
2026-05-01 14:00:00,0.9414770088417225,0.9395207975382972,0.9433668947507468,0.9381217261292374,4725
2026-05-01 15:00:00,0.9391274623380558,0.9414632662897657,0.9425570032209201,0.938101315238208,601
2026-05-01 16:00:00,0.9406090196064937,0.9391784402346202,0.9420326627392812,0.9378079939617628,3362
2026-05-01 17:00:00,0.939487654714715,0.9406410091894855,0.9422751524026127,0.9381528418724568,3271
2026-05-01 18:00:00,0.9385012433628207,0.9395783460209438,0.9411508971975708,0.9371270381498481,4886
2026-05-01 19:00:00,0.9365848380984689,0.9385457729707178,0.9398360561814052,0.9350668244168653,2034
2026-05-01 20:00:00,0.9348294156535086,0.9366506076473589,0.9381243283283629,0.9332527451088083,892
2026-05-01 21:00:00,0.9348636424704534,0.9347837888134458,0.9358218426518499,0.9335810391513348,4539
2026-05-01 22:00:00,0.9330788441727158,0.9347140553153204,0.9361083153170342,0.9314357506884187,345
2026-05-01 23:00:00,0.9335171853730994,0.9328789353551817,0.934508495569954,0.9315400954777086,2304
2026-05-02 00:00:00,0.9322716261167356,0.9332835520231825,0.934824031774807,0.9303828527374434,3302
2026-05-02 01:00:00,0.9303659855497173,0.9325176232637349,0.9336016974471949,0.9291338332826,600
2026-05-02 02:00:00,0.9292826145740855,0.930057541770607,0.9314969168609413,0.9283379049499744,1554
2026-05-02 03:00:00,0.9292366632041931,0.9294490023202321,0.9309318397886442,0.9276104129773733,606
2026-05-02 04:00:00,0.9284538392898758,0.9291223423564291,0.9305361539510916,0.9269426077194964,4243
2026-05-02 05:00:00,0.9280448914318752,0.92861899986235,0.9298351230116769,0.9263182653500989,1346
2026-05-02 06:00:00,0.9284303403860785,0.9277381556837004,0.9297643922168092,0.9262592653612503,3056
2026-05-02 07:00:00,0.9292792461280188,0.9283975702034918,0.931002428614048,0.9263512948199822,1275
2026-05-02 08:00:00,0.9284571317577115,0.9294817460270296,0.9307561625155495,0.9271170583856547,3499
2026-05-02 09:00:00,0.92675406533902,0.9285562772370699,0.9299523664666982,0.9250730348887272,4003
2026-05-02 10:00:00,0.9263953787137271,0.9267071991643925,0.927942050259852,0.9251518200337442,297
2026-05-02 11:00:00,0.926510158217052,0.9261253504826694,0.9281835542764101,0.9245988944611775,3639
2026-05-02 12:00:00,0.925414614237573,0.926326580686218,0.9277363103286056,0.9238382567536796,3338
2026-05-02 13:00:00,0.9247466580148173,0.9256073056078281,0.9267824808715093,0.9231285651306209,475
2026-05-02 14:00:00,0.924207267842845,0.9246983809574431,0.9260866674239234,0.9226057109417748,1395
2026-05-02 15:00:00,0.9240514012013047,0.9241973124683351,0.9255165718157919,0.9235625969518653,4272
2026-05-02 16:00:00,0.9234806257735846,0.9240906770776927,0.9258617047961166,0.9221144314694587,2272
2026-05-02 17:00:00,0.9240109063174072,0.9233000501688544,0.925384535153867,0.9220734555288442,571
2026-05-02 18:00:00,0.9228070564163134,0.9240672838552021,0.9250686913103917,0.9215274603797706,3245
2026-05-02 19:00:00,0.9216222673934176,0.9227490473707043,0.9242693462199867,0.920318193020095,3949
2026-05-02 20:00:00,0.921371850784784,0.9216628588152865,0.9235386117967067,0.9197196079000752,2222
2026-05-02 21:00:00,0.9212401111816791,0.9212919722306384,0.9230046306211397,0.9198022637859032,646
2026-05-02 22:00:00,0.9201491282770355,0.9210229859759775,0.9220987506349895,0.9189090037109158,738
2026-05-02 23:00:00,0.9196940666450498,0.9200901704797724,0.9213955672757771,0.9187196318671055,1944
2026-05-03 00:00:00,0.9193932837819855,0.9197824356406848,0.9211530625941995,0.9175913489813803,2472
2026-05-03 01:00:00,0.9190983103217188,0.9194476107762909,0.920821143774405,0.917898147519638,3779
2026-05-03 02:00:00,0.9192122214341858,0.9191025751264099,0.9206960952048427,0.9177598008831465,3438
2026-05-03 03:00:00,0.9187160372708681,0.9193359906547275,0.9206192253763822,0.9167484592711621,1342
2026-05-03 04:00:00,0.9198244144958744,0.9186879466593606,0.9209514871714595,0.9174793270644876,3480
2026-05-03 05:00:00,0.9201905679756746,0.9198321822358779,0.9218336051353135,0.9185279996114425,655
2026-05-03 06:00:00,0.9195852328351936,0.9201243899950091,0.9211938034110508,0.9181418023937079,1002
2026-05-03 07:00:00,0.9196561164552193,0.9197171967712084,0.9208753795309678,0.9187197078374294,3957
2026-05-03 08:00:00,0.9197491279441735,0.91969633642435,0.9208170171039695,0.9187917996436231,4514
2026-05-03 09:00:00,0.9206601690500469,0.9196722125719936,0.9222102511849173,0.9184242429459926,3485
2026-05-03 10:00:00,0.9202098822283596,0.9204546360668938,0.9218643436755656,0.9189529684094692,2336
2026-05-03 11:00:00,0.9207853862516501,0.9203624970575047,0.9224106194975449,0.9189442409168752,4467
2026-05-03 12:00:00,0.920816777108487,0.9206826141142914,0.9219810964928605,0.9195715550253596,1831
2026-05-03 13:00:00,0.9219354519958235,0.9208267429106948,0.9229717960094941,0.9193238091488611,3243
2026-05-03 14:00:00,0.9229036205853031,0.9222611354106278,0.9241650726764856,0.9214739125348682,3459
2026-05-03 15:00:00,0.9230513550637475,0.9230145957555921,0.9243853957859911,0.921649483494599,462
2026-05-03 16:00:00,0.9228546430979854,0.9232743835955636,0.9247165552097546,0.9213706440201148,4799
2026-05-03 17:00:00,0.923234597530245,0.9227801207812762,0.9241534767778063,0.9213042995591181,3229
2026-05-03 18:00:00,0.9230992600098996,0.9233828901581539,0.924900113879861,0.9217596887770456,1279
2026-05-03 19:00:00,0.9243594903393834,0.9231029577704095,0.9254980501555823,0.9218995356079471,4130
2026-05-03 20:00:00,0.9244183428980162,0.9244102432526888,0.9256254255416289,0.9230768262946658,1967
2026-05-03 21:00:00,0.9241141109236315,0.9246984661494606,0.9264100297778021,0.922385844013818,510
2026-05-03 22:00:00,0.923769399609076,0.9240755002507798,0.9248561232184476,0.9225498764116108,3410
2026-05-03 23:00:00,0.922859622920177,0.9237720649827549,0.9252456416468898,0.9212045358138322,764
2026-05-04 00:00:00,0.923277042266247,0.9227345353173806,0.9247502402777026,0.9210346221865421,3025
2026-05-04 01:00:00,0.9226620338642674,0.9234000056969698,0.9245573602041546,0.9217585332583661,3420
2026-05-04 02:00:00,0.9234856450534081,0.9225843742303476,0.9247470328988954,0.9212346494437847,869
2026-05-04 03:00:00,0.9225159437629069,0.923627165053075,0.9253488695116389,0.921402764545822,3977
2026-05-04 04:00:00,0.9226113748496368,0.9222876094542546,0.9245385965887997,0.9213193750910814,2340
2026-05-04 05:00:00,0.92347404266851,0.9226873728023606,0.9251542277427004,0.9210827357623935,1830
2026-05-04 06:00:00,0.9218598573700423,0.9233850334156124,0.9252893760176655,0.9203461663644259,598
2026-05-04 07:00:00,0.9233735565278864,0.9219610384706525,0.9245671095772718,0.9205029967011126,3702
2026-05-04 08:00:00,0.9230545926299879,0.9233716791493701,0.924318709882029,0.9219706026167248,905
2026-05-04 09:00:00,0.9231604141666095,0.9229804620758325,0.9245305813597927,0.9215374337717303,920
2026-05-04 10:00:00,0.9235890010857468,0.923106860835048,0.9251973921624963,0.9220845761494304,1401
2026-05-04 11:00:00,0.9241335978778334,0.9234711202258479,0.9250055872080312,0.9220634997220511,2275
2026-05-04 12:00:00,0.9243390108315283,0.9242497578635894,0.9254686112854702,0.923046698521805,4407
2026-05-04 13:00:00,0.9250870492693081,0.9241934987068282,0.9262483864110368,0.9225142462395264,3765
2026-05-04 14:00:00,0.9254763523039994,0.9250499730246552,0.9269635641759801,0.9237625831266401,3715
2026-05-04 15:00:00,0.9267970131590236,0.9255243473556932,0.9282504958183081,0.9240698574728786,1075
2026-05-04 16:00:00,0.9271887588161646,0.9270214152569847,0.9283639258477483,0.9255657192562168,3275
2026-05-04 17:00:00,0.9286622354560768,0.9271874635272409,0.9301053239699032,0.9258155878452098,1809
2026-05-04 18:00:00,0.9293380445862551,0.9286284293089341,0.9304128783495824,0.927205055506579,2422
2026-05-04 19:00:00,0.927983731991929,0.9293761338917551,0.9306493949030354,0.9265071854576853,3182
2026-05-04 20:00:00,0.9299420590007198,0.9276945017546306,0.9309841178726661,0.9265496670184634,916
2026-05-04 21:00:00,0.9295113009193618,0.9297749357920312,0.931127308415782,0.9280046729666802,1795
2026-05-04 22:00:00,0.9306329589307631,0.9294589016540317,0.9318054198628904,0.9278217700769562,2036
2026-05-04 23:00:00,0.9306530540131027,0.9305334298931311,0.9322417834803747,0.9290265123610726,4383
2026-05-05 00:00:00,0.9314488717063046,0.9304293898589444,0.9328387274386203,0.9291311848786237,4838
2026-05-05 01:00:00,0.9309325125231553,0.9315686518115427,0.9329017259204434,0.9294874069006419,4787
2026-05-05 02:00:00,0.9314018209304725,0.9309688032067917,0.9332929739389422,0.9296733428208772,2685
2026-05-05 03:00:00,0.9312119280214267,0.931421413431176,0.9329253080799009,0.9298482817393989,3247
2026-05-05 04:00:00,0.9323961803551192,0.9311148668166462,0.9336917949872436,0.9300484910840799,3609
2026-05-05 05:00:00,0.932725181480682,0.9324072881277253,0.9339609298556387,0.9306220336576002,3933
2026-05-05 06:00:00,0.9334271384616581,0.9327972116437033,0.9344965175996756,0.930855079957876,3414
2026-05-05 07:00:00,0.9318040808080533,0.9333901137780556,0.9347694026372698,0.9306031523646566,4542
2026-05-05 08:00:00,0.9317399012982118,0.9318662146621998,0.9333498092576307,0.9301225393958763,1976
2026-05-05 09:00:00,0.9320478150245055,0.9316286063333049,0.9329105997587586,0.9298228937530812,3539
2026-05-05 10:00:00,0.9322155262043353,0.9320614466228574,0.933232391507241,0.9309309377801824,3092
2026-05-05 11:00:00,0.9329363941146237,0.9323754079385886,0.9341913513832323,0.9315801074824958,3889
2026-05-05 12:00:00,0.9326619659307707,0.9331087528024441,0.9342004763357105,0.9308385746666724,4654
2026-05-05 13:00:00,0.9326985562595467,0.9328477019550231,0.9342588536478416,0.9313023973537883,493
2026-05-05 14:00:00,0.9335844763328579,0.9327385465954835,0.9350358693432342,0.9314836664147674,4278
2026-05-05 15:00:00,0.9318754595802738,0.9335888953731647,0.9349525159921244,0.9304644120623953,4136
2026-05-05 16:00:00,0.9323174724565026,0.9318126975180768,0.9338698298050044,0.9305174509983315,4363
2026-05-05 17:00:00,0.9320670588370075,0.9320647679063676,0.9333016061853938,0.9298391434027955,1445
2026-05-05 18:00:00,0.9313828202435922,0.9318791663661807,0.9332634140970265,0.9301340335766405,2937
2026-05-05 19:00:00,0.9316352284117991,0.9313593353537634,0.9327522645701838,0.9298703981455674,446
2026-05-05 20:00:00,0.9325558168844056,0.9316200806583287,0.9340342777388229,0.9298597195084478,398
2026-05-05 21:00:00,0.9333351747580187,0.9327535284985139,0.9347564318456257,0.9309930454101922,2988
2026-05-05 22:00:00,0.9332338399848388,0.9335192270140661,0.9345835237511565,0.9315271453402164,4857
2026-05-05 23:00:00,0.9338906457076595,0.9331376745369474,0.935248039126211,0.9318560989511413,1211
2026-05-06 00:00:00,0.9345416966314938,0.9340053596329859,0.9359329053411571,0.9326461898450464,3972
2026-05-06 01:00:00,0.9344761681786239,0.9344748252088151,0.935956662108852,0.9336827065738696,491
2026-05-06 02:00:00,0.9339563577646327,0.9345717982596432,0.9360618654368106,0.9325762958739122,416
2026-05-06 03:00:00,0.933479932241291,0.9340692179707655,0.9352674740887018,0.9320705250210397,3086
2026-05-06 04:00:00,0.934108322252942,0.9336539696262167,0.9357234827853872,0.9320449521976466,1466
2026-05-06 05:00:00,0.9340767121426575,0.9340392972501779,0.9356243994494988,0.932135045302153,582
2026-05-06 06:00:00,0.9332920754778596,0.9342187083816637,0.935415773178003,0.9316929794684561,4583
2026-05-06 07:00:00,0.9320284283512278,0.9330302480894576,0.9341087828927005,0.9303310241925234,4447
2026-05-06 08:00:00,0.9326523019403,0.9322097661321075,0.9338699303560134,0.9308156746017608,170
2026-05-06 09:00:00,0.9322422181236019,0.9326488036935244,0.933635587316611,0.9304846718735834,4849
2026-05-06 10:00:00,0.9324900089403438,0.9322416966754706,0.9339469331520455,0.9308398474264419,189
2026-05-06 11:00:00,0.9334197891206457,0.9322047414073206,0.9351513462804694,0.9304852124043351,3717
2026-05-06 12:00:00,0.9324380957630056,0.9333654280886767,0.9351617363421088,0.9308143947941311,3941
2026-05-06 13:00:00,0.932404242727621,0.9326276739744751,0.9337215683706804,0.9308957826205085,1509
2026-05-06 14:00:00,0.9322762221179569,0.9323445721234859,0.9339630421276869,0.9313087232938398,765
2026-05-06 15:00:00,0.9325610292746779,0.9323760242529655,0.9339835114862837,0.9306712988678765,2856
2026-05-06 16:00:00,0.9334903992734932,0.9325658678066729,0.9342196586793086,0.9310597364130837,4440
2026-05-06 17:00:00,0.9324933104124964,0.933639039053072,0.9349447915834352,0.9308980264972864,253
2026-05-06 18:00:00,0.9329206588740258,0.9325201086934913,0.9341958635336431,0.9310329749515445,4270
2026-05-06 19:00:00,0.933694301705271,0.9327901548064983,0.9354340032887912,0.9312535002618216,3144
2026-05-06 20:00:00,0.9335545189073035,0.9337022066733612,0.9348586133964362,0.9317899177071085,4935
2026-05-06 21:00:00,0.9334514336626336,0.9337787176394582,0.9353365727565914,0.9321839718943679,1392
2026-05-06 22:00:00,0.9337652706893723,0.9335211362162835,0.9351359199849744,0.9319894889144931,3259
2026-05-06 23:00:00,0.9340238834977896,0.9337489561445487,0.9350197932810228,0.9325657631819496,2329
2026-05-07 00:00:00,0.934460647953315,0.9343400690724163,0.9357075402928773,0.9327767126328216,3209
2026-05-07 01:00:00,0.9348816083481158,0.9346232073693799,0.9367134989854701,0.9331504078417792,976
2026-05-07 02:00:00,0.9341451291189041,0.9349960505494442,0.936348682267042,0.9329207363368152,2539
2026-05-07 03:00:00,0.9348878289921828,0.9341896310601611,0.93654422596225,0.9327610297337154,4934
2026-05-07 04:00:00,0.9357629163638255,0.9349903334681855,0.9374054762510509,0.9337463422205579,4235
2026-05-07 05:00:00,0.9359024785340931,0.9358699927894879,0.9371804728770766,0.9345722706738268,1116
2026-05-07 06:00:00,0.9347818620541809,0.9355964101051077,0.9366386668825689,0.9332801891357745,388
2026-05-07 07:00:00,0.9346958027746808,0.9348372338372553,0.9359162976140988,0.9332184976842514,2142
2026-05-07 08:00:00,0.9348416071823862,0.934673253573483,0.9366509932184979,0.9338095940600608,1221
2026-05-07 09:00:00,0.9339831570040461,0.9347715897891792,0.936215080580791,0.9324783731824382,1347
2026-05-07 10:00:00,0.9337130534563634,0.9339557846531197,0.934870686806598,0.9323974516940071,993
2026-05-07 11:00:00,0.9326560264156945,0.93349539270827,0.9351277162415017,0.9313729644154762,2753
2026-05-07 12:00:00,0.9331114955844343,0.9324034410512856,0.93401096339018,0.9313193021689509,558
2026-05-07 13:00:00,0.9332359620706109,0.9332859877168499,0.9344545510039817,0.9318488163659806,4536
2026-05-07 14:00:00,0.9320016246970002,0.9333005718464361,0.9347213042296768,0.9307498582375077,249
2026-05-07 15:00:00,0.9322652233431867,0.9316641896035444,0.9343685308951346,0.92990961346485,900
2026-05-07 16:00:00,0.932222841632644,0.9321846255179279,0.9338493843483044,0.9312755491732914,2853
2026-05-07 17:00:00,0.9326101523447098,0.9323460233555786,0.9338741031040597,0.9312167976049135,789
2026-05-07 18:00:00,0.9323165030193932,0.9325709930414544,0.933977387161616,0.9312065705182393,2569
2026-05-07 19:00:00,0.9317153934688359,0.932490501561453,0.9341451468220433,0.9302455217587283,462
2026-05-07 20:00:00,0.9311372599989926,0.9318620129209445,0.9336559037775588,0.9294128511614523,4362
2026-05-07 21:00:00,0.9307336323365812,0.9309478494862116,0.9322748040122179,0.9291970501777168,2987
2026-05-07 22:00:00,0.930747751159017,0.9307136225491777,0.9320828296199447,0.929623153025826,1587
2026-05-07 23:00:00,0.9308587200080856,0.930685184966753,0.9320232107212605,0.9294087629227523,3050
2026-05-08 00:00:00,0.9307156800997295,0.9306647721284933,0.932297475704019,0.9294946326469341,2750
2026-05-08 01:00:00,0.9303981904379821,0.9305127219696926,0.9321946880010012,0.9288608754608294,4124
2026-05-08 02:00:00,0.930134637986978,0.9302857341541136,0.9311399647130245,0.928864884285787,3659
2026-05-08 03:00:00,0.9320154315761082,0.9300450351311548,0.9333025059249926,0.9290420368493632,4196
2026-05-08 04:00:00,0.9314373877124845,0.9320550031966839,0.933113084580458,0.9298768463770148,4332
2026-05-08 05:00:00,0.9310189087060748,0.9315832150857277,0.9330218926178928,0.9292695450686149,599
2026-05-08 06:00:00,0.9334892992873509,0.9310908310165574,0.934542850370196,0.9297406337130282,3869
2026-05-08 07:00:00,0.9338050592641963,0.9335944044964968,0.9348359405355081,0.9321599677628712,4561
2026-05-08 08:00:00,0.9327700737647685,0.9337677552954463,0.935481305954797,0.9317924284610454,1072
2026-05-08 09:00:00,0.9334020891677515,0.9328545000112616,0.9347558225279353,0.9320310258950316,4163
2026-05-08 10:00:00,0.9327195600008507,0.9333813303306199,0.9347636469758746,0.931837883612016,3090
2026-05-08 11:00:00,0.9334013561317045,0.9326577493626672,0.934922338810787,0.9312701703449493,3271
2026-05-08 12:00:00,0.9332431344221764,0.9336669245970839,0.9353385923380301,0.9319294851466836,3594
2026-05-08 13:00:00,0.9329132875350594,0.9329170146242548,0.9341992313108844,0.9313610413063921,1800
2026-05-08 14:00:00,0.9341201612616801,0.9326508038382155,0.9354102798651261,0.931305013140791,4499
2026-05-08 15:00:00,0.9345449622761745,0.9341738087807736,0.9358368585802344,0.9324950589828231,3753
2026-05-08 16:00:00,0.9352747043542614,0.934507787583022,0.9369810687844934,0.9328601328611119,2249
2026-05-08 17:00:00,0.9356008941139013,0.9350730377778348,0.9369851712686206,0.9337601445748707,3141
2026-05-08 18:00:00,0.9352675607210565,0.9354529426021306,0.9367741675007799,0.9341462045283686,4774
2026-05-08 19:00:00,0.9357260765362502,0.9351378121296429,0.9372393972464118,0.9342721236575666,1829
2026-05-08 20:00:00,0.9366329880807636,0.9358514453118222,0.9385525014908069,0.9340436774099368,4476
2026-05-08 21:00:00,0.9367340416134017,0.9368033439992414,0.938229320126646,0.9355938094091517,164
2026-05-08 22:00:00,0.9380852735666616,0.9369647490380317,0.9394165721349692,0.9359787559185243,3989
2026-05-08 23:00:00,0.938723138969063,0.9378615273263062,0.9406784049778626,0.9364168725731395,3003
2026-05-09 00:00:00,0.9388821258813917,0.938530603791781,0.9406650071680771,0.9375412683944303,3579
2026-05-09 01:00:00,0.9390707407796551,0.9386799026588579,0.9408131372397885,0.9372349964046269,2924
2026-05-09 02:00:00,0.9391736686263809,0.9392523098640218,0.940520000822224,0.9378596644097771,2445
2026-05-09 03:00:00,0.9382352395371846,0.9392323868292708,0.9404709058191695,0.9365678982377176,857
2026-05-09 04:00:00,0.9381676853903281,0.9382465255841774,0.9391375537808139,0.9365249454238874,1290
2026-05-09 05:00:00,0.938333575254334,0.93820000563732,0.9400126997911766,0.9364819198814657,4540
2026-05-09 06:00:00,0.9380215114133841,0.9383255863675335,0.9397542861296634,0.936556435764955,2092
2026-05-09 07:00:00,0.9382747691774126,0.9378637205190222,0.9391752630340379,0.936697915991979,880
2026-05-09 08:00:00,0.9382907497951789,0.9383469949696679,0.9400927358406689,0.9371751837875903,730
2026-05-09 09:00:00,0.938871018713503,0.9382645357879151,0.9401843065313529,0.9370057059495424,1506
2026-05-09 10:00:00,0.9393683529993023,0.938701887107025,0.9407170754115034,0.9367308269733523,3685
2026-05-09 11:00:00,0.9394937179649909,0.9394492836345372,0.9404765309969365,0.9381102762439916,1922
2026-05-09 12:00:00,0.9384683082965144,0.939433779734585,0.9409800559884004,0.9370152734519148,2208
2026-05-09 13:00:00,0.9398113503505253,0.938500377030957,0.9413625381256984,0.9366625019514093,3446
2026-05-09 14:00:00,0.939704932101597,0.9397937338203831,0.9411897629764496,0.9382235963395482,3066
2026-05-09 15:00:00,0.9396442672613257,0.9398305689445889,0.941122136882403,0.9384458406423425,500
2026-05-09 16:00:00,0.9393873766248011,0.9396752900091443,0.9418245522374987,0.9377725252890609,2017
2026-05-09 17:00:00,0.939021067882752,0.9392629046625187,0.9403324399673982,0.93773324062433,3541
2026-05-09 18:00:00,0.9401791114187523,0.939066478988439,0.9413858960888,0.9375746614631629,3575
2026-05-09 19:00:00,0.9412186446590419,0.940229187364831,0.9428304599600895,0.9386727439244872,2130
2026-05-09 20:00:00,0.9415519397117251,0.9412908616420737,0.9426777232542668,0.9400181579381416,1150
2026-05-09 21:00:00,0.941471314595902,0.9416982265961789,0.9428030788891889,0.9400064685790035,996
2026-05-09 22:00:00,0.9419356530846623,0.9413842821738453,0.9436683018908498,0.9395192365249833,541
2026-05-09 23:00:00,0.9419910008209893,0.9420300314928041,0.9436140435416353,0.9407550713440213,649
2026-05-10 00:00:00,0.941848333632247,0.9417473233847972,0.9433979014967876,0.9399624569588905,4852
2026-05-10 01:00:00,0.9421019130733768,0.9418313779436436,0.9435664552044236,0.9405851175229869,2120
2026-05-10 02:00:00,0.9417710447631676,0.9420631130643763,0.9432802146233455,0.9398492473287339,1670
2026-05-10 03:00:00,0.9419602429611702,0.9419756166584733,0.9433171551826217,0.9407890527224327,2285
2026-05-10 04:00:00,0.9421134086553864,0.9419381501055872,0.9435042295352457,0.9406362970141576,2635
2026-05-10 05:00:00,0.9425656106713298,0.9421993690524831,0.9442187434174384,0.9403590316288303,772
2026-05-10 06:00:00,0.9421012579532231,0.9423166445928033,0.9438501567076815,0.940249397938125,4531
2026-05-10 07:00:00,0.9426338602178805,0.9420515211080056,0.9437854260079269,0.9404061273131037,2464
2026-05-10 08:00:00,0.9419541265981677,0.9425142753924232,0.9441503203501888,0.9408469111890599,2855
2026-05-10 09:00:00,0.9415247016094518,0.9423037398289215,0.9432419204089911,0.9400891374570803,2561
2026-05-10 10:00:00,0.9411280078150924,0.9414305704439047,0.9427517950627229,0.9397159632608018,4693
2026-05-10 11:00:00,0.9403239689858122,0.9411383437253598,0.9422266610400245,0.9391549055015359,4906
2026-05-10 12:00:00,0.9410857156983514,0.9403418367877333,0.9422553619293588,0.9387334731634134,716
2026-05-10 13:00:00,0.9403589263412091,0.9408615136834853,0.9428155568541734,0.9391674990377525,3595
2026-05-10 14:00:00,0.9398347390881541,0.9402847683882862,0.9412798633011128,0.938788869201596,899
2026-05-10 15:00:00,0.9407762948710191,0.9398918582991628,0.9419562558086924,0.9389381559868227,159
2026-05-10 16:00:00,0.9403483578446289,0.9407883861911321,0.9423428953681491,0.9384547890901297,2805
2026-05-10 17:00:00,0.9402072508307753,0.940023928383263,0.9414849917061894,0.9387576055296718,2436
2026-05-10 18:00:00,0.9394482290800878,0.9401273519645088,0.9415803658385359,0.9381770161805126,2511
2026-05-10 19:00:00,0.9400729424858049,0.9395921761035423,0.9418862161784219,0.9384727381175585,205
2026-05-10 20:00:00,0.9407079946689482,0.9401559443873605,0.9423038007587227,0.9383588370765471,3253
2026-05-10 21:00:00,0.9412622040970408,0.9408799679825586,0.9425417515086354,0.939857827889934,2604
2026-05-10 22:00:00,0.9416653514681862,0.941122981605078,0.943040073795218,0.9400506508967976,384
2026-05-10 23:00:00,0.9417205433014508,0.9418462931168703,0.9434087787057668,0.9403988841266687,1755
2026-05-11 00:00:00,0.9413272608012473,0.9417142732078809,0.9433055840522477,0.9399213603394498,761
2026-05-11 01:00:00,0.9407160338212478,0.9415519351866539,0.9429688659679255,0.9391190831483561,4527
2026-05-11 02:00:00,0.9416834629663191,0.9407165005808875,0.9431978620203538,0.939494834435707,3736
2026-05-11 03:00:00,0.9422570661701141,0.941394075728696,0.9437726628522044,0.9395441422958312,2517
2026-05-11 04:00:00,0.9417370879997138,0.942377032349157,0.9437635820312351,0.9405134290319834,526
2026-05-11 05:00:00,0.9417669618258812,0.9416744350203586,0.9430086144340923,0.9405467390413174,4264
2026-05-11 06:00:00,0.9415418755061424,0.9417138264357948,0.9433358947046853,0.9404413378820627,1838
2026-05-11 07:00:00,0.9406957174768631,0.9413368372676741,0.9428302280662157,0.9395030727553672,2960
2026-05-11 08:00:00,0.940828956009329,0.9409246493160264,0.9417485389579989,0.9397475321472138,3628
2026-05-11 09:00:00,0.9405173365111497,0.9407554403061233,0.9419332025238785,0.9388946888202951,2042
2026-05-11 10:00:00,0.9398029340114279,0.9407393699975151,0.9420135534216448,0.9386754078103632,4863
2026-05-11 11:00:00,0.9386935845958215,0.9397422132330497,0.9410936133956715,0.9373229499069552,1225
2026-05-11 12:00:00,0.9375207319706673,0.9385631175416713,0.9403080156363466,0.9364040180286084,1782
2026-05-11 13:00:00,0.9372421623748963,0.937706239727125,0.9400125094270846,0.9361665254628908,997
2026-05-11 14:00:00,0.9371783411470777,0.9372318532141338,0.9379463145963018,0.935461467019324,1782
2026-05-11 15:00:00,0.9365218655394559,0.937169410660839,0.9386597184226898,0.9346667724285206,3993
2026-05-11 16:00:00,0.9370099201101989,0.9363417311064686,0.9384349958558618,0.9345794962099754,2410
2026-05-11 17:00:00,0.9369607602038617,0.9369456038412534,0.9383154677892863,0.9359537378862205,4426
2026-05-11 18:00:00,0.9373934241868106,0.9370210387007689,0.9389521987109568,0.9359896961297258,4463
2026-05-11 19:00:00,0.9372562410941698,0.9372107745031923,0.9387042425853972,0.9352486157007045,1688
2026-05-11 20:00:00,0.9366659028677645,0.9371804993349019,0.9384839353248678,0.9353323714495169,3996
2026-05-11 21:00:00,0.9367514910461184,0.9366068247936925,0.9381648362153794,0.9355880500149025,2523
2026-05-11 22:00:00,0.9358044851621047,0.9367608173865758,0.9383207753886637,0.9340969497612784,2175
2026-05-11 23:00:00,0.9362090640525822,0.9360122617347626,0.9377429877228526,0.9345890221925001,1508
2026-05-12 00:00:00,0.9355062021476973,0.9361669728501433,0.937623172161476,0.9339431124361717,426
2026-05-12 01:00:00,0.9361948765425974,0.9354092356703373,0.9374353026534613,0.9346334737959671,2330
2026-05-12 02:00:00,0.9359410347329159,0.9365804426882619,0.938775919692517,0.9346287353927043,3374
2026-05-12 03:00:00,0.9367379348701483,0.9358801675598946,0.9382440726994578,0.9342084266124021,4360
2026-05-12 04:00:00,0.9358959674787071,0.9367111694395176,0.9383290892686801,0.9346719172191169,2118
2026-05-12 05:00:00,0.9353876402031605,0.9358457587180822,0.9371063425369656,0.9336379975191558,776
2026-05-12 06:00:00,0.9356733414132968,0.9353487953827152,0.9371300651409752,0.9343149011574101,2396
2026-05-12 07:00:00,0.9365512142333668,0.9356842646250023,0.9380070666341696,0.9343110689592434,1528
2026-05-12 08:00:00,0.937801170914603,0.936680742835596,0.9386699640458833,0.9348112582913809,4602
2026-05-12 09:00:00,0.9378321955373636,0.9378580018186262,0.939063117851633,0.9367492410343394,3506
2026-05-12 10:00:00,0.9392105047604536,0.9379839384575254,0.9404121842097254,0.9364986304378647,4537
2026-05-12 11:00:00,0.9389932563480846,0.9393575551431872,0.940596897571419,0.9374199450436117,1622
2026-05-12 12:00:00,0.9398173320648568,0.9390226564806091,0.9409254220544304,0.9375871596069891,2282
2026-05-12 13:00:00,0.9391106963171374,0.9398703418542927,0.941291363600605,0.9377724771022745,497
2026-05-12 14:00:00,0.9394258466972848,0.9392669327007676,0.9412287999070311,0.9381047647717083,761
2026-05-12 15:00:00,0.9376695769166424,0.9392695545358264,0.940712765486363,0.9362077839183389,1934
2026-05-12 16:00:00,0.9368283836579026,0.9380206361910368,0.9390938844590286,0.9354519926309307,2045
2026-05-12 17:00:00,0.9371783912564631,0.9367563261017011,0.9382943165848858,0.9357543778771878,3414
2026-05-12 18:00:00,0.9361940621173127,0.9371291055651254,0.9384274987442001,0.9344808698276698,1155
2026-05-12 19:00:00,0.9365142743254046,0.9360238177330351,0.9375213250245781,0.9348747289489462,4921
2026-05-12 20:00:00,0.9371941179160138,0.9363480886078489,0.9386855097093616,0.9353388192723173,3923
2026-05-12 21:00:00,0.9368181277714751,0.9373309918319342,0.9391165012885508,0.9355803142481489,4471
2026-05-12 22:00:00,0.936105384224666,0.9371368987940398,0.9383793247600758,0.9349519300081663,1602
2026-05-12 23:00:00,0.9359863602856403,0.9360257448736575,0.9374511025035761,0.9346548937419242,2853
2026-05-13 00:00:00,0.9352773855026193,0.9360350858797957,0.937317642788915,0.9342230803589303,2636
2026-05-13 01:00:00,0.9356059292330002,0.9353082838784744,0.9368326130615903,0.9337791375740363,3908
2026-05-13 02:00:00,0.9361784379828659,0.9357463903418068,0.9376359487479842,0.9339542496977808,4255
2026-05-13 03:00:00,0.9362612258351498,0.936490032431515,0.937708116104919,0.9348270988290652,2899
2026-05-13 04:00:00,0.938720456923374,0.9364753911644342,0.9399008789961175,0.9354740446049055,4875
2026-05-13 05:00:00,0.9383071723397497,0.9386868665661106,0.9396385095092885,0.9371567757526537,2520
2026-05-13 06:00:00,0.9404268921548561,0.9383817624353981,0.941855754644973,0.9369086927714126,1444
2026-05-13 07:00:00,0.9396274050712815,0.9405154132090077,0.9422256316973044,0.9387724250374897,936
2026-05-13 08:00:00,0.9401647381552114,0.9396245717958328,0.9417744812970367,0.9385620301746713,1948
2026-05-13 09:00:00,0.942034464645469,0.9400098767138908,0.9438691690840132,0.9390624266332219,1531
2026-05-13 10:00:00,0.943842093228173,0.9419213768527466,0.9450668655444032,0.9404729296146916,1081
2026-05-13 11:00:00,0.9437877837509328,0.9440046350950473,0.9456612118225047,0.9417599105585732,2315
2026-05-13 12:00:00,0.9449038674150184,0.9439651386156197,0.94600865866847,0.9429052365019128,1381
2026-05-13 13:00:00,0.9458592823154155,0.9448744179872076,0.9474793289009759,0.9432239891542522,4929
2026-05-13 14:00:00,0.9456613553011042,0.9458963128150788,0.9477812581592161,0.9444028340952372,1593
2026-05-13 15:00:00,0.9468504952256819,0.9458313997774255,0.9484123388004303,0.9447861259257604,3081
2026-05-13 16:00:00,0.9495354858321448,0.9466077556599727,0.9514331737912098,0.944737893681268,3786
2026-05-13 17:00:00,0.9505515266302199,0.9494718436844624,0.9518066162357212,0.9474301033910122,4729
2026-05-13 18:00:00,0.9516811542851047,0.9508395821550492,0.9530703524639217,0.9492944718834347,3465
2026-05-13 19:00:00,0.9529377402589455,0.9517239375279128,0.9541053700039527,0.9501908958969267,1367
2026-05-13 20:00:00,0.9516345683301194,0.9527765500997478,0.9542139341189682,0.9501893388223389,2824
2026-05-13 21:00:00,0.9526368379379669,0.9516513274451138,0.9541428635595469,0.9502647396912612,437
2026-05-13 22:00:00,0.9518667264481607,0.9527826785209904,0.9542179131836149,0.9503418134711181,1424
2026-05-13 23:00:00,0.9516088621193234,0.9515032309515347,0.9529009169652627,0.9498827975749138,4894
2026-05-14 00:00:00,0.9546531922567496,0.951634105892043,0.9559446330349001,0.9497257520699407,124
2026-05-14 01:00:00,0.954799278325159,0.9545998550845552,0.9563303478322842,0.9533173877780121,1715
2026-05-14 02:00:00,0.9543610694000059,0.9545642194619741,0.955950155892517,0.9528930559663614,361
2026-05-14 03:00:00,0.9561941684946875,0.9543728201545453,0.9572980555523904,0.9529639021325012,2722
2026-05-14 04:00:00,0.9555069560912767,0.9561746073230651,0.9570640067528154,0.9537801461464006,3780
2026-05-14 05:00:00,0.9554200531182491,0.9555035036447715,0.9567659512319044,0.9532989974528832,448
2026-05-14 06:00:00,0.9573689157198325,0.9553700410343903,0.9584079667569012,0.953629956650812,731
2026-05-14 07:00:00,0.957870236798202,0.9572221693934213,0.9590669318665671,0.9555559798131351,4315
2026-05-14 08:00:00,0.9564463203440502,0.9576615206756489,0.9589747295312564,0.9547511509228178,1467
2026-05-14 09:00:00,0.9575491078812374,0.9563471149136303,0.9589434624032602,0.9545467054105486,103
2026-05-14 10:00:00,0.9575233488227816,0.9576725209755004,0.9589174911583815,0.9553934969062817,580
2026-05-14 11:00:00,0.9598211706066179,0.9575569046931053,0.9618918507263288,0.9566024734698129,4539
2026-05-14 12:00:00,0.9595437462694569,0.959811214381266,0.9608875049418831,0.9579318293775487,4624
2026-05-14 13:00:00,0.9612552174379281,0.9593938238857238,0.9630458087993408,0.9586963014310651,910
2026-05-14 14:00:00,0.963836055076767,0.9612011585338556,0.965234802486639,0.9594803198090411,1473
2026-05-14 15:00:00,0.963264923208193,0.9639425667795934,0.9651974525317472,0.9616607871635456,999
2026-05-14 16:00:00,0.9634830675832832,0.9633378757993849,0.9650981280457371,0.9620507087562047,2509
2026-05-14 17:00:00,0.9643994179122565,0.9634140360364476,0.9657149905850763,0.9627399297128634,4146
2026-05-14 18:00:00,0.9638206030091915,0.9640218794328074,0.9652342795801138,0.9623790342977085,3821
2026-05-14 19:00:00,0.9645949569452409,0.9637229598160775,0.9665597818623386,0.9622115816266965,1992
2026-05-14 20:00:00,0.9647750526002337,0.9645251032009482,0.9655870670871637,0.963096206083683,3507
2026-05-14 21:00:00,0.9649309715143216,0.9646437584081736,0.9663074820700939,0.9633762524805203,1354
2026-05-14 22:00:00,0.9654396975855714,0.964871137068853,0.9669429079382925,0.9636827160908253,4554
2026-05-14 23:00:00,0.9659752152442657,0.9655580126634475,0.9678322125279986,0.964124056868246,3022
2026-05-15 00:00:00,0.9666218721671569,0.9659698075091884,0.9679562653692863,0.9647524081291305,4594
2026-05-15 01:00:00,0.9663532805526087,0.9667653315705533,0.9689863057346714,0.9646691296291557,1346
2026-05-15 02:00:00,0.966137074483389,0.9661346864235001,0.9678063040158488,0.9647082921014778,4755
2026-05-15 03:00:00,0.9664447693767992,0.9660928503489187,0.9672080792045034,0.9651432215047783,1504
2026-05-15 04:00:00,0.9668410602073163,0.9661635604477871,0.9678696777523632,0.9646620467675723,3453
2026-05-15 05:00:00,0.9667644409993804,0.9667792002092399,0.9682980646807877,0.9651941666641832,323
2026-05-15 06:00:00,0.9676031685698836,0.9666126737793327,0.9687225307382268,0.964691597968244,1229
2026-05-15 07:00:00,0.9658754544714734,0.9677887981693006,0.9693963529562507,0.9641577012675476,2743
2026-05-15 08:00:00,0.9654488949607827,0.9659347878719674,0.9672515453390494,0.9642610136560359,2571
2026-05-15 09:00:00,0.9655629815693393,0.9655958772298151,0.9666977700559997,0.9637016195222295,734
2026-05-15 10:00:00,0.9649856433449026,0.9655008343962308,0.9666690683919743,0.9639394152251393,148
2026-05-15 11:00:00,0.9673906809626732,0.9648376734772486,0.969089006968879,0.9633784129251518,4201
2026-05-15 12:00:00,0.9678633151787431,0.9672380155757713,0.9687277273944734,0.9655672701478978,1297
2026-05-15 13:00:00,0.9685254387926142,0.9679018778831253,0.9702819395284138,0.9660252546266707,3779
2026-05-15 14:00:00,0.9683955619430556,0.9687883816462208,0.9705531480107669,0.9663942075916475,948
2026-05-15 15:00:00,0.9688266272386081,0.9684554909848223,0.9701835444586768,0.9666317551365974,1498
2026-05-15 16:00:00,0.9678183230814449,0.9687722211773125,0.9698161750648973,0.9664062610331212,181
2026-05-15 17:00:00,0.9680645426381308,0.9677909117257152,0.9696780731814931,0.966170466970206,2715
2026-05-15 18:00:00,0.9673901325238159,0.9680600006933185,0.9693699361308151,0.965873921457856,2633
2026-05-15 19:00:00,0.9675072482221085,0.9676842512287951,0.9686957458997215,0.9662619023674412,2929
2026-05-15 20:00:00,0.9648853483425456,0.9676857918467231,0.9696857502993999,0.9634714898478927,3768
2026-05-15 21:00:00,0.9639817444924134,0.9649229377026932,0.9661131428378753,0.9620158520429044,3365
2026-05-15 22:00:00,0.9661884561778306,0.9639976477564985,0.9672110263043441,0.9623610709114278,1091
2026-05-15 23:00:00,0.9676349334767597,0.966231905897527,0.9691691334162934,0.9641826386917404,2152
2026-05-16 00:00:00,0.9696677806798579,0.9677068259554513,0.9711025455089879,0.9665672234823314,473
2026-05-16 01:00:00,0.971783046203463,0.9696075498650438,0.9736739965709769,0.9682611126429448,3297
2026-05-16 02:00:00,0.9730406311124604,0.9716598477367134,0.974389113552544,0.9700790677733638,2042
2026-05-16 03:00:00,0.9729471886900054,0.9731912754825528,0.9745427118781059,0.971271085409259,930
2026-05-16 04:00:00,0.9721524875544867,0.9729503942749367,0.9745063908942168,0.9707283184049875,4401
2026-05-16 05:00:00,0.9739785810810263,0.9722910936578002,0.9754978468071913,0.9705962245805598,2407
2026-05-16 06:00:00,0.9745060626502912,0.9742192098331415,0.9760350736886102,0.9725256280066112,357
2026-05-16 07:00:00,0.9779488900299494,0.9745824328404931,0.9794955997644238,0.973522704804886,560
2026-05-16 08:00:00,0.9779607724587366,0.978001486982156,0.9795167246245188,0.9762727804086446,1528
2026-05-16 09:00:00,0.9807782474844732,0.97843158176403,0.982126871625761,0.9766446240860682,4711
2026-05-16 10:00:00,0.9810400973356382,0.9808087117414929,0.9827567245148167,0.9792499895978487,581
2026-05-16 11:00:00,0.9830933556523487,0.980879280937515,0.9844618518622075,0.9799472970245188,2066
2026-05-16 12:00:00,0.9855793857370276,0.9830517801836121,0.9872955801373017,0.9816552643474276,2047
2026-05-16 13:00:00,0.9848018458232107,0.9858086010322671,0.987695805000832,0.9831952577491433,3125
2026-05-16 14:00:00,0.9846698481292617,0.9846106966879726,0.985946706682573,0.9833894218897232,3035
2026-05-16 15:00:00,0.9838802730584235,0.9845587986051418,0.9867443361554868,0.982133401155047,2500
2026-05-16 16:00:00,0.9828543396725137,0.9840433915165899,0.9853075546201912,0.9811649338843659,4053
2026-05-16 17:00:00,0.9841048198931436,0.9828142441949917,0.9853727243510312,0.9812983822690723,231
2026-05-16 18:00:00,0.9843188658488448,0.9840885423419434,0.9859548010964655,0.9826069140470065,2027
2026-05-16 19:00:00,0.984831705436673,0.9844774295865976,0.9864394123915611,0.9829431938433425,407
2026-05-16 20:00:00,0.9859491923986409,0.9847256930477885,0.9874493580363168,0.9832479699982162,1574
2026-05-16 21:00:00,0.984170328198183,0.9857323891551348,0.987450234179973,0.9830736142966284,1396
2026-05-16 22:00:00,0.9861644474029314,0.9839648777032888,0.9877184345039146,0.9826128778763582,4430
2026-05-16 23:00:00,0.9861955344069235,0.9862505097942258,0.9883409707557876,0.9846947985809978,3407
2026-05-17 00:00:00,0.987284415974409,0.9862339099686113,0.9887495780106906,0.9843328140048568,1274
2026-05-17 01:00:00,0.9884792713814832,0.9871817278280446,0.9897085955188157,0.9854937875918733,3243
2026-05-17 02:00:00,0.9905742272543998,0.9883070910143337,0.9918961358921591,0.9863836976024679,4178
2026-05-17 03:00:00,0.9908983983890601,0.9905340106829462,0.992524856359137,0.9894653134113384,1020
2026-05-17 04:00:00,0.9888000334382087,0.9910640002385569,0.9926913530019185,0.9874224898150751,2866
2026-05-17 05:00:00,0.9893185865743529,0.9886759999027013,0.9908638456270319,0.9865765101068681,2494
2026-05-17 06:00:00,0.9900094348041468,0.9892201770592488,0.9912421439909781,0.9879558265648462,4579
2026-05-17 07:00:00,0.9892183217731787,0.9898327819421141,0.9916456179345683,0.9879609049096862,1898
2026-05-17 08:00:00,0.9898453105584982,0.9891637694843812,0.9919052748597715,0.9877597000436418,3425
2026-05-17 09:00:00,0.9898620884368267,0.9898955082948693,0.9913889801389745,0.9877779996126064,2885
2026-05-17 10:00:00,0.9887007836976877,0.9901757788473099,0.9921958739807325,0.9874169134685934,1682
2026-05-17 11:00:00,0.9899565655716988,0.988733122833459,0.9916987671633994,0.9870826223589234,1739
2026-05-17 12:00:00,0.9897300953906214,0.9899485965462662,0.9920919621300537,0.9881290978781427,4323
2026-05-17 13:00:00,0.9896924403329369,0.9898582016659359,0.9914830720114564,0.988780484915118,4491
2026-05-17 14:00:00,0.9895873457161924,0.9897957852479342,0.9913207204690597,0.9881076189143938,1375
2026-05-17 15:00:00,0.9915199200331494,0.9895014313855224,0.993257777194147,0.9881786224084311,2414
2026-05-17 16:00:00,0.9919208206390213,0.9918624392307289,0.9932796772734714,0.9901728096330307,799
2026-05-17 17:00:00,0.9924657404236763,0.9919171906927531,0.9940756540522463,0.9899107017924893,2190
2026-05-17 18:00:00,0.9923869770384126,0.9925009267921184,0.9943856829592029,0.9910009741576927,4351
2026-05-17 19:00:00,0.9933924172251185,0.9924691328642913,0.9951267344927205,0.991081738371006,3546
2026-05-17 20:00:00,0.9954615988832594,0.9934440626241295,0.9969455461336437,0.9911989498291741,2480
2026-05-17 21:00:00,0.9966890318642432,0.9956896509521291,0.9982439910193752,0.9944073730908928,3925
2026-05-17 22:00:00,0.997963272217845,0.9966007257759014,0.9996870572061571,0.9955058607640431,2808
2026-05-17 23:00:00,0.9991407484649062,0.9980806785868129,1.000856606825982,0.9961690509954421,2244
2026-05-18 00:00:00,0.9979344572929328,0.9991653827432411,1.0008868389571142,0.9964527142930083,183
2026-05-18 01:00:00,0.9973331146948938,0.998081472650692,0.9996790321816117,0.9957523458652826,633
2026-05-18 02:00:00,0.9975371298225749,0.9973009462995865,0.9987866813493982,0.9951368375494785,2739
2026-05-18 03:00:00,0.9971160929715831,0.9974847191039482,0.9987814228559694,0.9960400987309267,516
2026-05-18 04:00:00,0.9962886485418759,0.9972254964473962,0.9988577659840576,0.9948526366803446,156
2026-05-18 05:00:00,0.9944920376528312,0.9963420517584324,0.9980818537466116,0.9933691374525485,1701
2026-05-18 06:00:00,0.9933262025970703,0.9943698146791801,0.9960689794762355,0.9917363293397725,2824
2026-05-18 07:00:00,0.9934683719282592,0.9935267260841849,0.9948156867065097,0.9921429868645604,3689
2026-05-18 08:00:00,0.9938350602880766,0.9935775709531051,0.9952807422491288,0.9924365303121927,4831
2026-05-18 09:00:00,0.9933333957567199,0.9938240038629979,0.9949640688926551,0.9916251769676867,3302
2026-05-18 10:00:00,0.9938781060119397,0.9932635910591444,0.9949540500207367,0.9917696941353383,4878
2026-05-18 11:00:00,0.9938075056428497,0.9939323874146921,0.9954473910952221,0.9926899587100637,1509
2026-05-18 12:00:00,0.9955661939476983,0.9939061391569461,0.9974651836074576,0.9927683154134987,3322
2026-05-18 13:00:00,0.9958222430308685,0.9953280816353401,0.9973457925085685,0.9937722662629378,121
2026-05-18 14:00:00,0.9971078400885506,0.9958784321898514,0.9991742868875076,0.994882552935643,765
2026-05-18 15:00:00,0.9978016966033042,0.9972055081169298,0.9992492761819525,0.9956407103153452,3249
2026-05-18 16:00:00,0.9965692113562113,0.9974500399264004,0.9989542267759858,0.9946738692048951,1647
2026-05-18 17:00:00,0.9969104215453267,0.9965985488835217,0.9981094036484006,0.9949036834432622,2865
2026-05-18 18:00:00,0.9958776726261322,0.9970141834045487,0.9984042561545001,0.9945700827815506,4719
2026-05-18 19:00:00,0.9961979276202719,0.9959644730920627,0.997336600311004,0.9943881870376268,3885
2026-05-18 20:00:00,0.9957537706395951,0.9963177837665244,0.997349781794163,0.9946340184965244,1823
2026-05-18 21:00:00,0.9966621262797769,0.9957047996571803,0.9978064146129826,0.9941690577810385,3462
2026-05-18 22:00:00,0.9955013010748175,0.9965068420484696,0.998025561438985,0.9941056628612245,4625
2026-05-18 23:00:00,0.9959689432651528,0.9952324276557791,0.9972427757074237,0.994049022758342,1309
2026-05-19 00:00:00,0.9971058419642287,0.9961323025912378,0.9984519728952458,0.9944500703579151,2819
2026-05-19 01:00:00,0.9986449566473995,0.9972111588856643,1.0002657186355708,0.9963056297611091,3691
2026-05-19 02:00:00,0.9981779553379384,0.9988199106311709,0.9998533846463635,0.9970357840557182,3329
2026-05-19 03:00:00,0.998649256504587,0.9980693310561078,1.0001715083692908,0.9968905997201624,2483
2026-05-19 04:00:00,0.9993202328720809,0.9987697500047443,1.0010734629040419,0.9974221089769066,2221
2026-05-19 05:00:00,1.0016267844075322,0.9990944640485961,1.0034100485295097,0.9972015885089648,2916
2026-05-19 06:00:00,1.000299188334632,1.0014963213523762,1.0031517866150548,0.9985723938915019,2532
2026-05-19 07:00:00,0.9996558652805467,1.0003180784141381,1.0018019129183204,0.9981247987362257,1849
2026-05-19 08:00:00,1.0034712202718301,0.9997556917459861,1.0047886558927641,0.9982329751210836,4384
2026-05-19 09:00:00,1.003593503531083,1.0037239771695887,1.0052045710119721,1.002091653031643,3973
2026-05-19 10:00:00,1.001774310959199,1.003557430029028,1.0055570105912215,0.9998593717945599,3241
2026-05-19 11:00:00,1.0015252507871812,1.001644250428114,1.003228583113391,1.0005685002734706,1060
2026-05-19 12:00:00,0.998652602921424,1.0013878638200644,1.0028538213670453,0.9969234684840695,2619
2026-05-19 13:00:00,0.9993917077763714,0.9985494887913713,1.001059800301397,0.9972027667400043,1102
2026-05-19 14:00:00,1.0008134494887053,0.9997251327998095,1.002329599072045,0.9980728927829223,897
2026-05-19 15:00:00,1.0001694546373028,1.0009269997642363,1.0024950033098947,0.9985168418529541,1263
2026-05-19 16:00:00,1.000054585930601,1.000336343524145,1.0017624062164359,0.9983345185616539,871
2026-05-19 17:00:00,1.0016129709170436,1.0000186802710036,1.0029907082624379,0.998040400251988,3968
2026-05-19 18:00:00,0.9999627123592283,1.0016127236239052,1.003411456628953,0.9988740635862123,2618
2026-05-19 19:00:00,0.9988268269045888,1.0000674789813764,1.0009813007439505,0.9970273071219512,3667
2026-05-19 20:00:00,0.99900308868653,0.998751032726697,1.0006450307035384,0.9972716654574431,4884
2026-05-19 21:00:00,0.9985502868815698,0.9989594558504776,1.0003144627313671,0.9971905178065611,1420
2026-05-19 22:00:00,0.9986476466046015,0.9984492180999311,0.9995748272915225,0.9963419431032459,1055
2026-05-19 23:00:00,0.9975811462213137,0.998580685062549,0.9997853811864506,0.9958747104763427,805
2026-05-20 00:00:00,0.9982883224044194,0.9975884804378501,0.9997749595710218,0.996215995086712,191
2026-05-20 01:00:00,0.9985592427022034,0.998165243468224,1.000087481472926,0.996380624682653,238
2026-05-20 02:00:00,0.999668271295283,0.9986021253189574,1.0013897013946642,0.9971164358708486,3016
2026-05-20 03:00:00,1.0003587506958593,0.9997109738712006,1.0021017812553978,0.9983403477896565,3450
2026-05-20 04:00:00,1.0010567787828546,1.0003318349855066,1.002093859101394,0.999012268100277,1532
2026-05-20 05:00:00,0.9997712099574184,1.0009326882017064,1.0025455701818295,0.9981802050940518,2740
2026-05-20 06:00:00,1.0008123198193923,0.9997869672042959,1.002532279034361,0.9984700599183157,1113
2026-05-20 07:00:00,1.000865280137227,1.0007365186023662,1.002432311672531,0.9991885516678857,3541
2026-05-20 08:00:00,1.0011153621680475,1.0008722770576988,1.002767935778129,0.9991042024480248,3583
2026-05-20 09:00:00,1.0028232794197165,1.00128054633626,1.0037461212830379,0.9997430644806699,3570
2026-05-20 10:00:00,1.0024099567518963,1.0026348854724267,1.00384071999814,1.0003119625144008,2608
2026-05-20 11:00:00,1.004481377946047,1.0027374407344907,1.0063997506455538,1.001226739043505,4239
2026-05-20 12:00:00,1.0066647483052948,1.0044704269045561,1.0080902736754405,1.0025530209069113,509
2026-05-20 13:00:00,1.008018089630132,1.0067270195210125,1.0102023954529316,1.0049197553540727,2138
2026-05-20 14:00:00,1.0072913446572112,1.0079043538325434,1.0090289677005286,1.0053194808184425,410
2026-05-20 15:00:00,1.0051177927624588,1.0074635532299425,1.0094427625101032,1.0030154570036791,4153
2026-05-20 16:00:00,1.0068623946595707,1.0050988194772792,1.0081882192967835,1.0041205530827646,460
2026-05-20 17:00:00,1.007446056733168,1.0068028367190067,1.0092178831373295,1.0052115260167356,2235
2026-05-20 18:00:00,1.0070018197681823,1.0073591250321088,1.0087803925727827,1.005525112621667,1011
2026-05-20 19:00:00,1.008860094580689,1.0069611891346024,1.010408395642731,1.0054141728815984,3568
2026-05-20 20:00:00,1.0082762239236356,1.0089233660295502,1.0106159220125916,1.0068840162628847,2071
2026-05-20 21:00:00,1.0082172376137584,1.0083023585312063,1.0096291663883479,1.006869288446058,2800
2026-05-20 22:00:00,1.0092971060509388,1.008211203066767,1.011053618019811,1.0070302006436433,4814
2026-05-20 23:00:00,1.0084107826530009,1.0091894952966083,1.0106216784846822,1.006868705774063,4614
2026-05-21 00:00:00,1.0087294055614724,1.008294399467832,1.010296380930953,1.0064986547086079,2199
2026-05-21 01:00:00,1.0104863701821685,1.0086595494843353,1.011200226845006,1.0072934816697567,1913
2026-05-21 02:00:00,1.0111897030745138,1.0105561840912753,1.0126041546423312,1.0091390545613736,1565
2026-05-21 03:00:00,1.0131366146787022,1.0112903470338002,1.0150403617964951,1.0099828150236854,3480
2026-05-21 04:00:00,1.0149469375083093,1.0132579583137074,1.0166808760596586,1.0120383018340233,4974
2026-05-21 05:00:00,1.0154062235096153,1.014946714084385,1.0171993940251487,1.013495539295436,3030
2026-05-21 06:00:00,1.0130521338579863,1.0154645087460223,1.0170002910230083,1.0114282467983255,2869
2026-05-21 07:00:00,1.012175207103728,1.013026558613921,1.0150538264722146,1.0102751479180674,4993
2026-05-21 08:00:00,1.0135412080385893,1.0119103234821547,1.015149223208218,1.0107524853729983,1031
2026-05-21 09:00:00,1.012130906334247,1.0135084261120095,1.0148261901631679,1.0106219359420732,478
2026-05-21 10:00:00,1.0121888752279427,1.0120739211190324,1.0139668277649456,1.0101978887665013,564
2026-05-21 11:00:00,1.0130450519643694,1.0120309852874756,1.014845009653225,1.0108696824938945,3030
2026-05-21 12:00:00,1.0152585367992832,1.01295864419727,1.0169731839641738,1.011049851612109,4492
2026-05-21 13:00:00,1.0150185131635379,1.0152791048422545,1.0166789370053928,1.0136296492776162,1238
2026-05-21 14:00:00,1.0146963279126382,1.0148460279607299,1.0164537550864214,1.0129577456650578,3647
2026-05-21 15:00:00,1.0150833929928436,1.014588101933436,1.0170303203605664,1.0131318835678216,4432
2026-05-21 16:00:00,1.0159544885566156,1.0153192826929256,1.017623971007576,1.0136555306694948,4590
2026-05-21 17:00:00,1.0162193923637404,1.015710183369322,1.0172932021681573,1.0136953129471313,3993
2026-05-21 18:00:00,1.0179285143824033,1.0161914224122017,1.0192633962004574,1.0147016069053407,1899
2026-05-21 19:00:00,1.0174195417827692,1.0177505204913293,1.019070541358083,1.0155892548781695,3343
2026-05-21 20:00:00,1.018013734902824,1.0173047652951923,1.0193103820270222,1.0156938693784225,2818
2026-05-21 21:00:00,1.0189979901551205,1.01798351082689,1.0198810688021631,1.0166952995964713,2453
2026-05-21 22:00:00,1.0189677107832336,1.0188470439279855,1.0210740935860718,1.0173630969620375,3569
2026-05-21 23:00:00,1.0204253627071056,1.0190555587866867,1.021687744919564,1.0175886272522796,3438
2026-05-22 00:00:00,1.0210541129565964,1.020632302391737,1.0223394317076122,1.0195331812504733,4061
2026-05-22 01:00:00,1.0224507278123791,1.0211831991200226,1.023388813537175,1.0195087198253192,2816
2026-05-22 02:00:00,1.0231336527420376,1.0226079752366464,1.024934295016736,1.0208713169884456,3326
2026-05-22 03:00:00,1.0240353382278222,1.0229217180281267,1.0255434765890554,1.0211360899465403,1507
2026-05-22 04:00:00,1.023726468119603,1.0239980124920218,1.0254258303305372,1.0217517643030725,2419
2026-05-22 05:00:00,1.0234195420733736,1.023798223297809,1.0252418584886214,1.0215915329835887,4115
2026-05-22 06:00:00,1.0253388178492882,1.0235535319526734,1.0270576356742702,1.0222010156783419,3880
2026-05-22 07:00:00,1.0265514303827126,1.0256088039026676,1.0279434274977672,1.0241891450932517,2611
2026-05-22 08:00:00,1.0257738721832457,1.026715919314926,1.0276425312998632,1.0239770985646628,2877
2026-05-22 09:00:00,1.0264409082928314,1.0259119010728193,1.027582864057965,1.024252236049211,1359
2026-05-22 10:00:00,1.024042377028589,1.0268454453145954,1.0279687773627864,1.0225117898016505,1976
2026-05-22 11:00:00,1.0238036488321496,1.0240571672669636,1.0256774341633992,1.0225366060306655,3355
2026-05-22 12:00:00,1.0254068820440934,1.0237591884553667,1.027231086744538,1.0223843385304134,666
2026-05-22 13:00:00,1.02570670733764,1.0254341696228009,1.0276963133985098,1.0237162721052928,191
2026-05-22 14:00:00,1.0262982025412393,1.0255658397878813,1.0273342830845151,1.0246270378131497,3039
2026-05-22 15:00:00,1.023128545045415,1.0263085822497635,1.028033659878438,1.0223120790906974,3628
2026-05-22 16:00:00,1.0231078407036516,1.0228635316425365,1.0244537172169064,1.0211160499279388,4905
2026-05-22 17:00:00,1.0239637673722441,1.0230265094575146,1.026397767567437,1.0216544431685666,2404
2026-05-22 18:00:00,1.0249721152227222,1.0239460352702856,1.0269350047167018,1.0222645058021047,704
2026-05-22 19:00:00,1.0265769420763236,1.025118346276668,1.028640945465815,1.0230929082464684,3208
2026-05-22 20:00:00,1.0267746327741953,1.0267480680141772,1.0285619721788837,1.025519963143693,1609
2026-05-22 21:00:00,1.0270258457990464,1.0266261838295525,1.0286840472821406,1.025600059665707,870
2026-05-22 22:00:00,1.0258773048837546,1.027345309136659,1.0287602248740912,1.0244235539492195,3143
2026-05-22 23:00:00,1.0260818790367467,1.025900141384388,1.0274365161881867,1.0245718168602285,3619
2026-05-23 00:00:00,1.0250179889618694,1.026118786597998,1.0274102769492832,1.0234882600099433,369
2026-05-23 01:00:00,1.0232505448181028,1.0247696931008898,1.0264941493066906,1.0215505063624084,3644
2026-05-23 02:00:00,1.0223983295739703,1.023155452972118,1.0251676564310788,1.0207645285753244,2913
2026-05-23 03:00:00,1.024658751463335,1.0225596862473674,1.0260860577075537,1.0210084804141508,3733
2026-05-23 04:00:00,1.024784078021519,1.024684849403142,1.0260991786707767,1.0228223580293685,3186
2026-05-23 05:00:00,1.025497930857147,1.0248006625883221,1.0265797788517148,1.0230560753728875,2389
2026-05-23 06:00:00,1.0253317353557094,1.0255328698825292,1.027146134525457,1.023849536122327,1737
2026-05-23 07:00:00,1.0236330741323671,1.025110138606797,1.0270230838731527,1.0219025460692996,3238
2026-05-23 08:00:00,1.0271434983508536,1.0236181895052405,1.029078429420918,1.0225537445726263,1077
2026-05-23 09:00:00,1.0189977553263951,1.0273587611714745,1.0293086455991172,1.0171440714704063,2791
2026-05-23 10:00:00,1.0169172827884265,1.0191635190907276,1.020815625264152,1.0153851372392428,3789
2026-05-23 11:00:00,1.0167124769852387,1.0168981890131898,1.0184507665025244,1.0155536320174594,1242
2026-05-23 12:00:00,1.0175768131481007,1.0169511499332102,1.0194946154189526,1.0155519731847231,518
2026-05-23 13:00:00,1.0148525521311174,1.017385143248154,1.0185694575248754,1.013014388148229,212
2026-05-23 14:00:00,1.0079601965696612,1.0147056372457262,1.0160842712989384,1.006680387277657,2818
2026-05-23 15:00:00,1.0049560967234032,1.0082411253701484,1.0102643576779133,1.0033248726979362,2126
2026-05-23 16:00:00,1.0021482542698295,1.0050429789361324,1.0062231271028386,1.0003808324468388,3305
2026-05-23 17:00:00,0.9992491536629979,1.0021049537050144,1.0035934977574985,0.9977429540219183,4093
2026-05-23 18:00:00,1.0028868733762764,0.9992408319234384,1.0045811496395083,0.9979966283463477,4896
2026-05-23 19:00:00,0.9983358629582546,1.0027660800610145,1.0042883521355306,0.9968574982015603,1678
2026-05-23 20:00:00,0.9994645352373978,0.998377329632687,1.0013083726504681,0.9973007241728344,650
2026-05-23 21:00:00,1.000058149126965,0.9994941452260393,1.002015966416364,0.9981406631975506,3770
2026-05-23 22:00:00,1.0036598556674836,1.0000611427497195,1.0053097713977228,0.998889037434198,193
2026-05-23 23:00:00,1.00316061114847,1.0034853424044385,1.005408420173213,1.001669987538916,3234
2026-05-24 00:00:00,1.006127352275461,1.0032005679032243,1.007356233568019,1.0020745039474857,1448
2026-05-24 01:00:00,1.005481526757608,1.0060474901809349,1.0075081916339963,1.0039481415529616,1830
2026-05-24 02:00:00,1.007110498732301,1.0053325785500256,1.0093478524670283,1.003479635185346,706
2026-05-24 03:00:00,1.0014744696551239,1.0073007902720363,1.0093867405404549,0.9996130295979015,102
2026-05-24 04:00:00,0.9915809268690322,1.0017971878023813,1.0029047026208844,0.9904640427149805,1050
2026-05-24 05:00:00,0.9929967275699042,0.9918702791836566,0.9944824207522935,0.9905792138420353,2211
2026-05-24 06:00:00,0.9946136642925513,0.9930937207175501,0.9961461872938612,0.991347348624321,1540
2026-05-24 07:00:00,0.9963967980418709,0.9945739700741909,0.9980159007024884,0.9928689228378852,2024
2026-05-24 08:00:00,0.9944283011115408,0.9963863035044984,0.9982580291800538,0.9931201907338841,647
2026-05-24 09:00:00,1.0000147595573297,0.9944891423490366,1.0020665375650992,0.9931350632379236,779
2026-05-24 10:00:00,0.9982902177483158,0.9999518301742828,1.0014604711615298,0.9967681451915585,3762
2026-05-24 11:00:00,0.9998685140720872,0.9984880132465895,1.0017048683245815,0.9975381259249918,4111
2026-05-24 12:00:00,1.0020983999158526,0.9995625141823775,1.00379641439304,0.9979014367060884,3725
2026-05-24 13:00:00,1.0085436755149118,1.0020536620952782,1.0100500976344275,1.0002131491356414,4781
2026-05-24 14:00:00,1.0073548144406999,1.0086647199985486,1.0096625578764211,1.005961374287052,3684
2026-05-24 15:00:00,1.0049053410423405,1.007227418624162,1.009041817509872,1.003825837260594,694
2026-05-24 16:00:00,0.999287295850783,1.0048693443819305,1.0065497040421514,0.9973648828527841,3711
2026-05-24 17:00:00,1.0051086721257674,0.9993767972726555,1.0067338089880822,0.9978029692023048,1231
2026-05-24 18:00:00,1.0066889630271993,1.0053379358387113,1.0079026476048283,1.003613791846582,3908
2026-05-24 19:00:00,1.008387942174303,1.0064932442629513,1.010493195208594,1.005380326608469,3199
2026-05-24 20:00:00,1.0200755830792676,1.008178611267184,1.0216523563072042,1.007051677094082,4249
2026-05-24 21:00:00,1.0212945008587162,1.0199306567649946,1.0224767384304077,1.0182718331000908,4759
2026-05-24 22:00:00,1.0164107955895911,1.0210600856531569,1.0221875940985363,1.0145728509763452,3474
2026-05-24 23:00:00,1.0156761571833675,1.016187390744406,1.0179173327494713,1.014496725056635,4676
2026-05-25 00:00:00,1.012020723150185,1.0155285041900668,1.01726126069271,1.010533599853095,2747
2026-05-25 01:00:00,1.0105362166704996,1.0122076966357147,1.0135831344011272,1.0095015961982337,4663
2026-05-25 02:00:00,1.00902650566017,1.0104889826033145,1.012142562676795,1.00772533394139,536
2026-05-25 03:00:00,1.0068251641936685,1.0090312440471312,1.0107431306530543,1.0053925598961437,2256
2026-05-25 04:00:00,1.001600354798586,1.0066816151928841,1.0082260604703808,0.9999510780160473,3837
2026-05-25 05:00:00,1.007572235924857,1.0016961049536754,1.0088715987263315,1.0008212629262907,4930
2026-05-25 06:00:00,1.0086929160915008,1.007856046407927,1.0104968693463683,1.0059434440421549,4358
2026-05-25 07:00:00,1.007847395961375,1.0085587267714198,1.010323759225878,1.0063871910991218,1886
2026-05-25 08:00:00,1.010688537822059,1.008108873472766,1.0123766949416806,1.006200373908241,3176
2026-05-25 09:00:00,1.0124550401027441,1.01074388231758,1.0137204878506767,1.0090129798569094,524
2026-05-25 10:00:00,1.0134888803505269,1.0124576037480961,1.0146044176815872,1.0106782313581446,667
2026-05-25 11:00:00,1.0160576231234024,1.013549862681031,1.0176050353688433,1.0114099550157207,3551
2026-05-25 12:00:00,1.0165598784124974,1.0161171721589484,1.0183682076435503,1.0148306997527028,1633
2026-05-25 13:00:00,1.0190732088762158,1.0168437572164304,1.020919883528599,1.0152737393792592,2825
2026-05-25 14:00:00,1.0218973800045075,1.0191529507066466,1.0236093795540708,1.0179238252635716,1110
2026-05-25 15:00:00,1.0225075752608805,1.0219803729317354,1.0239031587809433,1.0204779644960738,4017
2026-05-25 16:00:00,1.02168109591027,1.0224429795011827,1.0237290080957184,1.0199278621403405,521
2026-05-25 17:00:00,1.0274200876657222,1.0218104086160358,1.0289560190012346,1.0199218041002682,3143
2026-05-25 18:00:00,1.0256279568915718,1.02727288231473,1.0288090522816966,1.0242071318039727,3418
2026-05-25 19:00:00,1.0270953828931744,1.025644750515734,1.0289772153324572,1.0244753365945194,4121
2026-05-25 20:00:00,1.0286475394334458,1.0275402652734458,1.030042473632574,1.0259746721479284,1351
2026-05-25 21:00:00,1.0263616974874572,1.028262008740932,1.029679419599704,1.0250845447084205,1785
2026-05-25 22:00:00,1.023332363542539,1.0263974855174791,1.0285633657327031,1.021974774114947,2824
2026-05-25 23:00:00,1.022005418464277,1.0233740035570766,1.025382618944022,1.0202664559987353,1510
2026-05-26 00:00:00,1.0201596052648685,1.0219705153801446,1.0232305817041238,1.0184807399306726,3708
2026-05-26 01:00:00,1.0146916156587227,1.0201284766679517,1.0220976131626431,1.012915640803804,3810
2026-05-26 02:00:00,1.0122485090992754,1.0147054950697127,1.0158831808957567,1.010832541063569,3802
2026-05-26 03:00:00,1.013246845291655,1.0122102078706954,1.014634772972253,1.0103836357642813,2538
2026-05-26 04:00:00,1.0179941337322123,1.013280741400917,1.0194233231321665,1.011749368119927,3176
2026-05-26 05:00:00,1.0200731012391133,1.0179195239474803,1.021579466152798,1.0164763720900691,979
2026-05-26 06:00:00,1.0103248468702248,1.0203795922963501,1.0220829261345983,1.0091424038668815,1068
2026-05-26 07:00:00,1.012729735800565,1.0102865635984748,1.014281179012915,1.0094024308753087,1937
2026-05-26 08:00:00,1.010636666603456,1.0128160863267042,1.0145184211279012,1.0095948804122272,1113
2026-05-26 09:00:00,1.0123357168835352,1.0105350732324927,1.0137321811015585,1.008951133619588,4023
2026-05-26 10:00:00,1.0122827096614953,1.0124774075668326,1.0141094773588586,1.0110398856115455,1362
2026-05-26 11:00:00,1.0115601310636697,1.0123940016771609,1.0139353057854006,1.0105420757334374,4627
2026-05-26 12:00:00,1.0111767470838118,1.0116237229939935,1.0127193339880551,1.0097872007427153,2113
2026-05-26 13:00:00,1.0110926559278002,1.0110209373987347,1.0127558053341157,1.0094194333527442,3825
2026-05-26 14:00:00,1.0161341745731385,1.0109779745614147,1.0176876573777693,1.0093272434283753,473
2026-05-26 15:00:00,1.0160604488715694,1.0163911626252544,1.0176976407117047,1.0145451583500757,3618
2026-05-26 16:00:00,1.0201312093709989,1.015943622368054,1.0215313877707755,1.0144320514832696,2333
2026-05-26 17:00:00,1.0236558563679201,1.0202296188599833,1.0250684029500279,1.0188594788949081,4077
2026-05-26 18:00:00,1.0261572771713587,1.02351044916392,1.0276211156246624,1.0217760671422267,986
2026-05-26 19:00:00,1.0194574565958725,1.0263114777426547,1.028378618819124,1.0179823468931035,1082
2026-05-26 20:00:00,1.0236448290564786,1.0193520625300205,1.0258221997444263,1.01784003643959,4327
2026-05-26 21:00:00,1.02192769920347,1.0234971827992063,1.0241943300161285,1.0200766268103432,2939
2026-05-26 22:00:00,1.0246116765075004,1.0218182180405757,1.0262986507784089,1.0200378835004056,2854
2026-05-26 23:00:00,1.0209646783828488,1.0245268645740022,1.0263508030766229,1.0194898536307977,3011
2026-05-27 00:00:00,1.0165206507204616,1.0210263822061603,1.0224852692301438,1.0150956076681816,1853
2026-05-27 01:00:00,1.0239321084835786,1.0165313073511397,1.025753097017516,1.0150982646313758,4735
2026-05-27 02:00:00,1.0203434219829357,1.023764493188251,1.025801354057236,1.0194316226335536,2816
2026-05-27 03:00:00,1.0246413218793797,1.0203391266331614,1.0257565900651293,1.0184649870449374,174
2026-05-27 04:00:00,1.0250853980847667,1.0244654938900841,1.0266641613888108,1.0231384615811328,1503
2026-05-27 05:00:00,1.023509947865916,1.0251842011895318,1.0273202911717008,1.021712270062851,4855
2026-05-27 06:00:00,1.0233418395496776,1.023636878515965,1.0247918941692733,1.021794059077431,2482
2026-05-27 07:00:00,1.0184627351876852,1.0233381811288897,1.0248306672780751,1.016509832775145,3657
2026-05-27 08:00:00,1.0184111562641505,1.0185042334161218,1.0198948543139943,1.0167217695106916,191
2026-05-27 09:00:00,1.0143508800870407,1.0186777465592016,1.0205193693773293,1.0125517899009966,209
2026-05-27 10:00:00,1.0128679658583633,1.014326935433693,1.0162082098402927,1.0115285728908179,1102
2026-05-27 11:00:00,1.0163378392232492,1.0127240130956696,1.0179118398130107,1.0115914293536148,2642
2026-05-27 12:00:00,1.0172910542603404,1.0164262207430776,1.0188268207106141,1.014855261096101,3086
2026-05-27 13:00:00,1.0117329148895384,1.0171191627959406,1.0181149666300122,1.01079721926051,441
2026-05-27 14:00:00,1.0149259953654655,1.011700858102342,1.0168816570335677,1.0103209503886719,4591
2026-05-27 15:00:00,1.014899371258306,1.0148348081722915,1.016314191833772,1.013674605500901,3056
2026-05-27 16:00:00,1.012866176501771,1.0147927438226478,1.0162687962160668,1.0116020159553225,1822
2026-05-27 17:00:00,1.0156662126414295,1.0128280756736066,1.0174857582879107,1.0111230688242108,2312
2026-05-27 18:00:00,1.0150391870027657,1.0158032263854522,1.0173859565901424,1.0133552472044796,2578
2026-05-27 19:00:00,1.0106679569781194,1.0152068066050743,1.0170271738084868,1.0092010613966615,3884
2026-05-27 20:00:00,1.0175972433960554,1.010809332658084,1.0193078478084483,1.0091852448469478,554
2026-05-27 21:00:00,1.0175324154852141,1.0176485810743707,1.0192370876796757,1.0161711675050753,2939
2026-05-27 22:00:00,1.017227220968406,1.0174930920399834,1.0191136701096215,1.0149608403725328,2662
2026-05-27 23:00:00,1.0157080765744162,1.0168679916847594,1.0180494309955643,1.0140928455429825,3953
2026-05-28 00:00:00,1.0201329480973822,1.0157643360383621,1.021617553657914,1.0144147987247032,1864
2026-05-28 01:00:00,1.0181646536918496,1.019784837847954,1.0216432063452452,1.0163700265040478,1907
2026-05-28 02:00:00,1.012370979221306,1.0178725795098869,1.0191182088457766,1.010475764228232,4056
2026-05-28 03:00:00,1.009825937989196,1.012346490792484,1.01364453839834,1.0085457469840335,4298
2026-05-28 04:00:00,1.0148013427409015,1.0098662119906625,1.016055751582631,1.008775877025329,4135
2026-05-28 05:00:00,1.0179218383463657,1.014732467364718,1.019495559941636,1.0135782826058053,4344
2026-05-28 06:00:00,1.0169655296488913,1.018156075683539,1.0201094210272943,1.0156444780193556,601
2026-05-28 07:00:00,1.022115236430043,1.0170363778206306,1.0238161874547937,1.0155198456137093,3311
2026-05-28 08:00:00,1.024920019788125,1.0220768929565278,1.0257880360586789,1.0210404313361587,3471
2026-05-28 09:00:00,1.023920309674495,1.0251329404243812,1.026868062982195,1.0225129046620753,1392
2026-05-28 10:00:00,1.023298147717866,1.0241605463129246,1.0255597765543065,1.0218270350946337,2321
2026-05-28 11:00:00,1.0245330892126614,1.0233769177191103,1.026226452569032,1.0217402691643642,4958
2026-05-28 12:00:00,1.0214135131514221,1.024414310415184,1.0259006202351193,1.0196939280767314,782
2026-05-28 13:00:00,1.021430407147082,1.0213292037088622,1.0226988838106312,1.0196740134811453,4106
2026-05-28 14:00:00,1.022587332264382,1.0212084946449316,1.0240992874795094,1.0191248175356167,1657
2026-05-28 15:00:00,1.0162612088696,1.0225808662699505,1.0239706634018888,1.014403242512048,4273
2026-05-28 16:00:00,1.0155512576599703,1.0161012532336318,1.017718330210922,1.013960306625433,2719
2026-05-28 17:00:00,1.014414796964849,1.0155011849126931,1.0167531741191882,1.0131885178759603,156
2026-05-28 18:00:00,1.0182700520397001,1.014454601187472,1.0194538612802861,1.0131335477559507,634
2026-05-28 19:00:00,1.0113531883129088,1.017969117530734,1.0197082653063687,1.010269624162418,4148
2026-05-28 20:00:00,1.0099225407390198,1.0111617461939975,1.0130125826070535,1.0083611970153339,3978
2026-05-28 21:00:00,1.0081159608114025,1.009845896496952,1.0115335000939387,1.0065035714230515,1167
2026-05-28 22:00:00,1.0117162269261086,1.0081079893927083,1.0130368890651695,1.0063194027402427,3243
2026-05-28 23:00:00,1.0115529272909902,1.011641287423473,1.0129340308416597,1.0099544759189403,2590
2026-05-29 00:00:00,1.0182882822121866,1.0115116075050414,1.0196072233988407,1.0096621957508254,363
2026-05-29 01:00:00,1.0207715823943355,1.0181801538389383,1.0225754067203463,1.0163199510432417,3550
2026-05-29 02:00:00,1.0192332461661249,1.0205499909184717,1.0218265656199421,1.0180187571927948,881
2026-05-29 03:00:00,1.020131966278221,1.0191514187118234,1.0219327156226456,1.0177797686505399,2110
2026-05-29 04:00:00,1.0188042082430855,1.0200993897296813,1.0218222599271642,1.0172793757399623,139
2026-05-29 05:00:00,1.0220269435824245,1.0187566241857495,1.023939481094976,1.017440071974605,1293
2026-05-29 06:00:00,1.0170312021575831,1.022043998573078,1.0238939233325146,1.015579895573265,4686
2026-05-29 07:00:00,1.0139423422454406,1.0170949123988744,1.0187808923538817,1.0123297910832372,2550
2026-05-29 08:00:00,1.0156511794400216,1.014046201652401,1.0167271558763493,1.0125602256673245,3645
2026-05-29 09:00:00,1.0202477661227352,1.0155542226163232,1.0219648824056742,1.0140237562937058,1568
2026-05-29 10:00:00,1.011990383887213,1.0200085624408561,1.0215616054053864,1.0107585807480761,312
2026-05-29 11:00:00,1.017144650947177,1.0121843935034478,1.018556472010446,1.0105041390638847,3115
2026-05-29 12:00:00,1.016619144215572,1.0172034287017075,1.0191438163927193,1.0149620768600167,1277
2026-05-29 13:00:00,1.0095546131083077,1.0164745766484837,1.0179430740811617,1.008271216915872,637
2026-05-29 14:00:00,0.9982981337012227,1.00959619797425,1.0109350808150976,0.9971879944537926,2522
2026-05-29 15:00:00,0.9925629359544417,0.9984571414994281,1.0002806948504244,0.9907077629534852,2100
2026-05-29 16:00:00,0.9924890427450214,0.9928203642675825,0.994188482814781,0.9904797957073707,668
2026-05-29 17:00:00,0.992241925103238,0.9925263426484512,0.9938422062954616,0.9906836956000173,2998
2026-05-29 18:00:00,0.994616426733398,0.9924000199766634,0.9957720255778356,0.9910160166710319,2284
2026-05-29 19:00:00,0.9925558498175444,0.9944363370914739,0.9956809497138204,0.9907554692342005,4953
2026-05-29 20:00:00,0.9884006977683713,0.9925505268718349,0.9938153666374877,0.9867786284303739,536
2026-05-29 21:00:00,0.9868516238146429,0.9883511066018337,0.9900152485643146,0.9854337273770041,2527
2026-05-29 22:00:00,0.9869776623905613,0.986902340133359,0.9881563884036242,0.9851352332602274,3987
2026-05-29 23:00:00,0.9878430603716436,0.9872164034027663,0.9887742489899466,0.9859745759640763,2186
2026-05-30 00:00:00,0.984883692749372,0.987879977170056,0.9894468965348987,0.9836104759988092,1123
2026-05-30 01:00:00,0.9882641178756296,0.9847446898326798,0.989558560658085,0.9831544843906678,4947
2026-05-30 02:00:00,0.9859338799816645,0.9880772678404521,0.9895513572287875,0.9844211888178416,1693
2026-05-30 03:00:00,0.9826724398729461,0.9861764693881285,0.9880285364986894,0.9810105602535659,4634
2026-05-30 04:00:00,0.98063847171244,0.9827480167109507,0.9842400222776789,0.9788164461415996,4220
2026-05-30 05:00:00,0.9846691223713248,0.9807046534924415,0.9865920692445327,0.9796862444166998,3397
2026-05-30 06:00:00,0.9841711356727972,0.9846183787946682,0.9860745150431406,0.9826833784043337,3889
2026-05-30 07:00:00,0.9815667100362856,0.9842105743044054,0.9859794428576263,0.9795345487977405,2769
2026-05-30 08:00:00,0.9850396141004676,0.981420880845526,0.9863554022687854,0.9801196101294366,3377
2026-05-30 09:00:00,0.9930749211252754,0.9850972916469501,0.9945966169722046,0.983820618684991,1427
2026-05-30 10:00:00,0.993861231003934,0.9928997724432446,0.9950738506321684,0.9920771497225154,373
2026-05-30 11:00:00,0.9984881402321794,0.9938074192162416,0.9997419819968142,0.9922792086351017,3156
2026-05-30 12:00:00,1.0023734325468348,0.9983914773803519,1.0038094327975833,0.9967133212767052,4035
2026-05-30 13:00:00,1.000102283478116,1.001884777424201,1.002986329866924,0.9984285460329592,4186
2026-05-30 14:00:00,1.0002021616549017,1.000050257668638,1.0017502825538485,0.9988611326977695,3834
2026-05-30 15:00:00,0.9953926192935117,1.0000679529042056,1.0014706323176377,0.9939021324242118,4909
2026-05-30 16:00:00,0.9946240857946557,0.995361230466623,0.9969231622501749,0.9930660431304436,3013
2026-05-30 17:00:00,0.9922758719104342,0.9946243422186583,0.9957218417077774,0.9907719465451333,937
2026-05-30 18:00:00,0.9907650495710256,0.9925386126873031,0.994233335815924,0.9896043102070972,1105
2026-05-30 19:00:00,0.9879529432033494,0.99081020529361,0.9927952834335824,0.9864481009294638,1442
2026-05-30 20:00:00,0.986876330172616,0.9880024023807148,0.9899228241748759,0.9856371780779875,4880
2026-05-30 21:00:00,0.9888722027461094,0.9869498449843577,0.9909203271233338,0.9860218598664776,4433
2026-05-30 22:00:00,0.9884241080819595,0.989001460228779,0.9904966783362947,0.9867394460004306,3655
2026-05-30 23:00:00,0.9814327085903768,0.9884909847891875,0.9898593980282495,0.9799193287945723,4318
2026-05-31 00:00:00,0.9786347564720075,0.9814740627139347,0.9830851647082828,0.9769930295552179,1775
2026-05-31 01:00:00,0.9729370088999141,0.978738556239438,0.9801284299038868,0.9716336005914377,3611
2026-05-31 02:00:00,0.9738522347473457,0.9725825313968679,0.9748045345173378,0.9709387052520742,916
2026-05-31 03:00:00,0.975739674862549,0.9741579903242417,0.9774431112871832,0.9723951815099607,608
2026-05-31 04:00:00,0.9767017306945021,0.9759725786461492,0.9780981010741059,0.9739935888495598,3246
2026-05-31 05:00:00,0.9737489642196293,0.9767334460515222,0.9777654195241938,0.9720505935817517,3560
2026-05-31 06:00:00,0.9746746664538714,0.9735423809810169,0.9759880554993464,0.9719678555649853,3016
2026-05-31 07:00:00,0.9729117379947381,0.9748513010753003,0.9762488906882424,0.9718551219258744,2398
2026-05-31 08:00:00,0.9686433925581747,0.9728109201618275,0.9742673236978471,0.9672213829571703,3069
2026-05-31 09:00:00,0.9714256297570831,0.9687211805850321,0.9728897172941678,0.967678645075701,1919
2026-05-31 10:00:00,0.9744932338335472,0.9712381023327951,0.9763552038278713,0.9700157591803664,1539
2026-05-31 11:00:00,0.9780515918876104,0.9748198649553068,0.9791405915524595,0.9727791431952777,1328
2026-05-31 12:00:00,0.9757702846374887,0.9778405010485396,0.9792596191466268,0.9746061029206727,1885
2026-05-31 13:00:00,0.9801928933100877,0.9757804275858679,0.9814047164164617,0.9749989960327363,1658
2026-05-31 14:00:00,0.9783419598676075,0.97988145959029,0.981717661162745,0.9766357805453002,876
2026-05-31 15:00:00,0.9807925898233769,0.9783358952662603,0.9820985776999854,0.977062748139454,2725
2026-05-31 16:00:00,0.9788766673417518,0.9807301445587356,0.9820974894581046,0.9771828169557498,2115
2026-05-31 17:00:00,0.9780367342277052,0.9790434984116709,0.9808185457011341,0.9769130081718312,893
2026-05-31 18:00:00,0.9689573172624958,0.9779749080507771,0.9798134391040505,0.9676276889549611,4542
2026-05-31 19:00:00,0.9678251427084323,0.9691226155422297,0.9710019258820038,0.966026183745848,2595
2026-05-31 20:00:00,0.9681667300838762,0.9676764147892623,0.9691417379491075,0.9666081454965375,798
2026-05-31 21:00:00,0.9666290440187618,0.968125847242656,0.9697158304479115,0.9652281856769982,336
2026-05-31 22:00:00,0.9732147492740811,0.9665908095112554,0.9747534359363672,0.965045936870775,518
2026-05-31 23:00:00,0.9688555014541114,0.97328677228527,0.9747251663175719,0.9676112686663079,2112
2026-06-01 00:00:00,0.9667420718149716,0.9689089199125396,0.9703783392783543,0.9652217818732305,1287
2026-06-01 01:00:00,0.9633487995275247,0.9668464350253693,0.9686630528588284,0.9618992540720054,4804
2026-06-01 02:00:00,0.9612346358562917,0.963387272550193,0.9651286228852162,0.9596386375849744,2401
2026-06-01 03:00:00,0.9651024348423193,0.9613303713386959,0.9668097724362491,0.9593493455535499,3720
2026-06-01 04:00:00,0.9706450540710454,0.9649717087650771,0.9721612737251641,0.9627367370970235,1297
2026-06-01 05:00:00,0.9680170817800994,0.9707015086336825,0.9728129254541246,0.966430503007968,436
2026-06-01 06:00:00,0.9653058034948874,0.9682499433573462,0.9695818849956942,0.963889814037657,1740
2026-06-01 07:00:00,0.9609665710626601,0.9650636409615244,0.966039225347581,0.9593980087312499,3470
2026-06-01 08:00:00,0.9658651412621075,0.9610374184232858,0.9672370819896381,0.9596559151179932,3844
2026-06-01 09:00:00,0.9700689077880437,0.9659636197151071,0.9715408140270528,0.9649704774587248,1060
2026-06-01 10:00:00,0.9696714760380857,0.9702814384007551,0.9721150437490873,0.9682305220599061,1552
2026-06-01 11:00:00,0.9644361040519349,0.9697765099194409,0.9710753223676687,0.9626763600678337,2423
2026-06-01 12:00:00,0.959536119431474,0.9644505425674134,0.9660312526462551,0.9585184585855259,1799
2026-06-01 13:00:00,0.9601759798704163,0.9595980613242612,0.9611907194996239,0.9584414112212644,1541
2026-06-01 14:00:00,0.9622359970645906,0.9600698878908733,0.9639915248304085,0.958794526399236,4919
2026-06-01 15:00:00,0.9544879540457614,0.9621804504368476,0.963631745385354,0.9529496027968849,4677
2026-06-01 16:00:00,0.9532830418812444,0.9542969586158493,0.9556466483750917,0.9511733313908791,1845
2026-06-01 17:00:00,0.9593516514670846,0.9534970295142993,0.9614041802263066,0.9522909276755722,366
2026-06-01 18:00:00,0.9585359919422209,0.9594163752659222,0.9611618425869876,0.957071958048942,1858
2026-06-01 19:00:00,0.9641221347826858,0.9584035052970785,0.9652675576133267,0.9569556506931796,4416
2026-06-01 20:00:00,0.9665560577662696,0.9641614770400976,0.9679741718681799,0.9627989942683509,4507
2026-06-01 21:00:00,0.962490009263137,0.9667234368544894,0.9689572759342058,0.9610600482647659,3536
2026-06-01 22:00:00,0.9613924919130675,0.9626331787262951,0.9646459933446003,0.9600844416442348,3410
2026-06-01 23:00:00,0.9609098885185249,0.961258785345613,0.9629662154979792,0.9586777974093271,1877
2026-06-02 00:00:00,0.9573379701381742,0.9604598670849147,0.9613653992458683,0.9556866554214272,2260
2026-06-02 01:00:00,0.9537009650526332,0.9573945321517844,0.9592062254993581,0.9524009211362234,4410
2026-06-02 02:00:00,0.9593513472730778,0.9535733421162093,0.9606075645714865,0.9517936738204619,1158
2026-06-02 03:00:00,0.9556862449492293,0.9594405597486757,0.9612535494814913,0.9541791204611245,2090
2026-06-02 04:00:00,0.9597303802357618,0.955823045453398,0.9609619057359877,0.9543667657116386,4398
2026-06-02 05:00:00,0.958093563441893,0.959890424943138,0.9614680686208598,0.956708739465333,3522
2026-06-02 06:00:00,0.9579974159548311,0.9583442819734549,0.9595972613669105,0.9566322793135112,635
2026-06-02 07:00:00,0.9601043325232258,0.9581754706998697,0.9614398529225631,0.9570867039420728,3960
2026-06-02 08:00:00,0.9578597374998332,0.9603557058805081,0.9619712886187186,0.9569038879113004,432
2026-06-02 09:00:00,0.9599893786754378,0.958058319992142,0.9610495242000641,0.9565115640413552,1503
2026-06-02 10:00:00,0.9523152673021313,0.9601988238825769,0.9623050837578132,0.9509416712629807,4607
2026-06-02 11:00:00,0.9539641700086863,0.9523094192910436,0.9551011365213841,0.9506273615007751,454
2026-06-02 12:00:00,0.9447071820415427,0.953781464617749,0.954891547451476,0.9435423303720292,1019
2026-06-02 13:00:00,0.9438565068164235,0.9450586180812482,0.9466514138138199,0.9427516124040504,4353
2026-06-02 14:00:00,0.9470599180113679,0.9438654498466732,0.9488475715884626,0.9422243335552832,3381
2026-06-02 15:00:00,0.9493935254090868,0.9472348971334512,0.9507254193039754,0.9458949245668692,1233
2026-06-02 16:00:00,0.9445244861129796,0.9493155632012877,0.950428741256866,0.9428652209239852,1785
2026-06-02 17:00:00,0.9401382446276288,0.9446604191659433,0.9458104774264562,0.9387185997636744,4665
2026-06-02 18:00:00,0.9388618381792417,0.9397939222133846,0.9409121011503169,0.9369247250439275,3066
2026-06-02 19:00:00,0.9386352972140715,0.9388040496810964,0.9402987831105536,0.937014534647929,1643
2026-06-02 20:00:00,0.935746977386019,0.9386214840329976,0.9400054577089786,0.9342283308525285,807
2026-06-02 21:00:00,0.9352811090950007,0.9358118777723036,0.9373342813943698,0.9336537406291059,2132
2026-06-02 22:00:00,0.9352048243435608,0.9354314934924066,0.9369366690236082,0.933878581746897,1653
2026-06-02 23:00:00,0.9344151797265156,0.9350514667803466,0.9366841645244507,0.9334741061906159,2208
2026-06-03 00:00:00,0.9345955648881792,0.9345077002278653,0.9358825186766647,0.9330046103441726,338
2026-06-03 01:00:00,0.9344140338781707,0.9347674971138589,0.9359621815043122,0.9324681383623853,2392
2026-06-03 02:00:00,0.9333140487668921,0.9347424547137732,0.9361861872218474,0.932555388297672,1308
2026-06-03 03:00:00,0.9305406215345806,0.9334126806733831,0.9347931404744274,0.9290138430698417,4817
2026-06-03 04:00:00,0.9302507172324656,0.9304765031692538,0.9319424718829376,0.9292837745171992,1456
2026-06-03 05:00:00,0.9286570267941896,0.9300735622546777,0.9312682666277458,0.9272705338354393,1300
2026-06-03 06:00:00,0.9275130156443557,0.9289115181351171,0.9304814871270353,0.9260996362310294,1580
2026-06-03 07:00:00,0.9276379647059114,0.9276156136002196,0.9287014905159504,0.9260163136978264,3080
2026-06-03 08:00:00,0.9288887647660327,0.9276349027683204,0.9301593774044954,0.926183004221409,3683
2026-06-03 09:00:00,0.9283930926179023,0.928663190548685,0.9303702384401372,0.9266179534094435,1541
2026-06-03 10:00:00,0.9286079704216373,0.9282633868920923,0.9296857179508681,0.9265455363339208,3500
2026-06-03 11:00:00,0.9264245952122538,0.9286957010180839,0.930377229207437,0.9250896194403948,741
2026-06-03 12:00:00,0.9262692235094478,0.9264737569083302,0.9274715991289405,0.9245757089407514,1038
2026-06-03 13:00:00,0.9257473363842352,0.9259989518209828,0.9269473172363492,0.9244455821734862,1514
2026-06-03 14:00:00,0.9267724094809866,0.9258352795637238,0.927747226997361,0.9245799267344584,3526
2026-06-03 15:00:00,0.9256738593097521,0.9265546303879707,0.9279755785016229,0.924619808374339,2806
2026-06-03 16:00:00,0.9249338941691573,0.9258617146418365,0.9274515638346782,0.923182449355432,2360
2026-06-03 17:00:00,0.9257544715297167,0.9249628549047754,0.9275020906684758,0.9236575481021437,3074
2026-06-03 18:00:00,0.9251940309788431,0.9256901583159851,0.927414591597909,0.92447834831058,1061
2026-06-03 19:00:00,0.9234134213212984,0.9253311792497303,0.9269552876172739,0.9218781358752165,1392
2026-06-03 20:00:00,0.9260253812492466,0.9234625237183016,0.9271833435446835,0.9221940588236368,3559
2026-06-03 21:00:00,0.9242810699332425,0.9262090720753826,0.9273624352285872,0.9229774492844735,4937
2026-06-03 22:00:00,0.9237534298353831,0.9242922208768256,0.9258961687792792,0.9224326517558894,100
2026-06-03 23:00:00,0.9237194556226138,0.923772664357818,0.9255521106187854,0.9224271404555415,1877
2026-06-04 00:00:00,0.9235905966334511,0.9236799374300289,0.9247796177188322,0.9214494085058067,4428
2026-06-04 01:00:00,0.9229129041886435,0.9236270009988667,0.9253696449616499,0.9210681750629831,4176
2026-06-04 02:00:00,0.9222411917440119,0.9231477922250784,0.9239998497181027,0.9206643883670658,1382
2026-06-04 03:00:00,0.9215092735044663,0.9221716964672473,0.9236617562545141,0.9200602946651844,271
2026-06-04 04:00:00,0.9197201528741566,0.921598664115816,0.9229496022542708,0.9180291293112054,2881
2026-06-04 05:00:00,0.9218504159314639,0.9195984072816766,0.923176721834999,0.9181482462355051,3506
2026-06-04 06:00:00,0.9211364268302078,0.9215648545957499,0.9229552007292738,0.9195292649174851,1346
2026-06-04 07:00:00,0.9214027440215955,0.921165099788105,0.9225488593364743,0.9196286915153725,1586
2026-06-04 08:00:00,0.9205511605923776,0.9214538905929651,0.9229579086480841,0.9191348894213476,3402
2026-06-04 09:00:00,0.919675444185551,0.9205359788748615,0.9219322306347462,0.9180364963434794,2730
2026-06-04 10:00:00,0.9186789117903474,0.9194692947088005,0.9211050883569194,0.917416695059701,1483
2026-06-04 11:00:00,0.9163690968447603,0.9187207396054882,0.9205325086341812,0.9149784737589423,4199
2026-06-04 12:00:00,0.9157263514766154,0.9164056774066411,0.9178141332822806,0.9146218309247663,4526
2026-06-04 13:00:00,0.9147879422914321,0.9156043946059156,0.9167518904125374,0.9136528657919443,3651
2026-06-04 14:00:00,0.9157437717024538,0.9146020245699379,0.9168047801484066,0.9139232251143123,4735
2026-06-04 15:00:00,0.9138577315613524,0.9157091747035908,0.9175455494671819,0.9123617735815582,1862
2026-06-04 16:00:00,0.9127151549482866,0.9139471223241489,0.9157461860248134,0.9111457814210816,643
2026-06-04 17:00:00,0.9111870263881817,0.9127721025062004,0.9143814514955,0.9095235397673619,3689
2026-06-04 18:00:00,0.9124680628609959,0.9110664660438152,0.9138531493875258,0.9099995426587044,2844
2026-06-04 19:00:00,0.9109747727271703,0.9124867731557272,0.9140760138931263,0.9094880867887868,2128
2026-06-04 20:00:00,0.9111995325408416,0.9110960251020664,0.912922920313284,0.9097294201277656,1376
2026-06-04 21:00:00,0.9119137263089288,0.9110391270473438,0.9131125398634811,0.9094694732195999,411
2026-06-04 22:00:00,0.9112883788152303,0.9119223592218724,0.913297437423899,0.9100995358042472,940
2026-06-04 23:00:00,0.9091862056141017,0.9114710762801773,0.912533123361499,0.9079141526875696,3361
2026-06-05 00:00:00,0.9070992209835853,0.9090127321193706,0.9103382594408264,0.9061613257062529,1217
2026-06-05 01:00:00,0.9076809378613406,0.9072565483617228,0.9094629715664337,0.9060902473798216,4690
2026-06-05 02:00:00,0.9057182250387809,0.907900916999139,0.9095525524532625,0.904358805864679,2419
2026-06-05 03:00:00,0.9057386569720528,0.9056880360186899,0.9071339492212083,0.9042821142992561,509
2026-06-05 04:00:00,0.9054258759038375,0.9056920716401555,0.9063186535679114,0.9045256696725896,3305
2026-06-05 05:00:00,0.9054284348850107,0.9055661848632727,0.9067461955257463,0.9042092168614775,3469
2026-06-05 06:00:00,0.9055443366544258,0.9054031524889625,0.9069304731018647,0.9040012841275109,979
2026-06-05 07:00:00,0.9039739317131243,0.9052252618751089,0.9065226687418088,0.9022361204540947,4214
2026-06-05 08:00:00,0.9023532978983066,0.9039605595688744,0.9053229612497637,0.9012285179308855,3715
2026-06-05 09:00:00,0.9027612104592271,0.9024169972666665,0.9041810525062,0.9009301322154891,3023
2026-06-05 10:00:00,0.9015559969265498,0.902861294514691,0.9040692855834395,0.9003555476466072,693
2026-06-05 11:00:00,0.8978058187361436,0.9014374018283103,0.9027820821572462,0.8965791762052437,2478
2026-06-05 12:00:00,0.8981343250936042,0.8977694710891916,0.8994412605105429,0.8966587226566665,4856
2026-06-05 13:00:00,0.8964408115479218,0.8982656860247068,0.8994212333710071,0.8953770070135835,1262
2026-06-05 14:00:00,0.8965513746014081,0.8964327427709464,0.8983928026339689,0.8952156185927687,4685
2026-06-05 15:00:00,0.8977727608205884,0.8963455057019967,0.8989910945078669,0.8947165838072748,1049
2026-06-05 16:00:00,0.8973428757693027,0.8979393486681956,0.8986785234085934,0.8962001015100287,3070
2026-06-05 17:00:00,0.8980877947672989,0.8973140321949143,0.8999153852505805,0.8962122771015623,2041
2026-06-05 18:00:00,0.8978223519839423,0.8982347528586576,0.8993535447381821,0.8964192905780556,433
2026-06-05 19:00:00,0.8992772671777117,0.8976341166113537,0.9008689632147568,0.8962837942372615,3242
2026-06-05 20:00:00,0.8975527386472032,0.899260978379716,0.9004239680439678,0.8962247853648612,2418
2026-06-05 21:00:00,0.8970928806707034,0.8976213307308826,0.8991201786606572,0.8956788861899355,1641
2026-06-05 22:00:00,0.8974506745967531,0.8970811494384922,0.898783887644436,0.8960067872763922,1239
2026-06-05 23:00:00,0.8967721804883411,0.8972915415390151,0.8989058204696039,0.8956688553656545,2493
2026-06-06 00:00:00,0.8977048432843243,0.896450783755063,0.8989938475503239,0.8948386179136217,618
2026-06-06 01:00:00,0.8967363958369113,0.8979097383766446,0.8990785482067891,0.8954305496006475,3039
2026-06-06 02:00:00,0.898769641218866,0.8967698352177711,0.9001870961727169,0.8952608617571908,555
2026-06-06 03:00:00,0.9008662782239928,0.8989273109771444,0.9021142054705553,0.8972452022201876,1128
2026-06-06 04:00:00,0.9007547646194656,0.9009917536913934,0.9018215723464805,0.8991750903435135,2595
2026-06-06 05:00:00,0.9009678860358911,0.900835425592948,0.9021567580126941,0.8998542142225625,3732
2026-06-06 06:00:00,0.9019478917586407,0.9009244116033883,0.9040770576352393,0.8996030125204667,2047
2026-06-06 07:00:00,0.9000732548798798,0.9020140156752745,0.9028723148492727,0.8984420976242061,3180
2026-06-06 08:00:00,0.8980488548623864,0.9002662281045152,0.9016782437420674,0.8965609462632703,4665
2026-06-06 09:00:00,0.8991065575590156,0.8980600502128804,0.9003897005718082,0.8966617755431008,2999
2026-06-06 10:00:00,0.8989853437264632,0.8993629977640752,0.9012067501508736,0.8980790451774237,3775
2026-06-06 11:00:00,0.8982635374312875,0.8987833123252873,0.8998313060695268,0.8970822810924083,2442
2026-06-06 12:00:00,0.8978268853947449,0.898047128568253,0.8994211547809476,0.8964614719116144,1373
2026-06-06 13:00:00,0.894513635627908,0.8979594624076069,0.8994853768165335,0.8935545110090543,1887
2026-06-06 14:00:00,0.8938349608505596,0.8944038624688162,0.8956965369568852,0.8922813946080471,1822
2026-06-06 15:00:00,0.8924813047635277,0.894108506850682,0.8952417207823795,0.8911740710778724,2789
2026-06-06 16:00:00,0.8931329907238658,0.8926604683183039,0.89446674297127,0.8918511964375933,840
2026-06-06 17:00:00,0.8938770276579265,0.893345854778814,0.8951348477246529,0.8921569834250708,3852
2026-06-06 18:00:00,0.8941190439388824,0.8939956463595182,0.8953764518208112,0.8927312706404144,847
2026-06-06 19:00:00,0.8941435943174414,0.8939954397248225,0.8957344668537647,0.8926890620555169,3559
2026-06-06 20:00:00,0.8918967782189771,0.8939216001033726,0.8953672621012329,0.8901790863876433,2413
2026-06-06 21:00:00,0.8921555499149733,0.8920968835346583,0.8936414618044023,0.8906038272230731,3714
2026-06-06 22:00:00,0.8924608274496013,0.89195480403268,0.893887951612166,0.8909816976634087,958
2026-06-06 23:00:00,0.8935050586341238,0.8926732429565025,0.8951026136198881,0.8917322503292507,1126
2026-06-07 00:00:00,0.89559691040904,0.8935950143706877,0.897290733062115,0.8923233070152319,1335
2026-06-07 01:00:00,0.8931158376007541,0.8955866950411221,0.8968495483581621,0.8917423477248478,3920
2026-06-07 02:00:00,0.8921996654100123,0.893174996820163,0.8947326352833684,0.8905957443791459,1400
2026-06-07 03:00:00,0.8908589454454231,0.8922618416988242,0.8932517138355643,0.8890603297471118,1743
2026-06-07 04:00:00,0.8906159540714852,0.8908319049572213,0.8915658466112711,0.8888033130284763,784
2026-06-07 05:00:00,0.8901820363013468,0.8908063222463716,0.8926293451864922,0.8889648948632812,1242
2026-06-07 06:00:00,0.8894511378136507,0.8903676737631391,0.8916128986566699,0.8878675897789425,4294
2026-06-07 07:00:00,0.8902342630473321,0.8894719238002271,0.8916370424336902,0.8880228996303207,695
2026-06-07 08:00:00,0.8884625659939152,0.8901543021644737,0.891160428502489,0.8874206090452821,4570
2026-06-07 09:00:00,0.886763220233044,0.888636276795999,0.8896282073727005,0.8859353101120515,4168
2026-06-07 10:00:00,0.8850841499077263,0.8864946998128401,0.8876330214362423,0.8837182593284846,4745
2026-06-07 11:00:00,0.8842017568028151,0.885143023501169,0.8866398615270191,0.8832720634855237,3153
2026-06-07 12:00:00,0.8822774485437209,0.8842996333687366,0.8854863293222958,0.8811793994128675,3452
2026-06-07 13:00:00,0.8817691627571618,0.8821678862781478,0.8834017131231221,0.8806276683437564,4222
2026-06-07 14:00:00,0.8811205745236047,0.8818978661213849,0.8830227457743405,0.8797410697719096,3576
2026-06-07 15:00:00,0.8797267563868059,0.8811170926713762,0.8827443552982894,0.8780691872307336,2850
2026-06-07 16:00:00,0.8803252758916733,0.8796546973452445,0.881875140481471,0.8783308439148722,2163
2026-06-07 17:00:00,0.8798038752577292,0.8804523930357195,0.881644312197232,0.8786264027219226,4315
2026-06-07 18:00:00,0.8806290520945673,0.8796604624703315,0.8821307314702032,0.8788859845137453,1649
2026-06-07 19:00:00,0.879944992273122,0.8807437784431413,0.8819989574099811,0.8785040717318265,2827
2026-06-07 20:00:00,0.8794659584072443,0.8796834813711972,0.8809136213876299,0.8781392238061418,395
2026-06-07 21:00:00,0.8783406195216262,0.8795036002803556,0.8808080123118442,0.8771679522956563,3264
2026-06-07 22:00:00,0.8778821636729837,0.8783463929956979,0.8798326213286572,0.8762582330790856,746
2026-06-07 23:00:00,0.8782868412403421,0.877811062519437,0.8793691893740948,0.8768073924877566,376
2026-06-08 00:00:00,0.8773432401616177,0.8783381164519483,0.8797863630686712,0.876207488082979,1552
2026-06-08 01:00:00,0.8775153345166593,0.8773327665603142,0.8794891703804749,0.8760809982527439,3381
2026-06-08 02:00:00,0.8760900381634045,0.8776539357665158,0.8790162000163267,0.8749236600962119,4137
2026-06-08 03:00:00,0.8765508988420311,0.8761636882913129,0.8778751178079734,0.8747040326586266,3028
2026-06-08 04:00:00,0.8754050118492568,0.8766103424620751,0.877901345739647,0.8739700705837995,3304
2026-06-08 05:00:00,0.8759770276971316,0.875443361405696,0.8774166639676769,0.8738532081843873,1286
2026-06-08 06:00:00,0.875600199548052,0.8759150133405957,0.8768053926562783,0.8741548497037678,623
2026-06-08 07:00:00,0.8769753440281213,0.8755604984072417,0.8787383497425634,0.8742753893402617,652
2026-06-08 08:00:00,0.8751404627566163,0.8770079275869125,0.8785782412026195,0.8739169685764886,467
2026-06-08 09:00:00,0.8729190506286421,0.8751177634367808,0.8762583589579251,0.8714904458909997,1801
2026-06-08 10:00:00,0.8717295899334714,0.8730643835766576,0.8743802281577508,0.870471764187228,3765
2026-06-08 11:00:00,0.8696180567958302,0.8717417798293071,0.8729008028969519,0.8683013088137335,394
2026-06-08 12:00:00,0.8675087749225162,0.8696669799455351,0.871046119810616,0.8660748653426499,1798
2026-06-08 13:00:00,0.8678046358350681,0.8673261865794494,0.869122314957945,0.8659884078009165,3044
2026-06-08 14:00:00,0.8673496212829729,0.8679273523979562,0.8692878683983395,0.8659682988805216,392
2026-06-08 15:00:00,0.8663240041109278,0.8672740985877596,0.8683063267009775,0.8652300764380088,2775
2026-06-08 16:00:00,0.8654096489941613,0.8661886557403261,0.8673617504948651,0.8637611200428945,2048
2026-06-08 17:00:00,0.8642429637969696,0.8656230546954827,0.8672165608873765,0.8632335296274443,4597
2026-06-08 18:00:00,0.8657734067983525,0.8643335611212895,0.8669334241995303,0.8629208272961405,2532
2026-06-08 19:00:00,0.8644407999491808,0.8659001030090823,0.8665112208498962,0.8632701329015874,2636
2026-06-08 20:00:00,0.8624042392714808,0.8644995938644116,0.8657542289384955,0.8608306069676203,4266
2026-06-08 21:00:00,0.8629095000124644,0.862392182165473,0.864828133839007,0.860869041404247,3675
2026-06-08 22:00:00,0.862200593264447,0.8628733388012205,0.864386210538455,0.8609078225794877,2785
2026-06-08 23:00:00,0.8641971216910285,0.8623015889814097,0.8653419722363217,0.8606022178318545,3353
2026-06-09 00:00:00,0.8631156749244755,0.8643437459316544,0.8656253168879418,0.8618695255732705,2077
2026-06-09 01:00:00,0.8636808559401836,0.86310684157481,0.8651525316808722,0.8615828701692066,3528
2026-06-09 02:00:00,0.8645294927369028,0.8639496221049079,0.8653707875384057,0.8628411822596024,1612
2026-06-09 03:00:00,0.8634538897382604,0.864503936416513,0.8655773670104149,0.8620538060408294,1636
2026-06-09 04:00:00,0.8621123848167696,0.8632736209465286,0.8646698154561562,0.8610603819177199,4159
2026-06-09 05:00:00,0.8625520246538866,0.8618896493779098,0.8642584509776247,0.8605907828476363,2135
2026-06-09 06:00:00,0.8627918949553833,0.8623335948176999,0.863972369453692,0.8610527143721315,2703
2026-06-09 07:00:00,0.8606491628345302,0.862738472939456,0.8644340423406698,0.8591313498205265,686
2026-06-09 08:00:00,0.8588450400709645,0.8606192727055342,0.8617131861421023,0.8577295935886972,1784
2026-06-09 09:00:00,0.8553513240650269,0.8589326194465489,0.8593469056112862,0.8532796587947349,3287
2026-06-09 10:00:00,0.8556157882898014,0.8553476524420316,0.8570901368617618,0.8544189893357007,2698
2026-06-09 11:00:00,0.8548515956580386,0.8557239318510048,0.8571447975141093,0.8535095771741239,1581
2026-06-09 12:00:00,0.8542070151528682,0.8548573478239221,0.8563273144804665,0.8528519547809081,246
2026-06-09 13:00:00,0.851727282235626,0.8542087426379973,0.855664456532788,0.8503121985431039,2789
2026-06-09 14:00:00,0.8499595594119188,0.8516536525924461,0.8529774858690976,0.8488160389417829,1810
2026-06-09 15:00:00,0.8489360087168377,0.8501407123973613,0.8513482011518596,0.8476010304020216,4615
2026-06-09 16:00:00,0.8476792179966604,0.8487412776052031,0.8499566745468633,0.8465512404812839,314
2026-06-09 17:00:00,0.8473706212872815,0.8477175162198968,0.848871532965295,0.8456233921459924,3446
2026-06-09 18:00:00,0.8476207830392396,0.8473475256812874,0.8487904003540274,0.8462375936112113,1976
2026-06-09 19:00:00,0.8498943181223818,0.8477204443578273,0.8507074031545304,0.8464833434928287,1411
2026-06-09 20:00:00,0.8494202976863447,0.8498916641849622,0.8508563572861618,0.8483152019641931,3598
2026-06-09 21:00:00,0.8503087808820611,0.8494214001591625,0.8515425564839503,0.848350078649828,2621
2026-06-09 22:00:00,0.8488628135496854,0.8502748298130615,0.8509774674383834,0.8479463184180032,465
2026-06-09 23:00:00,0.846402877971715,0.8490397019842169,0.8497994738797615,0.8449626219015447,3050
2026-06-10 00:00:00,0.8455301159956629,0.8464031831089561,0.847586684589479,0.8444324872387897,975
2026-06-10 01:00:00,0.8431628499342138,0.8457792265050069,0.8470115096215703,0.8420997438751313,4265
2026-06-10 02:00:00,0.8427304577348167,0.8431972645703713,0.8443821380277039,0.8417098696145948,1282
2026-06-10 03:00:00,0.8413439127854063,0.8427332038612564,0.8433945235665663,0.8400050694936857,3989
2026-06-10 04:00:00,0.8385487871213008,0.841325633223518,0.8429739841436827,0.8372855114006118,1712
2026-06-10 05:00:00,0.840182017296333,0.8386198976360654,0.8410802817683254,0.8373530060922658,1644
2026-06-10 06:00:00,0.8390869432406065,0.8401079603168287,0.8411606382501785,0.838019967117776,110
2026-06-10 07:00:00,0.8366718000770734,0.8391052340239092,0.8400435360166884,0.8353075482785742,4606
2026-06-10 08:00:00,0.8372996062256822,0.8366728220448797,0.8388818590440527,0.8355832479342694,2805
2026-06-10 09:00:00,0.8359752689906351,0.8373403910806145,0.8387000430240648,0.8347037051586871,822
2026-06-10 10:00:00,0.836833468231064,0.8360192065544219,0.8379699107286944,0.8347990363936277,268
2026-06-10 11:00:00,0.8355033950294503,0.8368838484441407,0.8380008356326505,0.8346733603667834,1452
2026-06-10 12:00:00,0.8344043178011349,0.8355152733689483,0.8368118358566387,0.8326448634806505,2514
2026-06-10 13:00:00,0.8343681158525074,0.8346006792649735,0.8355402058896662,0.8329726883230202,265
2026-06-10 14:00:00,0.8346299791093523,0.8344210191428407,0.8359772570337942,0.833123952553715,1868
2026-06-10 15:00:00,0.835102159594161,0.8349564188259446,0.8362173604869829,0.8336190772350948,1625
2026-06-10 16:00:00,0.8345444702276859,0.8351084000767638,0.8364903153838475,0.8327788252874861,4377
2026-06-10 17:00:00,0.8347288102935514,0.8346645351104537,0.8361025374812355,0.8331277493445767,2128
2026-06-10 18:00:00,0.8351735646218595,0.834637853727734,0.8362775943494004,0.833297709835468,612
2026-06-10 19:00:00,0.8349642475881398,0.8353490059638481,0.8360872701164898,0.8338892249027992,1282
2026-06-10 20:00:00,0.8343430578522226,0.8348761054261291,0.8360658389356482,0.8332293453549018,4148
2026-06-10 21:00:00,0.8321587039143453,0.8343999622813074,0.8352863428529373,0.8313606445054561,161
2026-06-10 22:00:00,0.8324277129024813,0.8321256864347513,0.8336959917793549,0.8309690154090582,752
2026-06-10 23:00:00,0.8320283213414507,0.8324841253957815,0.8336681253598827,0.8306150783789227,151
2026-06-11 00:00:00,0.8310819823186298,0.8319990511031536,0.8330990724915225,0.8296773800769027,341
2026-06-11 01:00:00,0.8321653019549399,0.8309834639877115,0.8330901133149639,0.8295813954392117,4627
2026-06-11 02:00:00,0.8300019015954438,0.8321314886373913,0.8336720026724014,0.828885224693475,4954
2026-06-11 03:00:00,0.8315247451738818,0.8301941808984277,0.8326588578752385,0.8288094318683408,3700
2026-06-11 04:00:00,0.8310480172395204,0.8315829945263484,0.8334162908229722,0.8295959642600291,550
2026-06-11 05:00:00,0.8309790390537238,0.8308873661356234,0.8322342153442946,0.8301960631404973,3522
2026-06-11 06:00:00,0.8300549861162875,0.8311154232346543,0.8324480572646482,0.8287340974215627,3886
2026-06-11 07:00:00,0.8276044986212595,0.829944312944354,0.8311954553488269,0.8258464057812965,3950
2026-06-11 08:00:00,0.8269869667431006,0.8276967108876843,0.8290219339484372,0.8258187975024404,3760
2026-06-11 09:00:00,0.8269386606313719,0.8270555817900397,0.828567065400894,0.826323869687277,3501
2026-06-11 10:00:00,0.827300131167055,0.8270151416908073,0.8288151393402847,0.8259758853265063,2267
2026-06-11 11:00:00,0.8266124913289283,0.8275299115640875,0.828331740300437,0.825822548845153,401
2026-06-11 12:00:00,0.823531443519483,0.8265101295503717,0.8279567854181803,0.8224528709435766,4136
2026-06-11 13:00:00,0.8212314499059838,0.8236066841013925,0.8249610112339116,0.8203011751752695,4636
2026-06-11 14:00:00,0.8232438734544998,0.8213869921972226,0.8244876036746237,0.8199222300737925,2550
2026-06-11 15:00:00,0.8214828302739733,0.8231645993302171,0.8248188729295096,0.8200587450649515,2201
2026-06-11 16:00:00,0.8227452896238603,0.821390795487135,0.8244120317513802,0.8200720201474503,4596
2026-06-11 17:00:00,0.8211743855389592,0.8227099149662574,0.824164525930392,0.8196405390190177,2321
2026-06-11 18:00:00,0.8205054384472857,0.8212143523222495,0.8223113187020468,0.8194138494172464,1916
2026-06-11 19:00:00,0.8208056883588056,0.8203317794049414,0.821743257810195,0.8190824596611199,4444
2026-06-11 20:00:00,0.8193714550229085,0.8208734588165384,0.8222879561792616,0.817602986317999,4641
2026-06-11 21:00:00,0.8208321131858194,0.819198047663097,0.8223981459967418,0.8178226742032169,1102
2026-06-11 22:00:00,0.8204729872155014,0.8209912846367357,0.8217226564494627,0.819098827203967,1449
2026-06-11 23:00:00,0.820576008231061,0.8205362249254448,0.8220742884614978,0.8194943092169548,1632
2026-06-12 00:00:00,0.8198048798214381,0.8208112684415046,0.8219782937578709,0.8186776253758387,882
2026-06-12 01:00:00,0.8201453441658586,0.8198871548045658,0.820930468606439,0.8189037078438264,4289
2026-06-12 02:00:00,0.8215898954536784,0.8201077859497824,0.8229379756382895,0.818461094861137,4871
2026-06-12 03:00:00,0.8209823523285306,0.8214915404786951,0.8229469911253714,0.8201346578330271,2646
2026-06-12 04:00:00,0.8226080076774297,0.8210118293831312,0.82375521302321,0.8195523239600835,3585
2026-06-12 05:00:00,0.8214240927073747,0.8226042803931005,0.8235758555614812,0.820048752489734,2158
2026-06-12 06:00:00,0.8218910079545968,0.8215703242584171,0.8235459901078133,0.8207328247566786,4978
2026-06-12 07:00:00,0.8220279451580884,0.8217765053619803,0.8230960955894506,0.8202617362235354,4777
2026-06-12 08:00:00,0.8202956466708695,0.8222766057250874,0.8237923822234179,0.8191288660872148,3772
2026-06-12 09:00:00,0.8201022183164343,0.8204524637805334,0.8213103603295748,0.8191970438146243,4454
2026-06-12 10:00:00,0.8196610574418547,0.8200771952573356,0.8214089817846767,0.8183419402597516,760
2026-06-12 11:00:00,0.8181872268303225,0.819881700556041,0.8212040974182969,0.8171618296702999,4448
2026-06-12 12:00:00,0.8181668297513555,0.8180911174156992,0.8196084599975123,0.816914168632151,2190
2026-06-12 13:00:00,0.8178923772066857,0.818192052299656,0.8197852207864527,0.8167896333790097,1139
2026-06-12 14:00:00,0.817355272869917,0.8177358776549858,0.8187624032038,0.8163448061989109,4663
2026-06-12 15:00:00,0.8168229799070467,0.8175815209002976,0.8189343696104676,0.8158889599330412,4235
2026-06-12 16:00:00,0.8162649675963384,0.8166212742855069,0.8175110274122778,0.8148454416999844,760
2026-06-12 17:00:00,0.8153737280508427,0.8160887928489502,0.8169747987459953,0.8140711988225935,3317
2026-06-12 18:00:00,0.8150915289648607,0.8152961256593094,0.8163773442672554,0.8138051526403358,4422
2026-06-12 19:00:00,0.8138688319100241,0.8152529586685381,0.8165737035291706,0.8127369586124998,3488
2026-06-12 20:00:00,0.8166070032997881,0.8139857918631797,0.8182427164063993,0.8127483146274485,2462
2026-06-12 21:00:00,0.8144658034052297,0.8166219142092346,0.8182978271983357,0.8134239518798738,334
2026-06-12 22:00:00,0.8133141201125483,0.8145901094664639,0.8157234892079199,0.8122779502653598,2530
2026-06-12 23:00:00,0.812257229587056,0.8133000582677048,0.8145928958839493,0.8106220974963633,2823
2026-06-13 00:00:00,0.8142558216842455,0.812308824350971,0.8157075597237697,0.8108713674845267,4229
2026-06-13 01:00:00,0.8122216601042724,0.8144570568385265,0.8158618874480376,0.811140134745592,1170
2026-06-13 02:00:00,0.8122827668618557,0.8121916114651694,0.8134598969743887,0.8113377796420612,1111
2026-06-13 03:00:00,0.8121308397399116,0.8121894076358466,0.8134261460699713,0.8113270948415555,4642
2026-06-13 04:00:00,0.8123810414684175,0.8121881578993859,0.813572760363045,0.8111241440198725,4205
2026-06-13 05:00:00,0.8133082988403757,0.8124713521540726,0.8144774196107302,0.8112251106525791,2852
2026-06-13 06:00:00,0.814220170860186,0.8133217881566871,0.8153581061396572,0.8120715445753904,2284
2026-06-13 07:00:00,0.813881953240296,0.8143426659517027,0.8155342725158914,0.8126249159238108,3125
2026-06-13 08:00:00,0.8140274663274165,0.8138573786705845,0.8151494043843204,0.8125547176931955,845
2026-06-13 09:00:00,0.8126293898033025,0.8140430134728075,0.8149851554293494,0.8116635866783057,1292
2026-06-13 10:00:00,0.812703709559694,0.8126750525627876,0.8141330717827813,0.8110883904253675,2754
2026-06-13 11:00:00,0.81210821748882,0.8127387147987504,0.8140826542693992,0.8109381448931196,2164
2026-06-13 12:00:00,0.8119684306693497,0.8123047063337816,0.813979779442779,0.8106786571265846,972
2026-06-13 13:00:00,0.8107044017707371,0.8120133708011362,0.8133192983694622,0.8096479413752835,2694
2026-06-13 14:00:00,0.8110080559857764,0.8106674317087892,0.8121231206578674,0.8093751335257058,3300
2026-06-13 15:00:00,0.8097356294640947,0.8110721848250868,0.8121346141552536,0.808016486388748,4078
2026-06-13 16:00:00,0.8098468429191884,0.8098581816642901,0.8110844597067003,0.8088724356314848,3186
2026-06-13 17:00:00,0.8089269637244215,0.8099407879079258,0.8112883490416808,0.8079843035546974,3096
2026-06-13 18:00:00,0.8082897329480696,0.8090141144413819,0.8101672099201309,0.8072869368543382,2827
2026-06-13 19:00:00,0.8091557820249785,0.8081079095577615,0.8100126154984962,0.8069750480495357,653
2026-06-13 20:00:00,0.8095967204844138,0.8088530925189246,0.810631625467505,0.8077653348065179,1983
2026-06-13 21:00:00,0.8104586228376667,0.8097517528556724,0.8116786933307706,0.8087890886626768,2308
2026-06-13 22:00:00,0.8116284181870427,0.8105120512138978,0.813026111391072,0.8093067007903147,2667
2026-06-13 23:00:00,0.8110487891566879,0.8116257931363998,0.8124808436512839,0.8094523675528558,1548
2026-06-14 00:00:00,0.8121730179035185,0.8111333745027591,0.8134558655182,0.8099516186141356,3745
2026-06-14 01:00:00,0.8110738886613843,0.8124074965181449,0.8136779106343165,0.8098807435849624,2740
2026-06-14 02:00:00,0.811633463912293,0.8112459790408569,0.8127409597296323,0.8099450256793815,1597
2026-06-14 03:00:00,0.811263460626343,0.8117505560710595,0.8128246066967866,0.8098889374056072,2402
2026-06-14 04:00:00,0.8105657355193635,0.8111556482141259,0.8121924451789018,0.8090159594532664,3578
2026-06-14 05:00:00,0.8110265879198418,0.8104736688999582,0.8122773870984544,0.8091987250338128,209
2026-06-14 06:00:00,0.8117353015637188,0.8107360185812894,0.8132273080621683,0.8095190625216263,1771
2026-06-14 07:00:00,0.8124217528537037,0.8118125035827553,0.8139323173353322,0.8108355337427751,1116
2026-06-14 08:00:00,0.8125828977703747,0.8125568805788027,0.8135277739547564,0.811157622264449,1675
2026-06-14 09:00:00,0.8126818657463717,0.8127279831876472,0.8139014198532507,0.811668739898307,3334
2026-06-14 10:00:00,0.8130770156856466,0.812764242295155,0.8137615834879913,0.8117581812398273,1145
2026-06-14 11:00:00,0.8133048387422845,0.8130582201874537,0.8145514360389384,0.8117911398333724,2767
2026-06-14 12:00:00,0.813710855621974,0.8132359649378337,0.8150773156855421,0.8116390919545207,1948
2026-06-14 13:00:00,0.813863855217807,0.8136100954357378,0.8154682155586955,0.8122119285265548,361
2026-06-14 14:00:00,0.8144959430861868,0.8138438888863103,0.8152811683124744,0.8126313160990525,4439
2026-06-14 15:00:00,0.813275537231274,0.8143766567603933,0.8153311023109636,0.8122951147976736,3028
2026-06-14 16:00:00,0.8131770821249592,0.8134897224717134,0.8147446507180937,0.8115859922132432,1556
2026-06-14 17:00:00,0.8121391972545751,0.8130184260768141,0.8138423278840575,0.810934773665335,2565
2026-06-14 18:00:00,0.8123467237677787,0.8121151859169917,0.8136072126463915,0.8109673902493187,4936
2026-06-14 19:00:00,0.813578171399669,0.8121104340123443,0.8149505970381873,0.8107545652426074,835
2026-06-14 20:00:00,0.8132226078132088,0.8136143461673188,0.8145215884357689,0.8121120833951304,4272
2026-06-14 21:00:00,0.8133180468359317,0.8132223170060842,0.8145703741284476,0.8121860694136457,109
2026-06-14 22:00:00,0.8138854118721229,0.8132744888663431,0.8148102597510949,0.8122141004929032,4334
2026-06-14 23:00:00,0.812334619673298,0.8137717520511757,0.8153254457957255,0.8112769021449662,1743
2026-06-15 00:00:00,0.8119430368116899,0.8123349195038375,0.8136031695158122,0.8109997296095056,1550
2026-06-15 01:00:00,0.8122164235561445,0.8118767038001619,0.8132787870365424,0.8109602611428272,3920
2026-06-15 02:00:00,0.8100436775119015,0.8121997932108792,0.8131139741480538,0.8085923960145313,901
2026-06-15 03:00:00,0.8093110711420953,0.8102813029776322,0.811589752530937,0.8079347143758465,751
2026-06-15 04:00:00,0.8101367146221313,0.8093319942046977,0.8116819537159671,0.8083167627592173,2386
2026-06-15 05:00:00,0.8108889622974693,0.8102015290427288,0.8119176145396132,0.8087690768992633,4727
2026-06-15 06:00:00,0.8111697009679969,0.8108324483344895,0.812279467589756,0.8095404222381831,1723
2026-06-15 07:00:00,0.8118313491979543,0.8110741765672702,0.8128659128017984,0.8099352892922984,2758
2026-06-15 08:00:00,0.8119926773737703,0.8118285529736728,0.8135895809630521,0.8109091736138201,2049
2026-06-15 09:00:00,0.8124092235543521,0.8122978092609863,0.8131626582532521,0.8109959769942636,3816
2026-06-15 10:00:00,0.8121724832727216,0.8123742074246436,0.8139057031816248,0.8104997213225857,4506
2026-06-15 11:00:00,0.8122593427849132,0.8122165204576144,0.813385816997664,0.8109945806826749,4886
2026-06-15 12:00:00,0.8117850649951013,0.812158470553551,0.813358707325623,0.8103241799261547,1418
2026-06-15 13:00:00,0.812732677503238,0.8114491700519483,0.8138687230462183,0.8102816920425893,1386
2026-06-15 14:00:00,0.8138738470603646,0.8126362540435408,0.8151531592983065,0.8111903660696471,4630
2026-06-15 15:00:00,0.8149087816608874,0.8141648562254282,0.8159527290091051,0.8129792156748143,2956
2026-06-15 16:00:00,0.814602700089629,0.8149815326421409,0.8164620852205134,0.8139686120085347,1707
2026-06-15 17:00:00,0.8138873695601052,0.8148030292118754,0.8162921982099098,0.8128427618538564,1769
2026-06-15 18:00:00,0.8148450998056679,0.8138448685962211,0.8158269696442264,0.812590269332945,964
2026-06-15 19:00:00,0.8152530302076114,0.8145568877508141,0.8166391560927874,0.813069224353941,514
2026-06-15 20:00:00,0.8154994684637541,0.8151174074671608,0.8166355015003905,0.8139317119309833,1798
2026-06-15 21:00:00,0.8150242444000453,0.8155480061846359,0.8167831673151028,0.8137944179626366,3988
2026-06-15 22:00:00,0.8153434922595229,0.8150533049373231,0.8169395640555728,0.8139739373943201,3331
2026-06-15 23:00:00,0.8145295337147764,0.8153422186859979,0.816399306765612,0.8129263131908325,159
2026-06-16 00:00:00,0.8150050804818357,0.814464710368918,0.8164541308527921,0.8128752818730399,318
2026-06-16 01:00:00,0.8160392455065404,0.8151201072138432,0.8173752140006405,0.8140616009180963,4357
2026-06-16 02:00:00,0.8172625296644713,0.8159777857288855,0.8184408518805459,0.8151236836181742,3988
2026-06-16 03:00:00,0.8177939227050537,0.8173002892793301,0.8191107517105228,0.816516973077852,3993
2026-06-16 04:00:00,0.8167574065428378,0.8178178530638782,0.8191038568571652,0.815384418918086,4322
2026-06-16 05:00:00,0.8169054041410473,0.8167122517972245,0.8178468827230899,0.8154537548796889,3228
2026-06-16 06:00:00,0.8185101654490906,0.8167972016745654,0.8195889478071773,0.815761408459913,1754
2026-06-16 07:00:00,0.8178587067562589,0.8184577411042778,0.8194280685352733,0.8165652202636763,2996
2026-06-16 08:00:00,0.8178143205765763,0.8180885479650442,0.8192474026081099,0.8168894522867214,3246
2026-06-16 09:00:00,0.8188744638404271,0.8179509638487137,0.820433200053262,0.8165273694579328,4243
2026-06-16 10:00:00,0.8193373142819822,0.8189998702248189,0.8207091375809575,0.8178648364785602,2704
2026-06-16 11:00:00,0.8211974315253461,0.8192404379855834,0.8220762961313718,0.8182750692615226,372
2026-06-16 12:00:00,0.8206477794879247,0.821020456048928,0.8221841261425443,0.8195071647581388,3150
2026-06-16 13:00:00,0.8199054626486191,0.8207826327275142,0.8220699560113905,0.8187743560093882,3708
2026-06-16 14:00:00,0.8208235567254955,0.8200168607907288,0.8222380216664608,0.8186957309031311,4733
2026-06-16 15:00:00,0.8199266477542918,0.8208404368394993,0.82191025244037,0.8184099480367634,984
2026-06-16 16:00:00,0.8197790717626786,0.8198810836275277,0.8208064260216151,0.8182754000485414,4315
2026-06-16 17:00:00,0.8197298368540339,0.8195990658957917,0.8209455758215193,0.8183302147251292,199
2026-06-16 18:00:00,0.8205068289590733,0.8198365930522421,0.8218776570218005,0.8186519101713792,3679
2026-06-16 19:00:00,0.8209675299350923,0.8206528957213988,0.8222568216320084,0.8195614957980589,1630
2026-06-16 20:00:00,0.821310328620725,0.820883868091251,0.8223243156879759,0.8200875304979869,675
2026-06-16 21:00:00,0.8210085054622988,0.8212164135069545,0.8228800933535984,0.8197817250742317,1703
2026-06-16 22:00:00,0.8219197584766103,0.8211615134599474,0.8231282725809203,0.8201384727630248,2804
2026-06-16 23:00:00,0.8249391265086558,0.8218403336102068,0.8262244749535396,0.8203014083350704,1043
2026-06-17 00:00:00,0.825457588082848,0.8251594073208904,0.8265318466605277,0.8239709268904121,2797
2026-06-17 01:00:00,0.8255323422385081,0.8254440842198836,0.8270446781937445,0.8240207626114987,3583
2026-06-17 02:00:00,0.824558945010264,0.8254845308015288,0.826862825660173,0.8234414646935767,4392
2026-06-17 03:00:00,0.8240808339232761,0.8245645209061525,0.8258784345873698,0.8230117083182548,2838
2026-06-17 04:00:00,0.8239205512478156,0.8240330508485201,0.8249842700523307,0.8225351806817744,3047
2026-06-17 05:00:00,0.8235196010676152,0.824059669944084,0.8255652359464196,0.8222157305612349,4608
2026-06-17 06:00:00,0.8235075426917201,0.8236290217673152,0.8250512776735525,0.8221926793440929,269
2026-06-17 07:00:00,0.8248410547493256,0.823642169903049,0.8263294639516875,0.8224281142148935,3832
2026-06-17 08:00:00,0.8257764299373525,0.8248639105572341,0.8270242679734974,0.8234296879937444,4889
2026-06-17 09:00:00,0.8256573054000013,0.8257199110735454,0.8269398541315967,0.8242591110130006,4148
2026-06-17 10:00:00,0.8247510954415018,0.825656184067493,0.8268482563195473,0.8240525692371825,4621
2026-06-17 11:00:00,0.8257541211736786,0.8246983673095004,0.8275573199388374,0.8235235140749975,4522
2026-06-17 12:00:00,0.8257173304685826,0.8259357702973397,0.8270399741077611,0.8242273877594601,2986
2026-06-17 13:00:00,0.8244224551493808,0.8258412750131985,0.8267845186300555,0.8234379797288289,4051
2026-06-17 14:00:00,0.8249567777382506,0.8244111297632324,0.8261018368436875,0.8235925406175355,1883
2026-06-17 15:00:00,0.8257260427514257,0.8248420255632861,0.826832566762275,0.8236378152338536,678
2026-06-17 16:00:00,0.8239066114477247,0.8259164689523695,0.8274637277109355,0.8225420402154641,515
2026-06-17 17:00:00,0.823288195466125,0.8239234910130199,0.8248235115457423,0.8221669958304149,1008
2026-06-17 18:00:00,0.8232053549576442,0.8232721222835837,0.8243683130264834,0.8216512388398096,3648
2026-06-17 19:00:00,0.8237562381411258,0.8233968353718674,0.825038955891853,0.8217055924648548,2068
2026-06-17 20:00:00,0.8233694282026576,0.8236932567016932,0.8252415929127515,0.8226098890579564,4075
2026-06-17 21:00:00,0.8227453217761771,0.823330068860249,0.8247402047236313,0.8216059826508294,1727
2026-06-17 22:00:00,0.8232906987134373,0.8227168245218007,0.8249255113392527,0.8220454741193183,3975
2026-06-17 23:00:00,0.8229394569334517,0.8231281802055683,0.8244479593775642,0.8215418566112241,4438
2026-06-18 00:00:00,0.8233459979213632,0.8229784508508806,0.8245307221330389,0.8219113588155176,1701
2026-06-18 01:00:00,0.8225123611801323,0.8232519422249664,0.8246968225127697,0.8213959994065985,2668
2026-06-18 02:00:00,0.821498111415705,0.8224420341563466,0.8233373452862499,0.819982917640622,2729
2026-06-18 03:00:00,0.8220645632838828,0.8214112476989945,0.8228759693630923,0.8205057591564394,4392
2026-06-18 04:00:00,0.8222539532166206,0.8219921551645605,0.8237281551264534,0.8211484144584482,1936
2026-06-18 05:00:00,0.8229457950165479,0.8221503960470395,0.8242321992342743,0.8214782490454474,1997
2026-06-18 06:00:00,0.8225463502658568,0.8229762967844781,0.8244479976549007,0.8209990104065366,3900
2026-06-18 07:00:00,0.821950021288997,0.8225271668040046,0.8235499095728664,0.8204610870288167,4541
2026-06-18 08:00:00,0.8229705604546527,0.8219559476816581,0.8245222180695335,0.8207940502105864,238
2026-06-18 09:00:00,0.8218283413816568,0.8232607219172791,0.8246587404066087,0.8209100087297748,451
2026-06-18 10:00:00,0.8227669369135423,0.8218091427921855,0.82399340587262,0.8203691120814106,4673
2026-06-18 11:00:00,0.8237573154441541,0.822841686417934,0.8250441927263102,0.8209252951965875,2283
2026-06-18 12:00:00,0.8244023825798537,0.8238461962764797,0.8257247886084269,0.8226678831342659,2839
2026-06-18 13:00:00,0.8238865269420959,0.8243946145709622,0.8254186893337991,0.8229480140449097,4515
2026-06-18 14:00:00,0.8232741340645519,0.8239203387035354,0.8250601581482142,0.8217325468074874,2045
2026-06-18 15:00:00,0.8231165922348032,0.8232766896181269,0.8245931301959517,0.8221615683161009,2303
2026-06-18 16:00:00,0.8221453124771796,0.8231415721001337,0.8242699335119649,0.8210025324281649,4251
2026-06-18 17:00:00,0.8214240419781144,0.8220730456284104,0.822943076893997,0.8208421558135331,3690
2026-06-18 18:00:00,0.8219075926967462,0.8213631125739533,0.823213165480164,0.8202050299788247,3498
2026-06-18 19:00:00,0.8223946045324143,0.8219096802122157,0.8238344614373657,0.8209914652595173,1868
2026-06-18 20:00:00,0.8216074234125131,0.822151584931608,0.8236473708617159,0.8200647323524164,3538
2026-06-18 21:00:00,0.8221145148639882,0.821791914885877,0.8234789727084944,0.8207994936700961,4163
2026-06-18 22:00:00,0.822455242343293,0.8223810962147177,0.8238908315333023,0.8209550057961861,4574
2026-06-18 23:00:00,0.8235876570342259,0.82247628709901,0.8250670286041308,0.8212668334956943,3193
2026-06-19 00:00:00,0.8240145093656265,0.8236699104728644,0.8252702223944591,0.8224028980686323,4371
2026-06-19 01:00:00,0.8248084451559272,0.8241482591900202,0.8255213477114104,0.8227818268151833,4078
2026-06-19 02:00:00,0.8251662533491249,0.8246444842410373,0.8266911064255291,0.823419967222091,3684
2026-06-19 03:00:00,0.8259012001813978,0.8252812532294918,0.8269187141868568,0.8242029081506956,2728
2026-06-19 04:00:00,0.824935862313972,0.8258484323594658,0.826805965884154,0.8238994193945963,2230
2026-06-19 05:00:00,0.8248445539711388,0.8252192860248141,0.8261835109671671,0.8234813383555452,3224
2026-06-19 06:00:00,0.8248153168949681,0.8248212620646057,0.8266732804202693,0.8240486688392498,4438
2026-06-19 07:00:00,0.8246325044347667,0.8249276543821447,0.8262735901213707,0.8229803950091372,2690
2026-06-19 08:00:00,0.8249654194075042,0.8246104267600783,0.8259450782814818,0.8233403541208754,3529
2026-06-19 09:00:00,0.8254412041483761,0.8252374055145937,0.8265101299297182,0.824082793606653,2879
2026-06-19 10:00:00,0.8257353969561795,0.825377744291899,0.8269738204601617,0.8240732265020502,3278
2026-06-19 11:00:00,0.8256026890452635,0.8258796820215486,0.8272524290603432,0.824511481165026,3476
2026-06-19 12:00:00,0.8250508914853796,0.8256802452171021,0.826986950672049,0.8238573847826388,355
2026-06-19 13:00:00,0.8258737810409967,0.8251009778348924,0.826882518198793,0.8241425652442509,692
2026-06-19 14:00:00,0.8261360806534571,0.8259021597325077,0.8274538866352135,0.8245699940045477,290
2026-06-19 15:00:00,0.8253721202596576,0.8260535006230615,0.827140221589959,0.8241534886559694,3866
2026-06-19 16:00:00,0.8252268546034204,0.8250520077924245,0.8267238776021998,0.8237677561826766,4487
2026-06-19 17:00:00,0.8239193798451399,0.8253596364753775,0.8266094307036377,0.8223169044766279,1840
2026-06-19 18:00:00,0.8239459078059005,0.8238589632974583,0.824994131600842,0.8228218316987662,471
2026-06-19 19:00:00,0.8237971228489516,0.8240904347908878,0.8254963980032569,0.8225932793835065,161
2026-06-19 20:00:00,0.8233662726361851,0.8238405592609911,0.8251702739646289,0.822539139190073,2280
2026-06-19 21:00:00,0.8245547227785378,0.8235147242457856,0.8256740890361425,0.8221418326665892,3254
2026-06-19 22:00:00,0.8236876071888812,0.8246537991182046,0.8260697408621388,0.8224563963428526,1732
2026-06-19 23:00:00,0.824217401902643,0.8233828904901608,0.8256092867865437,0.8221422752281503,3106
2026-06-20 00:00:00,0.8258574330233419,0.8242935743199248,0.8273939793115956,0.823093775531643,852
2026-06-20 01:00:00,0.8266653839511294,0.8258148173292514,0.8280814961097591,0.8247182101118997,3656
2026-06-20 02:00:00,0.8266417298645561,0.8268098409806026,0.827996746349605,0.8247827710117174,1719
2026-06-20 03:00:00,0.8257911783849886,0.826714961954668,0.8275348413329684,0.8245430239401312,4991
2026-06-20 04:00:00,0.8247696317525502,0.8258657749676988,0.8271491115483175,0.8234591098803878,3870
2026-06-20 05:00:00,0.8244609679813321,0.8247359637187189,0.8260571964433767,0.8235060989094855,2361
2026-06-20 06:00:00,0.8239457174308966,0.8243481772867789,0.8255967509132213,0.8224910148680925,4737
2026-06-20 07:00:00,0.823406057249178,0.8238922511692786,0.8243836085890223,0.8222014468240509,4869
2026-06-20 08:00:00,0.8231613221575746,0.8231838169951166,0.8245861949481645,0.8218164872573788,1066
2026-06-20 09:00:00,0.8230846368379103,0.8230884367288208,0.8240978553174554,0.8216272007242564,2931
2026-06-20 10:00:00,0.8234485457986443,0.8229037878857103,0.8248531158529384,0.8216942838984482,3307
2026-06-20 11:00:00,0.8225201986340476,0.8232711601709207,0.8249245947302574,0.8214534707323147,1853
2026-06-20 12:00:00,0.8220085157869478,0.8225345606246969,0.8237052328690821,0.8213495288489588,4995
2026-06-20 13:00:00,0.8218887617248309,0.8220743551101862,0.8234153037823213,0.8207513943126011,3421
2026-06-20 14:00:00,0.8217421478297635,0.821884842818428,0.823125536506726,0.8206777633685742,3831
2026-06-20 15:00:00,0.8231194656103236,0.8216805632046205,0.8244839302313538,0.8207281448283458,1062
2026-06-20 16:00:00,0.8232936505548665,0.8230024663416553,0.8245541407400518,0.8214086309390429,4520
2026-06-20 17:00:00,0.8220834581958969,0.8232545366880547,0.8243601615867413,0.8206079581904187,4834
2026-06-20 18:00:00,0.822397094217087,0.8219820291199113,0.8234074233033024,0.8211998898249467,4531
2026-06-20 19:00:00,0.8228063420091449,0.8223893395871233,0.8244331451065469,0.8211171878897109,2261
2026-06-20 20:00:00,0.8227124959879614,0.8226185745286083,0.8240548056381487,0.8215862127807816,4677
2026-06-20 21:00:00,0.8218024484821544,0.8227989476634013,0.8242364070942091,0.8204793151608424,152
2026-06-20 22:00:00,0.8231209895036395,0.8217324381994121,0.8244542141033286,0.8206952185680344,1098
2026-06-20 23:00:00,0.8223185765684536,0.8231673999594392,0.8246415954982738,0.8212180668531642,3311
2026-06-21 00:00:00,0.8228141557232656,0.8224280793910448,0.8238272125879778,0.8209561374243364,3886
2026-06-21 01:00:00,0.8229641936200635,0.8228546296226595,0.8242191765156052,0.8214178968545138,689
2026-06-21 02:00:00,0.8234148015318358,0.8230628955440918,0.824774791158759,0.8214548948404207,1536
2026-06-21 03:00:00,0.8246949449749613,0.8231591494888614,0.8262518048167743,0.8219758065882152,535
2026-06-21 04:00:00,0.8251161741290671,0.8246339453742489,0.8270155278875735,0.8237565981657988,608
2026-06-21 05:00:00,0.8246971759587844,0.8252526297608622,0.826590499361825,0.8232321936978615,215
2026-06-21 06:00:00,0.8255266701651304,0.8247602333435519,0.8266012332825796,0.8232923427460808,4957
2026-06-21 07:00:00,0.8250533455775972,0.8257554322853434,0.82669707150507,0.8236602585715701,4426
2026-06-21 08:00:00,0.8251760140861437,0.825264307661239,0.8262780822577559,0.8241223676923705,3082
2026-06-21 09:00:00,0.8242062013801319,0.8252130529404086,0.8262579520284887,0.8232346606412722,265
2026-06-21 10:00:00,0.8234312404596293,0.8241750783201243,0.8246935726090378,0.8220636946817278,3678
2026-06-21 11:00:00,0.8234697804624564,0.8233128536621339,0.8245380706878154,0.8222965650522224,2732
2026-06-21 12:00:00,0.8237458454938921,0.8234109886630899,0.82515858791464,0.8222514774045994,3904
2026-06-21 13:00:00,0.8224690525268737,0.8236954799266887,0.8249477876910942,0.8205181945730687,2498
2026-06-21 14:00:00,0.8228420180528743,0.8223958299724736,0.8240124389235439,0.8206360304265421,141
2026-06-21 15:00:00,0.8222274463204255,0.8227287556776965,0.8235620126513563,0.8207985736748118,4564
2026-06-21 16:00:00,0.823187212332179,0.8222770322271685,0.8246813983695475,0.8212058023143521,4410
2026-06-21 17:00:00,0.8229232390105605,0.8233966429650845,0.8247573827389402,0.8218671794941614,4564
2026-06-21 18:00:00,0.822080522308398,0.8230383208422817,0.8242682523697993,0.820670870274419,3341
2026-06-21 19:00:00,0.8221373757268674,0.8220407612713098,0.8228273497808813,0.8204383356561059,4612
2026-06-21 20:00:00,0.8214501994760584,0.8222623218567379,0.8233735536046537,0.8203441090488085,448
2026-06-21 21:00:00,0.8224019083321332,0.8214929624262204,0.8237425184428883,0.8203720617157242,2060
2026-06-21 22:00:00,0.8224023059877831,0.8223968870293221,0.8236288612836743,0.821141643322748,1668
2026-06-21 23:00:00,0.8222885485204631,0.8223895864923243,0.8236703678577495,0.8213977549729066,2420
2026-06-22 00:00:00,0.8227323992846614,0.822263873936047,0.8241356795131146,0.8213650528341461,302
2026-06-22 01:00:00,0.8219786887052611,0.8228126736563356,0.8240837993314096,0.8210357163502933,4145
2026-06-22 02:00:00,0.8210118234637648,0.8219958893236011,0.8233874243238455,0.8196458096677596,1564
2026-06-22 03:00:00,0.821318087148346,0.8209220834409536,0.8223422176414938,0.8196230880591774,688
2026-06-22 04:00:00,0.8204933341173394,0.8212224768517792,0.8221522340303725,0.8189827361289024,1069
2026-06-22 05:00:00,0.8196683265020273,0.8205309450880005,0.8218778308072265,0.8188660012962518,660
2026-06-22 06:00:00,0.820295893525443,0.8197210696268242,0.8216942704233432,0.8188639209867397,3463
2026-06-22 07:00:00,0.8206896916079309,0.8202573458154484,0.8220485010786779,0.8189141094924904,4616
2026-06-22 08:00:00,0.8197493194510912,0.8205504974821017,0.8218124817654152,0.8187341492295757,510
2026-06-22 09:00:00,0.8192849674188852,0.8199030539883702,0.8210523368786908,0.8182525285365927,244
2026-06-22 10:00:00,0.8186071687519255,0.8194124987957139,0.8206922239462464,0.8171305443144603,4413
2026-06-22 11:00:00,0.819939408225456,0.8183627395051061,0.821262618227969,0.8172688454149969,1976
2026-06-22 12:00:00,0.8206189160461339,0.8201043012884285,0.82195799315879,0.8189806887107164,690
2026-06-22 13:00:00,0.82030328241163,0.8205932025162593,0.8224652509806791,0.8191343725153524,1055
2026-06-22 14:00:00,0.8207354284286376,0.8203266717807582,0.8217398106844627,0.8191422078637655,3414
2026-06-22 15:00:00,0.8197182887891894,0.8208753817674945,0.82289828086969,0.8183202750452161,511
2026-06-22 16:00:00,0.8192138041757973,0.8199213561770807,0.8208412953270029,0.8182823591611381,2072
2026-06-22 17:00:00,0.8192924516252537,0.8193370501695024,0.8206607814898531,0.8181097495517871,4871
2026-06-22 18:00:00,0.8196316246871131,0.8193220850581717,0.8205672728943884,0.8178068225783748,2211
2026-06-22 19:00:00,0.8195585303429781,0.8194625119782412,0.8208631635485317,0.8177087997345189,913
2026-06-22 20:00:00,0.8197445404760137,0.8193093814716605,0.8212156842338529,0.8184133938084068,3818
2026-06-22 21:00:00,0.8198032928209786,0.8198525281144886,0.8210902464701874,0.8184921798780983,2216
2026-06-22 22:00:00,0.8196806097694619,0.819968298258798,0.8214371037212629,0.8184978380966991,2049
2026-06-22 23:00:00,0.8194585005753188,0.8195804746210373,0.8207055053749974,0.8182536001359935,1355
2026-06-23 00:00:00,0.8191388019208105,0.819425352489754,0.8201503237156702,0.8181041268348906,3790
2026-06-23 01:00:00,0.8193127550522818,0.819070315663264,0.8206957654206595,0.8176555744659649,2506
2026-06-23 02:00:00,0.8196208667441814,0.8192409685496331,0.8208578315873262,0.8178383118320476,2471
2026-06-23 03:00:00,0.8197696361196706,0.8197530498249658,0.8208813386849476,0.8179029423344871,3857
2026-06-23 04:00:00,0.8188856883321698,0.8197964595146398,0.820923927158209,0.8179819036823144,1878
2026-06-23 05:00:00,0.8181364924438124,0.8188575634611954,0.8201845600062744,0.8173382963470389,3332
2026-06-23 06:00:00,0.8184356537982734,0.8184627438141326,0.8194904044655574,0.8167035006980923,943
2026-06-23 07:00:00,0.8195394087737766,0.8182593191299476,0.8208609762597494,0.8170427682735752,2901
2026-06-23 08:00:00,0.8196537203699457,0.8196067733772336,0.8211754821769278,0.818489617625022,2200
2026-06-23 09:00:00,0.819344969060588,0.8195247991078543,0.8212601889941153,0.8180696812183739,2602
2026-06-23 10:00:00,0.81951322440217,0.8193256158207968,0.8210878026602892,0.818439275990067,1889
2026-06-23 11:00:00,0.818660608335285,0.819531477060707,0.8207991923575743,0.8173403068368856,746
2026-06-23 12:00:00,0.8196423157026873,0.8187644482940061,0.8209351371419898,0.8175547206525053,4610
2026-06-23 13:00:00,0.8197822613110683,0.819610198859993,0.8209134997102341,0.8181164460292574,2072
2026-06-23 14:00:00,0.8194289126552157,0.8197371581289515,0.8208518329796158,0.8179890909026566,3761
2026-06-23 15:00:00,0.8196787580959042,0.8193945986362589,0.8211227120155227,0.817933849219234,4535
2026-06-23 16:00:00,0.8194963146174279,0.8195460055089464,0.8206996489730212,0.8182201533347806,2273
2026-06-23 17:00:00,0.8215203185896081,0.8195742329199371,0.8228428265556276,0.8179465515118994,4120
2026-06-23 18:00:00,0.8217276304822716,0.8215549956234894,0.8227229457309438,0.8201803472564465,2251
2026-06-23 19:00:00,0.8223640693776103,0.8217813105441828,0.8239356842476575,0.8206792902306471,417
2026-06-23 20:00:00,0.8235025411255918,0.8223554790517148,0.8246581317727045,0.8213201447546821,4423
2026-06-23 21:00:00,0.8230636212010743,0.8234787285007743,0.8249819667553756,0.8220010126732948,4218
2026-06-23 22:00:00,0.8237460725604365,0.8232088806253021,0.8248077601958601,0.8218277475789472,2873
2026-06-23 23:00:00,0.8245253952437096,0.8238724458944107,0.8255750052311692,0.8229650440721509,4157
2026-06-24 00:00:00,0.8231105006584849,0.8247000758265335,0.8262626766488543,0.8218375341043567,3379
2026-06-24 01:00:00,0.823863736445018,0.8231565457046751,0.8249448085826581,0.822126602465291,4029
2026-06-24 02:00:00,0.8242588219670862,0.8240309782419947,0.8251075035160369,0.8231044587947077,378
2026-06-24 03:00:00,0.8248647815176254,0.8242073401797303,0.8258447355928127,0.8232401856920333,4092
2026-06-24 04:00:00,0.8253575371738141,0.8248399153372934,0.826807700769682,0.8236077699924956,1150
2026-06-24 05:00:00,0.8261185410213542,0.8255056314074649,0.8275462276529248,0.8240771630235652,4916
2026-06-24 06:00:00,0.8281733528921655,0.8262233159078406,0.8292261679979646,0.8251489936365359,4834
2026-06-24 07:00:00,0.8272079439976634,0.828137313459575,0.8292213565571703,0.826482311510183,370
2026-06-24 08:00:00,0.8272473611950629,0.827078116842932,0.8286552574067585,0.8250544214705444,3293
2026-06-24 09:00:00,0.8284973035498183,0.8272220136257359,0.8300671204921565,0.8257014401938512,1980
2026-06-24 10:00:00,0.8295244145910918,0.828412086285895,0.8307515799436671,0.8269357951500436,1348
2026-06-24 11:00:00,0.8305257012551023,0.8297392512607085,0.8319095825815779,0.828087864201358,4845
2026-06-24 12:00:00,0.8342799939139103,0.8306208142606197,0.8357500202248143,0.8293462755752319,2066
2026-06-24 13:00:00,0.8354669565428503,0.8341840084632087,0.8372597858949259,0.8329646447245493,2808
2026-06-24 14:00:00,0.8372740818983563,0.8353357149657729,0.8382396977100753,0.8337392531410229,1635
2026-06-24 15:00:00,0.8373555954277333,0.8371763231521364,0.8384436410345639,0.8355814012355717,3443
2026-06-24 16:00:00,0.8366141005790566,0.8372854672665943,0.8384132715975965,0.8352047772496506,1337
2026-06-24 17:00:00,0.8366869196639762,0.8365931791732076,0.8381496636327529,0.8351166364687191,1873
2026-06-24 18:00:00,0.8379912718695883,0.8368270166986939,0.8391849273217002,0.8358814538859531,3555
2026-06-24 19:00:00,0.8389294652953834,0.8378696459447591,0.840266445163683,0.8366760513991317,1138
2026-06-24 20:00:00,0.839863366940102,0.8392179000642621,0.8411538614203795,0.83752881352786,3944
2026-06-24 21:00:00,0.8400561536759454,0.8397445031647952,0.8413166756914476,0.8382817106327751,4894
2026-06-24 22:00:00,0.8400575905333698,0.839878601489656,0.841344742711423,0.8389869696173409,3549
2026-06-24 23:00:00,0.8402917618402179,0.840270390828799,0.8418118246088586,0.8391438375619178,1872
2026-06-25 00:00:00,0.8416111323804162,0.8404585593534494,0.8426284923728641,0.83880707675299,989
2026-06-25 01:00:00,0.8430700052942207,0.8415880724601327,0.8442970626136598,0.8402083334745724,2848
2026-06-25 02:00:00,0.8423125153146153,0.8431181854414492,0.8440745611179601,0.8410030842470582,2245
2026-06-25 03:00:00,0.843677326385933,0.8423639672867245,0.845000184658532,0.8410448032907086,1294
2026-06-25 04:00:00,0.8433464609090254,0.8436946207773744,0.8449101708969247,0.842102582579216,1898
2026-06-25 05:00:00,0.8443591668912347,0.8431822567515762,0.8458965532137573,0.8420485127915812,4838
2026-06-25 06:00:00,0.8445788080002797,0.8440447343585399,0.8458444541353215,0.8429890755714943,927
2026-06-25 07:00:00,0.8469077542593665,0.8444714972271744,0.8480653486496387,0.8429444400813756,1366
2026-06-25 08:00:00,0.8468560647045891,0.8471384574660229,0.8483460631929496,0.8455254305805149,1808
2026-06-25 09:00:00,0.8475203989136628,0.8470919398233862,0.8492298706651374,0.8456408866474107,4578
2026-06-25 10:00:00,0.8486983107027342,0.8474870658252462,0.849571600740137,0.8460748261553828,1856
2026-06-25 11:00:00,0.8480995600825867,0.8485764433473796,0.8496889338488404,0.8464689911981172,1529
2026-06-25 12:00:00,0.8484621316160743,0.8481349563810275,0.8497439902520287,0.8467465390971138,1557
2026-06-25 13:00:00,0.8485922297545265,0.8485180090207965,0.8497030981379449,0.8470354480633964,4739
2026-06-25 14:00:00,0.8484256535744393,0.8486686796321423,0.8500662101881775,0.8471104369274427,1833
2026-06-25 15:00:00,0.8483479859726595,0.8481040836204022,0.849606132159321,0.8470726902682152,1899
2026-06-25 16:00:00,0.8501324034904236,0.8487506626007882,0.8514728884138184,0.8475330052898865,1885
2026-06-25 17:00:00,0.8498641426087112,0.8502767709323411,0.8515816085184033,0.8484389410169615,4373
2026-06-25 18:00:00,0.8509938320679171,0.8498388854899903,0.8522440155178854,0.8483893861467316,3580
2026-06-25 19:00:00,0.8518213460703545,0.8509020298806104,0.8527692127259567,0.8492534928836563,3039
2026-06-25 20:00:00,0.8505949699314244,0.8519473156589299,0.8532681431141815,0.8494364392677495,1144
2026-06-25 21:00:00,0.8516679732575361,0.8506582566905867,0.8524949235686353,0.8493230120938168,657
2026-06-25 22:00:00,0.8504217574058268,0.8516797278918433,0.8527839254562803,0.8491790756160864,531
2026-06-25 23:00:00,0.851625467599625,0.8504803068228305,0.8530278917051628,0.8487878768430193,1548
2026-06-26 00:00:00,0.851466837627868,0.8516110710488828,0.853192165150463,0.8500934773237995,3978
2026-06-26 01:00:00,0.8519268783317757,0.8515181912177008,0.8538052278729275,0.8501391956973074,3828
2026-06-26 02:00:00,0.8508237423922241,0.8520195793456532,0.8531865043634616,0.8495566088223802,3933
2026-06-26 03:00:00,0.85142060118055,0.8508675884511231,0.8524767566024933,0.8496479460004539,3370
2026-06-26 04:00:00,0.8529829416821147,0.8514578238930445,0.8543960657825194,0.8505490566519766,2626
2026-06-26 05:00:00,0.8524645831684876,0.8531610462720453,0.8549179678026793,0.8515084253314682,1844
2026-06-26 06:00:00,0.8521859826651148,0.8522604283234901,0.853930562385706,0.8508619810680687,3660
2026-06-26 07:00:00,0.8531815278933957,0.8520838719018898,0.8541963670478901,0.8507902398922672,1057
2026-06-26 08:00:00,0.8542070698817721,0.8531849311422576,0.8554523733042007,0.851856359800382,435
2026-06-26 09:00:00,0.8517360547236819,0.8541138217014389,0.8556087123259681,0.8502179060911406,4161
2026-06-26 10:00:00,0.8546045423602212,0.851685287042766,0.856122245972321,0.8503795523739557,2424
2026-06-26 11:00:00,0.8556888065404792,0.8547698282946212,0.8571242746372656,0.8535757089362057,3149
2026-06-26 12:00:00,0.8569751089354227,0.8556696568779838,0.8581452016888261,0.8544381775320748,4789
2026-06-26 13:00:00,0.8572528603994283,0.8567398944775554,0.8586886642701967,0.8553912882449699,3441
2026-06-26 14:00:00,0.8554764361891656,0.8571985365683431,0.8587202625369845,0.8542907463591627,3845
2026-06-26 15:00:00,0.8567361026626659,0.8554839043373137,0.857781658242495,0.8539252288686437,2447
2026-06-26 16:00:00,0.8565078770287888,0.8567412018222436,0.8583677708955552,0.8552260120820829,1660
2026-06-26 17:00:00,0.8576105950618088,0.8565794065689313,0.859152225451116,0.8552282421957402,1816
2026-06-26 18:00:00,0.8577980337774935,0.8576716344998095,0.8588937948935287,0.8565950723017237,4514
2026-06-26 19:00:00,0.8585336810324332,0.8577801557452849,0.8600597014258512,0.8562180856596616,1973
2026-06-26 20:00:00,0.8580536853747421,0.8583801272082291,0.8598765162869063,0.8563961919065439,4674
2026-06-26 21:00:00,0.8595409521059568,0.8579968087868876,0.8610497437025816,0.8570590015934496,252
2026-06-26 22:00:00,0.8585648972586076,0.8594607479924041,0.8611545178813625,0.8571737931249062,1534
2026-06-26 23:00:00,0.8617095805690147,0.8585280457568729,0.862999440435292,0.8572633777867995,4724
2026-06-27 00:00:00,0.8648451189309991,0.8617992436291262,0.866228400986939,0.8604282818489603,2941
2026-06-27 01:00:00,0.8672543584335589,0.8648976879116212,0.8678687053972064,0.8634791823164343,1896
2026-06-27 02:00:00,0.8692349332164884,0.8673617966162921,0.8708297592364546,0.866640754712695,960
2026-06-27 03:00:00,0.869583475186608,0.8691848343554459,0.8711538350494662,0.8676823279945778,2466
2026-06-27 04:00:00,0.8714333312335046,0.8697806405639592,0.8730949892778005,0.8681826764259177,4791
2026-06-27 05:00:00,0.8717679194355733,0.871521315088041,0.8728306009358063,0.8698933395129566,1850
2026-06-27 06:00:00,0.870353698384879,0.8717825720161375,0.8733392984915771,0.8692948144493585,2460
2026-06-27 07:00:00,0.8726075400817158,0.8704326711017006,0.8741831418870958,0.8691318679087743,1840
2026-06-27 08:00:00,0.8744121294372228,0.8725189061162438,0.8755529968169491,0.8713486582808144,4317
2026-06-27 09:00:00,0.8748245225080363,0.8741354109522131,0.8764138943644797,0.8733258253531972,3459
2026-06-27 10:00:00,0.8738043013992389,0.8747450024234958,0.8761770909651018,0.8726562633736942,3122
2026-06-27 11:00:00,0.8735508605873441,0.8739022426494766,0.874767579046489,0.8725246413759663,3384
2026-06-27 12:00:00,0.8718154858854791,0.8735613506251867,0.8750219416831615,0.8704202690854426,2117
2026-06-27 13:00:00,0.8733995829086206,0.8717975592097744,0.8745086588366267,0.8709149316114388,4070
2026-06-27 14:00:00,0.8719256121483836,0.8732886948877131,0.8741581969177656,0.8708739517581897,3106
2026-06-27 15:00:00,0.8727198091925596,0.8716695789571425,0.8741248583977619,0.8704965032360754,451
2026-06-27 16:00:00,0.872157377175224,0.8729062126354891,0.8741973551048532,0.8706476308329921,1930
2026-06-27 17:00:00,0.8708953330412247,0.8721302189911628,0.8738033343969659,0.8688632446708221,4382
2026-06-27 18:00:00,0.8716313591531589,0.8708391732249794,0.8729863238172256,0.8694524713734658,1348
2026-06-27 19:00:00,0.8716807998907845,0.8715435399798576,0.8731919071954588,0.8705059201319465,4787
2026-06-27 20:00:00,0.873136626817295,0.8718451053194417,0.8745796097855908,0.8707132844524978,4093
2026-06-27 21:00:00,0.8720655004948206,0.8732519161628913,0.8748271169195848,0.8705852413192134,4946
2026-06-27 22:00:00,0.871606722920252,0.8719390426318686,0.8730146731358941,0.8706512688012725,4008
2026-06-27 23:00:00,0.869191552270063,0.8717585545563727,0.8731141117932909,0.8676017871960856,731
2026-06-28 00:00:00,0.8670203362512694,0.869172685419554,0.8704366096569296,0.8656486902276858,1035
2026-06-28 01:00:00,0.8696281671432436,0.8669406945486839,0.8711031478388525,0.8656688820112223,2484
2026-06-28 02:00:00,0.8725784850361632,0.8695897371654947,0.87395431785981,0.868721928065257,1855
2026-06-28 03:00:00,0.8731397564824319,0.872475895840578,0.8742886238553222,0.8709250982295713,4701
2026-06-28 04:00:00,0.8726011619633441,0.8729668666482315,0.8741873040312967,0.8714916385450282,4258
2026-06-28 05:00:00,0.872693023252756,0.8727027605751536,0.8744433911537993,0.8713437458767377,3818
2026-06-28 06:00:00,0.8741913122957397,0.872664082512204,0.8750582431559276,0.8713940119828807,4710
2026-06-28 07:00:00,0.8740240454719532,0.8742722306917647,0.8757692673032155,0.873128293187259,394
2026-06-28 08:00:00,0.8747592061124032,0.8740617318477818,0.8763971348946602,0.8728101313333093,3539
2026-06-28 09:00:00,0.8751938988518257,0.8748312180874921,0.8766586681233931,0.8738361971846791,4364
2026-06-28 10:00:00,0.8749613236477263,0.874925374953312,0.8767911324297407,0.8737840804783695,4878
2026-06-28 11:00:00,0.8747798923525361,0.8748475899820821,0.8764060582056268,0.8733541464861478,4208
2026-06-28 12:00:00,0.8755818773985586,0.874854671171755,0.8769961497433848,0.8733567799870129,4064
2026-06-28 13:00:00,0.8748596116348937,0.8754145827156629,0.8766043752810504,0.8735521112495622,3922
2026-06-28 14:00:00,0.8758516868496419,0.8749086240873379,0.8772712674687722,0.8738271074540378,728
2026-06-28 15:00:00,0.8757357920980628,0.8756690033830983,0.8772284877631104,0.8745254880889081,2118
2026-06-28 16:00:00,0.8763386328636408,0.8757379536727651,0.8776540610800657,0.874598215507654,4391
2026-06-28 17:00:00,0.8784493879430431,0.8765507771250629,0.879571301350886,0.8757962939237488,3198
2026-06-28 18:00:00,0.8786975574887708,0.878551483827449,0.8796981595704162,0.8772141254292817,1374
2026-06-28 19:00:00,0.8802513226970011,0.8784531899137277,0.8816206610778747,0.8775727824037141,3608
2026-06-28 20:00:00,0.8785508832699406,0.8803631233139916,0.8812907897053369,0.8772129744027828,227
2026-06-28 21:00:00,0.8784364476535719,0.8787909913411406,0.8799843799271078,0.8775033993205835,2043
2026-06-28 22:00:00,0.8789196739988632,0.878805200513545,0.8795968621472876,0.8778048812257292,3795
2026-06-28 23:00:00,0.8816776708139109,0.878982503549314,0.8832205234712142,0.8774831360015338,3941
2026-06-29 00:00:00,0.8797757283139991,0.8814976132840715,0.8831218675617634,0.8784495800547927,2594
2026-06-29 01:00:00,0.8801102764797277,0.8798331129973119,0.8814512867941908,0.8790106083203428,1439
2026-06-29 02:00:00,0.8823083031008272,0.8803215055341044,0.884116539008658,0.8791459526317685,2533
2026-06-29 03:00:00,0.881816278614507,0.8822835564904612,0.8839627251798912,0.8804242570500653,999
2026-06-29 04:00:00,0.8820108720419961,0.881954283626113,0.8834608412151622,0.8807951336366971,4686
2026-06-29 05:00:00,0.8828589588240627,0.8818996843875839,0.8841532615684592,0.8806662823295511,4308
2026-06-29 06:00:00,0.8835303690885301,0.8829083066351378,0.8847630534874822,0.8815183174540211,3638
2026-06-29 07:00:00,0.8858592936590755,0.8831995565159076,0.8873375689833107,0.8818588873435628,1762
2026-06-29 08:00:00,0.8868474622311633,0.885732873280828,0.8881401594248762,0.8846665960800668,803
2026-06-29 09:00:00,0.8888907897057804,0.8868466461431139,0.8903703209234066,0.8855073626679859,378
2026-06-29 10:00:00,0.8889087796770085,0.8888423410575857,0.8904081341912073,0.8875856047962383,1977
2026-06-29 11:00:00,0.8884701491835082,0.8887354457041331,0.890006958635343,0.8866778956441201,4180
2026-06-29 12:00:00,0.8886492813518846,0.8884035463153055,0.8902743860571831,0.8870980537254546,1912
2026-06-29 13:00:00,0.8877083576398435,0.8886931769831341,0.8899638734613048,0.8863408501913647,4015
2026-06-29 14:00:00,0.8887385716752956,0.8876968625724524,0.890077368850182,0.8862944900959769,965
2026-06-29 15:00:00,0.8887255179399893,0.8887466951912975,0.8898191581511907,0.8874783617822547,4031
2026-06-29 16:00:00,0.8883693712600164,0.8888230567397962,0.8900834885110708,0.8872286844258467,477
2026-06-29 17:00:00,0.8894177613515616,0.8883235890098565,0.8913277500053688,0.8868667847016052,1770
2026-06-29 18:00:00,0.8884953024179925,0.8895989048261979,0.8906916510087844,0.8870378291860491,835
2026-06-29 19:00:00,0.8898699050746194,0.8883632540355397,0.8913215620492041,0.8864724825268282,3055
2026-06-29 20:00:00,0.8897459002084297,0.8901272199296958,0.8913405242881912,0.8882131130404203,1019
2026-06-29 21:00:00,0.8915868159413427,0.889894755793717,0.8923320305480914,0.8883542865460317,168
2026-06-29 22:00:00,0.8915655308474673,0.8915392066388182,0.8930523867723882,0.8900098859001115,1677
2026-06-29 23:00:00,0.8927738224473367,0.8915267864226449,0.8939640352268847,0.8903725162243649,111
2026-06-30 00:00:00,0.8934392972958642,0.8928015283025911,0.8948649694298489,0.8917985463343184,1959
2026-06-30 01:00:00,0.8947819795443216,0.8935196492898232,0.8963898273213948,0.8924468753032607,1370
2026-06-30 02:00:00,0.8953639158148987,0.8949289823987858,0.8967699769669942,0.8934011408981556,4672
2026-06-30 03:00:00,0.8938178389200868,0.8951841791590723,0.8966129377269424,0.8920959096092551,2674
2026-06-30 04:00:00,0.8954783911671774,0.8938765969824015,0.896588442319948,0.8923361943091336,2255
2026-06-30 05:00:00,0.895823171660228,0.8951939877906017,0.8973568635786904,0.893895116320079,3041
2026-06-30 06:00:00,0.8972205909530537,0.8957993100132263,0.8985153653185991,0.8940021750536854,770
2026-06-30 07:00:00,0.8984988867252963,0.897416541767961,0.8993079592917264,0.8961883803413867,753
2026-06-30 08:00:00,0.8980209309480827,0.8983079303378714,0.8998778265778915,0.8969832192542467,855
2026-06-30 09:00:00,0.8973731764618723,0.8978056639842873,0.899456736275464,0.8959590082477807,4351
2026-06-30 10:00:00,0.8986096025836111,0.8974029377513709,0.9003568022458367,0.8957067598703364,3752
2026-06-30 11:00:00,0.8986957037483185,0.8987966340779757,0.9007299504253563,0.8975751560576845,4801
2026-06-30 12:00:00,0.9002694188836783,0.8987396452843669,0.9018287398613076,0.8978496732703807,4081
2026-06-30 13:00:00,0.9005055777522426,0.900012151027734,0.9019951865465289,0.898651206741188,684
2026-06-30 14:00:00,0.9021836694851806,0.900277804107058,0.903832377953585,0.8987157352711,909
2026-06-30 15:00:00,0.9031416348662316,0.9021969113161663,0.9042560226444631,0.9016454258633029,4136
2026-06-30 16:00:00,0.9039372048586886,0.9029817407017792,0.9048397040537172,0.9013607910270182,2780
2026-06-30 17:00:00,0.9039383914202003,0.9039557382569849,0.9051822898715994,0.9029531339535005,3109
2026-06-30 18:00:00,0.9046673045570741,0.9039649879758241,0.9063709498280659,0.9024112680829144,1245
2026-06-30 19:00:00,0.9065487278150174,0.9046007061998405,0.9077287553335674,0.9037839151378336,2561
2026-06-30 20:00:00,0.9069336692646214,0.9067956070806111,0.9084207531441325,0.9058364844219777,4520
2026-06-30 21:00:00,0.908021078597042,0.9070140927648664,0.9095392800254881,0.9054835183376959,2496
2026-06-30 22:00:00,0.9085267106885416,0.9081861929984136,0.9099560771751313,0.9064920352071782,3470
2026-06-30 23:00:00,0.9091262355398362,0.9086522494428022,0.9101414661651085,0.9072910532665178,3774
2026-07-01 00:00:00,0.9116443284481621,0.909105713483096,0.9131055226657653,0.907083136340014,4631
2026-07-01 01:00:00,0.9135364044854096,0.9116176832517345,0.9147911777614666,0.9105276322200556,1123
2026-07-01 02:00:00,0.9140816890636445,0.9134955971315151,0.9159197778676836,0.9124083977752349,4561
2026-07-01 03:00:00,0.9147890339691678,0.9141751487943843,0.9164732187053762,0.9128859045142049,3083
2026-07-01 04:00:00,0.9143967893649066,0.9146998301946523,0.9159654578341887,0.9131211530836622,4182
2026-07-01 05:00:00,0.9146392235093888,0.9146334567835013,0.9164956858971357,0.91318371277343,1380
2026-07-01 06:00:00,0.9154605008544471,0.914536801426442,0.9169280878713987,0.9133676270666807,678
2026-07-01 07:00:00,0.91693123716193,0.9154899996884543,0.9178468012918148,0.9139584923871804,517
2026-07-01 08:00:00,0.9182803022382231,0.9168996831023316,0.9196361508319517,0.9153725070119416,1978
2026-07-01 09:00:00,0.9173991913711377,0.9182182686249091,0.9200444282065997,0.9155790582278032,2809
2026-07-01 10:00:00,0.9190215706479521,0.9176986564135892,0.9201740682233636,0.9164553425496794,1510
2026-07-01 11:00:00,0.919365042232699,0.9189610229659818,0.920725268581068,0.917489035615783,1416
2026-07-01 12:00:00,0.918630652605886,0.9193230533000953,0.9203262403259048,0.9170857430948329,4098
2026-07-01 13:00:00,0.9206843142908042,0.9185389339978822,0.9217335814777404,0.9171599043343212,3739
2026-07-01 14:00:00,0.9228902490868898,0.9206899956884096,0.9240436109430052,0.9193642637692425,3208
2026-07-01 15:00:00,0.9236567454656985,0.9228762132404565,0.9247021221834447,0.9220625899858634,3287
2026-07-01 16:00:00,0.9249572977879849,0.923501456263001,0.9261731705966633,0.9220908796985189,4247
2026-07-01 17:00:00,0.9263282368384782,0.9248983319197536,0.9282007954607532,0.9233433514285289,1199
2026-07-01 18:00:00,0.9284531634218529,0.9264131466483797,0.9298357956605813,0.9250365707274655,4704
2026-07-01 19:00:00,0.929776845652371,0.9285963937108602,0.9313906188876292,0.927419930819542,4321
2026-07-01 20:00:00,0.9286336197194447,0.929780188818785,0.9314772395545676,0.9277084819662798,1785
2026-07-01 21:00:00,0.93149538901821,0.9286418627257651,0.932582881064923,0.9271180132295066,1800
2026-07-01 22:00:00,0.9332241772855862,0.9314448556188822,0.9343912173054179,0.9300357439600154,1003
2026-07-01 23:00:00,0.9330627482392588,0.9331538558402973,0.9347678170406055,0.931274080605249,3574
2026-07-02 00:00:00,0.9322771981524299,0.9329341536940895,0.9341551712163534,0.9312841542987335,1589
2026-07-02 01:00:00,0.9333329742689148,0.9320592673126771,0.9349288580630141,0.9307909542083789,1409
2026-07-02 02:00:00,0.9334490622228737,0.9332346195405339,0.9353189443284969,0.9322044577473695,3393
2026-07-02 03:00:00,0.9342950566476724,0.9335757600416094,0.9352885721214726,0.9318869323009698,1063
2026-07-02 04:00:00,0.9356371448572064,0.9342354916091983,0.9369404123161847,0.932484249293949,653
2026-07-02 05:00:00,0.9354074145916103,0.9355885945908592,0.9369360663591061,0.9334647837916029,4315
2026-07-02 06:00:00,0.934518085000389,0.9353561817122703,0.9366103891494121,0.9329701236525055,294
2026-07-02 07:00:00,0.9354310671618354,0.9346927357334122,0.9366635984304197,0.9330680970486388,4601
2026-07-02 08:00:00,0.9352410017355031,0.9353008279450468,0.936565613978522,0.9337157872098755,3449
2026-07-02 09:00:00,0.9358663166783819,0.9352798944686015,0.9372658343611797,0.9337151898770838,1825
2026-07-02 10:00:00,0.9347043249540272,0.9358567173397078,0.9373050093883006,0.933288506845888,2864
2026-07-02 11:00:00,0.9348517056846577,0.9347138501802724,0.9365213725689236,0.9331380189141729,1643
2026-07-02 12:00:00,0.9361596479539057,0.9348860183333232,0.9375568329005916,0.9328807663190664,2104
2026-07-02 13:00:00,0.9373367669630819,0.9361676853739499,0.9390572040605272,0.9347001873525196,3542
2026-07-02 14:00:00,0.936840737398034,0.9374482072444413,0.9386871416244504,0.9354287291338247,4554
2026-07-02 15:00:00,0.9358888201548523,0.9368366301571117,0.9379031607727429,0.9344293741564571,1214
2026-07-02 16:00:00,0.9363577365825545,0.9361338242045767,0.9376766655480654,0.9347711686000153,2714
2026-07-02 17:00:00,0.9374809759389778,0.9363639914470433,0.9390172708224381,0.9348884651585575,4334
2026-07-02 18:00:00,0.9384171861072089,0.9372411915491884,0.940067054909061,0.9358850842885931,169
2026-07-02 19:00:00,0.9382525942939753,0.9385070205596329,0.9403254198360695,0.9365232119661421,141
2026-07-02 20:00:00,0.9390599836249592,0.9383078246569043,0.9405503282482087,0.9366051041997452,3112
2026-07-02 21:00:00,0.9413128101904904,0.9390645788832551,0.9429374293134856,0.9370409629767181,796
2026-07-02 22:00:00,0.9420089838152612,0.941276132413802,0.9438088180292644,0.9398697714027414,4966
2026-07-02 23:00:00,0.9404992062922789,0.9417106641822188,0.9429015486648957,0.9390070185745626,691
2026-07-03 00:00:00,0.9411930466979996,0.9402243528781175,0.9425455012938108,0.9387428285012274,3717
2026-07-03 01:00:00,0.9440957950634548,0.9414263590932533,0.9462967410092149,0.9399536849357653,1657
2026-07-03 02:00:00,0.943000926087716,0.9440129756389123,0.9456697496977486,0.9412667492088459,4627
2026-07-03 03:00:00,0.9434865956819108,0.9431375835772028,0.9450463772441334,0.9421822989570611,4344
2026-07-03 04:00:00,0.9436649931622723,0.9432596867244861,0.9453334940813656,0.9417137628294188,4012
2026-07-03 05:00:00,0.9442300527134023,0.9435167219027594,0.9452680418419819,0.9415350372222946,3236
2026-07-03 06:00:00,0.9449131552971869,0.9443262412271671,0.9461471665896645,0.9425225117947059,1158
2026-07-03 07:00:00,0.9467311216804624,0.9448985991591118,0.9478637061909092,0.9431238853651482,626
2026-07-03 08:00:00,0.9472828616241433,0.9468075201150549,0.9488227480626776,0.9451472948361934,1384
2026-07-03 09:00:00,0.9492655730927978,0.9472809204853168,0.9505843974175193,0.9460266885607633,486
2026-07-03 10:00:00,0.949574386302254,0.9492359930961317,0.9510259214215153,0.948025240965911,3946
2026-07-03 11:00:00,0.9496042221734844,0.9494775204286793,0.9509400258042647,0.9482645044492863,1513
2026-07-03 12:00:00,0.9492512025938381,0.9494342109049281,0.9503949273740474,0.9481515296612252,2256
2026-07-03 13:00:00,0.947520698158894,0.9494505658696415,0.9511234069643557,0.9458303377442102,3137
2026-07-03 14:00:00,0.9483016358532049,0.9477436404272785,0.949222760177775,0.9459034525911244,3537
2026-07-03 15:00:00,0.9512164361993711,0.9481534311547727,0.9524356159922277,0.9466026363632104,3009
2026-07-03 16:00:00,0.9522163187721142,0.9510587378786491,0.9532688589987033,0.9494005144905386,3705
2026-07-03 17:00:00,0.9534904155971082,0.952166579018399,0.9546690037883043,0.9506523974755031,659
2026-07-03 18:00:00,0.9534447780070909,0.953539103495184,0.9550270089599796,0.9518519266299118,1471
2026-07-03 19:00:00,0.9536015779375625,0.9534187706875902,0.9553852962576749,0.9525940149315696,3827
2026-07-03 20:00:00,0.9552331477235624,0.9536731516562041,0.9562186631980898,0.9521501249971238,3618
2026-07-03 21:00:00,0.9580935800919101,0.9552260699584825,0.9593705632345151,0.9539112416869452,3198
2026-07-03 22:00:00,0.9603291176148663,0.9580770675484723,0.9612657138425353,0.9566481439597927,4705
2026-07-03 23:00:00,0.9617454111705399,0.9606772327251485,0.9630133536160221,0.9591694761555156,4916
2026-07-04 00:00:00,0.9618772258432543,0.9616696340135427,0.9633407870850802,0.9604333142171432,510
2026-07-04 01:00:00,0.9626636717717567,0.9621140334378578,0.964329198591613,0.9609806730982902,2807
2026-07-04 02:00:00,0.9598380193239008,0.9628719848989241,0.9637016990256368,0.9586130597465164,4513
2026-07-04 03:00:00,0.9544073911190158,0.9599101859091757,0.9614994322136932,0.9533904703800319,1703
2026-07-04 04:00:00,0.9501818972774161,0.9541328647786013,0.955280882145761,0.9490859214265513,388
2026-07-04 05:00:00,0.9503686474068733,0.9501863246871823,0.9514474515028106,0.9490509833143073,684
2026-07-04 06:00:00,0.9492736764265233,0.9502953594791848,0.9517384892815546,0.9482584519961467,3639
2026-07-04 07:00:00,0.9437632700338244,0.949276520555021,0.9508697287542084,0.9421979134711029,4603
2026-07-04 08:00:00,0.943623307362388,0.943612813997787,0.9450103048946097,0.9424522979110284,3565
2026-07-04 09:00:00,0.9424291936456407,0.9437302152977547,0.9448347996186491,0.9415423229546429,284
2026-07-04 10:00:00,0.9380310104383254,0.9425677856206779,0.9439464151431742,0.9367368802614234,2122
2026-07-04 11:00:00,0.9366428391485001,0.9381953946709495,0.9393965889455203,0.935550682480239,1808
2026-07-04 12:00:00,0.9354392653958138,0.9365892134018444,0.9381618830083323,0.933626641535924,4567
2026-07-04 13:00:00,0.933126876121097,0.9352909786904202,0.9369917025927526,0.9316899780103394,2700
2026-07-04 14:00:00,0.9366018892390068,0.9331762839429585,0.9382909932363321,0.93218455737551,1250
2026-07-04 15:00:00,0.9294660083811569,0.936846720947601,0.9382354132928961,0.9279132340619078,2891
2026-07-04 16:00:00,0.9220192621659907,0.9294756051681131,0.931169168494175,0.9206127285003477,3768
2026-07-04 17:00:00,0.9220315838576748,0.9220818169957931,0.9231824515503512,0.9207145380263421,2953
2026-07-04 18:00:00,0.9223920608178959,0.9219990801294676,0.9242689994342812,0.9201797671448421,2146
2026-07-04 19:00:00,0.9239078675779671,0.9223222868052482,0.9250091892019272,0.9212068124273026,3613
2026-07-04 20:00:00,0.9218867169219205,0.9239988959545474,0.9248202640553246,0.9202176005991223,1590
2026-07-04 21:00:00,0.9184445026528243,0.921872104456014,0.9236259944791999,0.9171796728131772,728
2026-07-04 22:00:00,0.9184170671552182,0.9185000930021648,0.9196820587311756,0.9170444992212385,4326
2026-07-04 23:00:00,0.9167611491476633,0.9184868565406699,0.9198941047660141,0.915592230884515,3624
2026-07-05 00:00:00,0.9225776669151221,0.9168092408388633,0.9236762332706042,0.915615261493165,3682
2026-07-05 01:00:00,0.9213618147279027,0.9226547649035362,0.9246901278030333,0.9201002970543545,4458
2026-07-05 02:00:00,0.9211623704089636,0.9212439512104884,0.9231291517311228,0.9203059007003284,3594
2026-07-05 03:00:00,0.9304451884324559,0.9210348022764588,0.9322725513142923,0.9195423730731349,249
2026-07-05 04:00:00,0.9297148375822158,0.9304392445414463,0.9318584610476274,0.9282882197563121,4233
2026-07-05 05:00:00,0.9318004258267124,0.9297122432652973,0.9334722712534193,0.9287332117882503,275
2026-07-05 06:00:00,0.9342240862019112,0.9317272308418882,0.9356105535765062,0.9301409315108393,3494
2026-07-05 07:00:00,0.9369668423658545,0.9342579575949224,0.938687732265012,0.9324429412715316,4957
2026-07-05 08:00:00,0.9380524196111467,0.9370946356996335,0.9393439463084284,0.935874563139242,2074
2026-07-05 09:00:00,0.9387793225901861,0.9382196413500645,0.9406337978954448,0.9370324901407621,1628
2026-07-05 10:00:00,0.9391555761770753,0.938978272632094,0.940434460300473,0.9372558389451797,4646
2026-07-05 11:00:00,0.9369955990436987,0.9389707816712903,0.9402786520551737,0.935476752190885,2329
2026-07-05 12:00:00,0.938216294554346,0.9368319274118392,0.9394923074703962,0.9354628607279248,4618
2026-07-05 13:00:00,0.9458237164446882,0.9381752015319745,0.9472970598226057,0.9365253363002854,1619
2026-07-05 14:00:00,0.9503637736033016,0.9458351616577004,0.9516786410838525,0.9443314646350134,1003
2026-07-05 15:00:00,0.9515034661866439,0.9503297452697409,0.9530698089948296,0.9484947231173568,2826
2026-07-05 16:00:00,0.9547128279295414,0.9514243244079824,0.9560071358384996,0.9499970538584698,1923
2026-07-05 17:00:00,0.9514534182718014,0.9546693819632583,0.9563222816231493,0.9499045075996431,3586
2026-07-05 18:00:00,0.9504764976935525,0.9515223250361863,0.9533809914324022,0.9487376784592964,1562
2026-07-05 19:00:00,0.9540309346092427,0.9502862225517139,0.9554841757233778,0.9495557675051448,3823
2026-07-05 20:00:00,0.959607811584711,0.9543682401864648,0.9616858408904877,0.9526022984753296,1835
2026-07-05 21:00:00,0.9567170634393534,0.9596108243168876,0.9613695178806028,0.9554269608434192,1841
2026-07-05 22:00:00,0.9549036072790166,0.9568675821344707,0.958912480472882,0.9533280313668029,3577
2026-07-05 23:00:00,0.9630837665060611,0.9548198182841914,0.9645107102478688,0.9528943845450609,1376
2026-07-06 00:00:00,0.9634447461926947,0.9631667696206705,0.9644096960707258,0.9618100175317557,1499
2026-07-06 01:00:00,0.9702823535903211,0.9634593136829523,0.9715322313743325,0.9621364845411877,2778
2026-07-06 02:00:00,0.9710580685301053,0.9704071551959316,0.972338660090656,0.9689665156774417,1723
2026-07-06 03:00:00,0.9719812445888257,0.9710291063683424,0.9731613195971652,0.9699946141901311,1982
2026-07-06 04:00:00,0.9708356537601012,0.9722071915733266,0.9730238862971013,0.9687389039402826,1759
2026-07-06 05:00:00,0.9743702355407645,0.9706175815389678,0.9761313064799039,0.9691684542558301,3148
2026-07-06 06:00:00,0.9794619013544045,0.9745097168652878,0.9803845488350149,0.9725569860629785,1741
2026-07-06 07:00:00,0.9755806429913763,0.9794792744587203,0.9812145044179045,0.9742147932608868,3096
2026-07-06 08:00:00,0.9742589534205496,0.9754318259058667,0.9775320018237688,0.9727876259158221,1247
2026-07-06 09:00:00,0.977690497886953,0.9745452308584087,0.9789287429204123,0.9728017356815926,4482
2026-07-06 10:00:00,0.9772046904952617,0.9779614813004094,0.9795409090467024,0.9760620102431596,4761
2026-07-06 11:00:00,0.9753544949882622,0.9769012766223135,0.9782476660256474,0.9739214700907136,118
2026-07-06 12:00:00,0.9791402780652725,0.9753804594953898,0.9808519354941222,0.9736453830685782,612
2026-07-06 13:00:00,0.9832782275829444,0.9792443574591856,0.9844008134879706,0.9778322816121829,599
2026-07-06 14:00:00,0.9815920697429238,0.9833432636734962,0.984776842254534,0.9802619361416673,995
2026-07-06 15:00:00,0.9823884442228786,0.9818153955590313,0.9841924572497073,0.9800131367371212,3955
2026-07-06 16:00:00,0.9778566637382378,0.9825802458263935,0.984032694310025,0.9759788517054403,1310
2026-07-06 17:00:00,0.9744986103239427,0.9778954274447688,0.9788810467347187,0.9725807581060033,2959
2026-07-06 18:00:00,0.9749642299444429,0.9748316245094395,0.9767898465896433,0.9735666058793514,1333
2026-07-06 19:00:00,0.9750820053978673,0.9751012552723596,0.9761847734435681,0.9737888465719784,406
2026-07-06 20:00:00,0.9714562200538774,0.9750307978282936,0.9765109281903213,0.9701364715183711,511
2026-07-06 21:00:00,0.9687713178361566,0.9713759552777756,0.9729984469795192,0.9671093362191041,4718
2026-07-06 22:00:00,0.9647774014488232,0.9689512500038094,0.9704331047695596,0.9636766283906896,2834
2026-07-06 23:00:00,0.9664838759122477,0.9646624448276815,0.9686693193513296,0.9635433540092541,3286
2026-07-07 00:00:00,0.9591052289246531,0.9664249285932999,0.9680747277205711,0.9578721087039254,1021
2026-07-07 01:00:00,0.9553118143138024,0.9590708990459105,0.9604458745290879,0.9541477351146097,2481
2026-07-07 02:00:00,0.9483257835094312,0.9553624056062279,0.9569563505128504,0.9466516963303885,3322
2026-07-07 03:00:00,0.9498971107738986,0.9482982186784263,0.9513817841789004,0.946640561217019,3919
2026-07-07 04:00:00,0.9431368599611935,0.9497107982045037,0.9511380574229903,0.941858442068462,3318
2026-07-07 05:00:00,0.9432558444557018,0.9433012807368809,0.9447851506121521,0.941895820461843,3020
2026-07-07 06:00:00,0.9494040595147546,0.9431982537978789,0.9507045284230351,0.9424975176034239,3159
2026-07-07 07:00:00,0.9556794369445205,0.9496936211048072,0.957173995822544,0.9483912482156673,1929
2026-07-07 08:00:00,0.9489072835600999,0.9557227056943233,0.9570021673528321,0.9471298036710694,3525
2026-07-07 09:00:00,0.950026319566216,0.9490878656294799,0.9509109281399665,0.9478086988786188,1553
2026-07-07 10:00:00,0.9463176772047893,0.9501158688766266,0.9518590429904911,0.9452083592416798,3626
2026-07-07 11:00:00,0.9418434170708758,0.9465034637686417,0.9477564599000581,0.9400417953840631,2321
2026-07-07 12:00:00,0.941417904741913,0.9419239561723042,0.9433760143159501,0.9403205353667538,2927
2026-07-07 13:00:00,0.9460239965804123,0.9414512760459436,0.9472272192248914,0.9395934570322308,2428
2026-07-07 14:00:00,0.9482727173587386,0.9461794991898613,0.949487387525829,0.9439355315249719,2885
2026-07-07 15:00:00,0.9455909388769278,0.9486253242646174,0.9497489730587949,0.9442035803181376,3588
2026-07-07 16:00:00,0.9482348163672153,0.9455525642493476,0.9499269310492794,0.9437763938812636,1476
2026-07-07 17:00:00,0.939820910122659,0.948346879717978,0.9500920486534987,0.9388817284162334,2417
2026-07-07 18:00:00,0.9369973633785343,0.9398201729508745,0.9412329591815278,0.9360733738122002,2075
2026-07-07 19:00:00,0.9339077700859046,0.9370682552462384,0.9383187602541626,0.9327301294236127,189
2026-07-07 20:00:00,0.9342014726799256,0.9339136777738908,0.9351282743247054,0.9322818838016731,4275
2026-07-07 21:00:00,0.9334408678162006,0.9338993538711613,0.935522261565338,0.9320402181222314,3454
2026-07-07 22:00:00,0.932910351215126,0.9334128543770276,0.9346228697759483,0.9315631545343828,321
2026-07-07 23:00:00,0.9322551529772279,0.9330501272702225,0.9341360383939593,0.9312177867272414,441
2026-07-08 00:00:00,0.932339180130937,0.9321481381598626,0.9337458739314572,0.9307852493875758,4639
2026-07-08 01:00:00,0.9343646712570303,0.9324682551040159,0.9356725596914495,0.9312471185413495,4247
2026-07-08 02:00:00,0.9349246626049142,0.9343904203674406,0.9359012697057686,0.933246772584196,3673
2026-07-08 03:00:00,0.9338583432926472,0.9348978388504293,0.9359118071295791,0.93273977569531,3570
2026-07-08 04:00:00,0.9353648993419151,0.9339854334801488,0.9368623838922041,0.9325285261689439,4222
2026-07-08 05:00:00,0.938462862630613,0.9354607677637023,0.9396859543342299,0.9342558735728308,3029
2026-07-08 06:00:00,0.9363777655404031,0.9385219312696379,0.9400698363531551,0.934975029720692,128
2026-07-08 07:00:00,0.9361550053003805,0.9365204215493609,0.9379658068621088,0.935247594128611,2325
2026-07-08 08:00:00,0.9405121549118053,0.9361836577661128,0.9422184909297994,0.9346309271597453,1722
2026-07-08 09:00:00,0.9363768023720527,0.9402811508436643,0.9414519556413674,0.9349046176521096,943
2026-07-08 10:00:00,0.9431444356080124,0.9363233089824303,0.9446249982186479,0.9349740567170202,4311
2026-07-08 11:00:00,0.938122604452739,0.9428905230029616,0.9444773408558232,0.9366699637331185,3309
2026-07-08 12:00:00,0.9368274871607212,0.9382149800684817,0.9394442239731023,0.9351596995730378,4519
2026-07-08 13:00:00,0.9332642746724361,0.936952945854668,0.9386684358253106,0.9322700150517732,636
2026-07-08 14:00:00,0.9414690009106963,0.9333972621927946,0.9424105797740024,0.9319662210781999,4879
2026-07-08 15:00:00,0.9395814383025195,0.9415379325558416,0.9427125199433064,0.9385399515978795,3062
2026-07-08 16:00:00,0.9377032839655375,0.9397175822883886,0.9406448711289829,0.936272083859274,2884
2026-07-08 17:00:00,0.9363129761907628,0.9374818548409487,0.9386796215193216,0.9349812172420755,998
2026-07-08 18:00:00,0.9366714867203652,0.936297862960479,0.9380330556073359,0.93489985593166,3159
2026-07-08 19:00:00,0.9354398300494733,0.9364729514045494,0.9381094568170112,0.9337985785023062,3024
2026-07-08 20:00:00,0.9349415045321393,0.935389577465376,0.9367484335077112,0.9333095146321313,3538
2026-07-08 21:00:00,0.9217069672083003,0.935164961105005,0.9363828935243801,0.9200239185607343,840
2026-07-08 22:00:00,0.9219213165933071,0.921858149007676,0.9228757201122106,0.9205848957774148,3216
2026-07-08 23:00:00,0.921988091423882,0.9220129094819911,0.9230600541435486,0.9204106147814651,562
2026-07-09 00:00:00,0.9258827244141785,0.9219628675690722,0.9273577127999766,0.9204333171924514,448
2026-07-09 01:00:00,0.9307917029702263,0.925743999946957,0.9324340257581577,0.9244514679290379,2407
2026-07-09 02:00:00,0.930087797740007,0.9308177957952054,0.9320959535273604,0.9286599633776981,681
2026-07-09 03:00:00,0.9331486567962843,0.9302432615890972,0.9348873967540792,0.9288805434298794,3577
2026-07-09 04:00:00,0.9290177738696163,0.9332057734810629,0.9343345530976316,0.9272354849651707,2464
2026-07-09 05:00:00,0.9318953076547266,0.9287961191987414,0.9331839677251754,0.9271717651856523,1268
2026-07-09 06:00:00,0.929748523407972,0.9319098969287954,0.9332191281936827,0.9284475817449184,1435
2026-07-09 07:00:00,0.9253059079024842,0.9294829613259907,0.9312954728720282,0.9240304966224951,2538
2026-07-09 08:00:00,0.924609950359219,0.9254174413585854,0.9268414310517031,0.9229574092546411,3031
2026-07-09 09:00:00,0.9298617220362106,0.9245132901525187,0.9307548264761493,0.9227447017148992,4014
2026-07-09 10:00:00,0.9305404927989513,0.9296909974376848,0.9322019693980068,0.9282071012497977,2906
2026-07-09 11:00:00,0.9361523233527452,0.93065534895249,0.9380749726546547,0.9290661632793901,2792
2026-07-09 12:00:00,0.933344575675936,0.9362306371932586,0.9375607258122829,0.9315796776016015,3072
2026-07-09 13:00:00,0.937274017317991,0.9333772489023043,0.9384276847575697,0.93202048451386,3025
2026-07-09 14:00:00,0.9348284171783524,0.9375813479486639,0.9392259702917326,0.9334027653373543,1809
2026-07-09 15:00:00,0.9356733996964369,0.9349175400466918,0.9376282828471438,0.9333774043266216,1178
2026-07-09 16:00:00,0.9364859603039097,0.9355828007299553,0.9381291368558579,0.9342985970662413,2676
2026-07-09 17:00:00,0.9389665543061254,0.936559087563875,0.9399178195325862,0.9346720338073881,710
2026-07-09 18:00:00,0.9399068316307929,0.9389262213987104,0.9415294910564319,0.9376398656546734,1284
2026-07-09 19:00:00,0.9371348896139611,0.9400849002141018,0.9416042416022404,0.9357119572184265,830
2026-07-09 20:00:00,0.9404360406843082,0.9371745257777482,0.9415773641168269,0.9352232029734415,2501
2026-07-09 21:00:00,0.9469297529130284,0.9404900047839225,0.9487162735317224,0.9395985013928396,4866
2026-07-09 22:00:00,0.944740490079568,0.9467253533372199,0.9482667024960766,0.9432621719313276,4387
2026-07-09 23:00:00,0.937858369792899,0.9447491209490456,0.9465258819803257,0.936637437455489,524
2026-07-10 00:00:00,0.9397308181742258,0.9378504385793095,0.9408411638461814,0.9364407946185027,4124
2026-07-10 01:00:00,0.9384888916965302,0.9395866362316596,0.9411066441142071,0.9374206698497215,842
2026-07-10 02:00:00,0.9379972559866978,0.9384577265285657,0.9396128434862522,0.9366946250121461,4561
2026-07-10 03:00:00,0.9400829225706892,0.9380587025013001,0.9415628952036338,0.9366415903376882,1107
2026-07-10 04:00:00,0.9383714509588431,0.940082310339712,0.941905723372895,0.9368968039601053,717
2026-07-10 05:00:00,0.9373632560663043,0.9381729034041241,0.9391778268173943,0.9357053478755228,3960
2026-07-10 06:00:00,0.9369878078777921,0.9373248559400624,0.9383455164326305,0.9362355489571939,4182
2026-07-10 07:00:00,0.9424993851452359,0.9369216409164067,0.9441832945115013,0.9355434813891912,2049
2026-07-10 08:00:00,0.9426121461606618,0.9425267463748243,0.944022070690147,0.941162228178681,2778
2026-07-10 09:00:00,0.9379783702326057,0.9426241803146129,0.9443607337415558,0.9365894901785828,3975
2026-07-10 10:00:00,0.9334938259283265,0.9379207344947827,0.9390948966277172,0.9320845464716494,4279
2026-07-10 11:00:00,0.9340159381345501,0.9334306869024928,0.9354313058906144,0.9322622660448735,2152
2026-07-10 12:00:00,0.9297805831319589,0.9340253134731085,0.9356119269924417,0.9288174224964685,3944
2026-07-10 13:00:00,0.9239219450559932,0.9299140404354355,0.9313581859235494,0.9224758854098017,3994
2026-07-10 14:00:00,0.9263052050219958,0.9239606609809704,0.9271975850412261,0.922847497320547,3985
2026-07-10 15:00:00,0.9288720740327532,0.9265034824253471,0.931051931952727,0.9249979457645895,4487
2026-07-10 16:00:00,0.9274915620306512,0.92902972779341,0.9304800438860691,0.9263610986468515,4196
2026-07-10 17:00:00,0.9285927843724701,0.9277000333156227,0.9296122630589251,0.9261141671485628,2291
2026-07-10 18:00:00,0.9292982405382032,0.9287835638627859,0.9307797835212049,0.9274047981907186,1642
2026-07-10 19:00:00,0.9315573132355873,0.9295166370960839,0.9330745811665372,0.9281151208671052,4933
2026-07-10 20:00:00,0.9338251253753616,0.9313957881761528,0.9355043083054189,0.9300640633908895,2287
2026-07-10 21:00:00,0.9240534181721345,0.9339148638451292,0.9355579633968767,0.9227800787169601,4671
2026-07-10 22:00:00,0.9231515470778255,0.9242221223476165,0.9255476263913581,0.9218313434361418,4986
2026-07-10 23:00:00,0.9250936877834935,0.9233456817794985,0.9260034028002235,0.921630100071318,175
2026-07-11 00:00:00,0.9235544755670972,0.9249869176621192,0.926500077543335,0.9225942669048334,790
2026-07-11 01:00:00,0.9236902354643216,0.9236455579628767,0.9246206457159318,0.9224396257717079,2864
2026-07-11 02:00:00,0.9265053603956144,0.9237006868707408,0.9282328976279208,0.9220172283384476,530
2026-07-11 03:00:00,0.92680883002031,0.926762141155644,0.9279953052995283,0.9251439959678355,3319
2026-07-11 04:00:00,0.9324635278349408,0.9266147901939772,0.9340398463327997,0.9248402569813823,155
2026-07-11 05:00:00,0.936689726280995,0.9323554399878228,0.9379103728949885,0.9309670528999358,4231
2026-07-11 06:00:00,0.9362451107073522,0.9364354467211097,0.9377016145922837,0.9352110161303923,2198
2026-07-11 07:00:00,0.9355024375671342,0.9362654040407069,0.9374438649323051,0.9344101005184756,3399
2026-07-11 08:00:00,0.9248137221726291,0.9358164821490084,0.9374023753389655,0.9235093772380495,2379
2026-07-11 09:00:00,0.9235893389342896,0.9248075791557069,0.9260208023299569,0.9219931835203399,3472
2026-07-11 10:00:00,0.9185145805866252,0.9236032590212692,0.9251928032707448,0.9172069864965611,3433
2026-07-11 11:00:00,0.9193441913691275,0.918590459409271,0.9205590522164645,0.9173029219673708,1519
2026-07-11 12:00:00,0.9199174565358275,0.9193281447220494,0.921233467013559,0.9178387243039015,4021
2026-07-11 13:00:00,0.9225269156209279,0.9199681068639992,0.9239205488786688,0.918576644351077,4120
2026-07-11 14:00:00,0.9277644298907336,0.9225814976262965,0.9291988895999247,0.9213124795740283,1674
2026-07-11 15:00:00,0.9276659195294638,0.9276467707773568,0.9288002125496041,0.9265339927268343,410
2026-07-11 16:00:00,0.9362174806991758,0.9276527123031605,0.9378194820275223,0.9259824198683578,2296
2026-07-11 17:00:00,0.9370891736187504,0.9363217692961205,0.9384185266694984,0.9346215672065846,3321
2026-07-11 18:00:00,0.9321758621423131,0.9372190130550537,0.9387693801898824,0.931073383399496,3912
2026-07-11 19:00:00,0.9300680926106502,0.9323570163861074,0.9337475905062659,0.9287853267964917,1089
2026-07-11 20:00:00,0.9286702924844958,0.9301148190371875,0.9316712111704851,0.9270914676975509,2452
2026-07-11 21:00:00,0.930890769301321,0.9287199721296628,0.9321722311844061,0.92764134772445,3851
2026-07-11 22:00:00,0.9273385821754611,0.9309951206067126,0.93216646104803,0.9258459813581419,2675
2026-07-11 23:00:00,0.9262211726149259,0.9272559488607635,0.9287638901600186,0.9249225619930607,3972
2026-07-12 00:00:00,0.9256172715619405,0.9261328994042131,0.9273842227417649,0.9245667211142468,3402
2026-07-12 01:00:00,0.9239368185332322,0.9255999757616064,0.9273902289427955,0.9220582677213697,956
2026-07-12 02:00:00,0.9269796262145311,0.9237595312186497,0.928388910569211,0.922464012574412,1131
2026-07-12 03:00:00,0.9293845814212762,0.927036351310039,0.930395668774366,0.9254960894793678,3988
2026-07-12 04:00:00,0.933759208177916,0.9295315199229871,0.9349958417226595,0.9284449523854961,3547
2026-07-12 05:00:00,0.932517863748749,0.933659888920488,0.9347791049156532,0.9306848115847859,4203
2026-07-12 06:00:00,0.9370273421274287,0.9325790257520731,0.9387344894105497,0.9306260584548836,1541
2026-07-12 07:00:00,0.9319123530550147,0.9369393978777192,0.938553528017524,0.9309344542874927,359
2026-07-12 08:00:00,0.9267059119263028,0.931771043075872,0.9331441311887745,0.9253616027831826,1264
2026-07-12 09:00:00,0.9221541556034607,0.9269902435500927,0.9284537225848045,0.9204035688401551,2207
2026-07-12 10:00:00,0.922188699450831,0.9220155183926232,0.9235477254025856,0.9207618302043833,697
2026-07-12 11:00:00,0.9266976173879976,0.9220108681262384,0.9283268635731892,0.9205070328009494,1044
2026-07-12 12:00:00,0.924439584585599,0.9267273910998663,0.9282582163611287,0.9235189385983508,808
2026-07-12 13:00:00,0.9226519843169824,0.924476747366839,0.9260544755350569,0.921486204981049,719
2026-07-12 14:00:00,0.9218419169845723,0.9227442467003986,0.9240739540760351,0.9203747934788455,1973
2026-07-12 15:00:00,0.923990022447276,0.922119284197685,0.9252009409935098,0.9208966962295364,4037
2026-07-12 16:00:00,0.9221989275596963,0.9238825222049539,0.9254498167354241,0.9209153747435238,1957
2026-07-12 17:00:00,0.9201986139675095,0.9221190860432107,0.9239276463357655,0.9192367048269359,1536
2026-07-12 18:00:00,0.9151533817299181,0.9204194595362204,0.9220958403668408,0.9136010803487671,2787
2026-07-12 19:00:00,0.913009427563004,0.9152819960576514,0.9170847309913448,0.9120068276962736,3255
2026-07-12 20:00:00,0.9174249091365114,0.9131195297452936,0.9188456421164853,0.9113193512411935,1811
2026-07-12 21:00:00,0.9177658816683057,0.9173437049320013,0.9188754630717856,0.9161550214614302,118
2026-07-12 22:00:00,0.914991427254876,0.9179204083787644,0.9190510119105932,0.9133991491683058,1558
2026-07-12 23:00:00,0.9196269671526095,0.9151022215420248,0.9213870144932399,0.9135290512595733,489
2026-07-13 00:00:00,0.9174324165198838,0.9196530502976962,0.9205167367190681,0.9163273907201401,809
2026-07-13 01:00:00,0.9227572499429431,0.9173514545632458,0.9245579433657255,0.9161267039187541,3090
2026-07-13 02:00:00,0.9280207761100684,0.9227721022966218,0.9291935248730381,0.9215074248502032,977
2026-07-13 03:00:00,0.9282308197089734,0.9282503025604348,0.9301782537440825,0.9269469798957245,1914
2026-07-13 04:00:00,0.9226112589813296,0.9280794236641462,0.9294437991502454,0.9215865151036677,2023
2026-07-13 05:00:00,0.9311968862888761,0.9224995434210539,0.9327955383282519,0.9209536068796188,4410
2026-07-13 06:00:00,0.9326491714998681,0.931109058375736,0.9347154687213175,0.9299027926257625,852
2026-07-13 07:00:00,0.931434595157166,0.9325917735442987,0.9338966721120089,0.930069346963132,502
2026-07-13 08:00:00,0.9350200748375724,0.9314323880394947,0.9363252881474607,0.9297475697113191,2721
2026-07-13 09:00:00,0.9376537102889025,0.9351548959897478,0.9388647352884161,0.9335875711233338,3156
2026-07-13 10:00:00,0.9425697291009767,0.9377189475354271,0.9437003085192281,0.9364807801687721,2560
2026-07-13 11:00:00,0.9400859248934271,0.9425783084732618,0.9438954183999777,0.9383822262840958,3544
2026-07-13 12:00:00,0.9412802001913311,0.9401250341644785,0.9425354422762195,0.9385251760409459,4332
2026-07-13 13:00:00,0.9368331868279126,0.9413678865073234,0.9424217516227468,0.9356263146840476,3094
2026-07-13 14:00:00,0.9393319408119423,0.9365962348113606,0.9406816252348055,0.9353320953600095,2734
2026-07-13 15:00:00,0.9392458956758403,0.9394829129700387,0.9410185198703331,0.9375551110147052,3435
2026-07-13 16:00:00,0.9402996803839159,0.9391293343019311,0.9414574040358475,0.9374992280992245,1147
2026-07-13 17:00:00,0.9397508689195141,0.9402371619954125,0.9416009895952475,0.9387648537163363,1321
2026-07-13 18:00:00,0.9388096608423078,0.9397988095148502,0.9416031560027356,0.9376846643733302,1914
2026-07-13 19:00:00,0.9355537939397526,0.9387990789110366,0.9398039952785217,0.9339552938653356,3859
2026-07-13 20:00:00,0.9385179072448184,0.9356223428805349,0.940469555398283,0.9345452174834685,4274
2026-07-13 21:00:00,0.9441042973825988,0.9385379922969139,0.945329549263139,0.936893852269326,2817
2026-07-13 22:00:00,0.942016791036686,0.9440634140017087,0.9455332156992772,0.9400567026758666,3137
2026-07-13 23:00:00,0.9440925679303276,0.9422332844205666,0.9458710013135944,0.9407114195873396,3961
2026-07-14 00:00:00,0.9457132565228035,0.9441930119743439,0.9475813258706648,0.9430363067848466,1286
2026-07-14 01:00:00,0.9457436233153617,0.9457561153528645,0.9473080297682007,0.94427492912967,696
2026-07-14 02:00:00,0.940018889315244,0.9458412705751067,0.9470554444174469,0.9383170942462046,3757
2026-07-14 03:00:00,0.9351378992485793,0.9399199522642308,0.9411030481663656,0.933707443933638,722
2026-07-14 04:00:00,0.9322092169317608,0.9354420005879459,0.9366795384099474,0.9306755920562679,873
2026-07-14 05:00:00,0.9241879492183661,0.9320584397526065,0.9339685301155696,0.9230233096539212,2038
2026-07-14 06:00:00,0.9294680644555122,0.9242037272164333,0.9307554300986124,0.923011313604904,3949
2026-07-14 07:00:00,0.9308469515649361,0.9294280716012673,0.9323335962694376,0.9277787810644047,2010
2026-07-14 08:00:00,0.9307345976334395,0.9308016600124592,0.9319063236200072,0.9295373180239653,682
2026-07-14 09:00:00,0.9225212133111851,0.9306717384093409,0.9317354946968732,0.9218531796601735,729
2026-07-14 10:00:00,0.9198825682851606,0.9224147309245316,0.9238018381010122,0.9185872814312845,1340
2026-07-14 11:00:00,0.9194297586193362,0.9200464578631392,0.9213360286171866,0.9179639496249107,497
2026-07-14 12:00:00,0.921344346577917,0.9192632667029719,0.9226567908221852,0.9175886743556476,1707
2026-07-14 13:00:00,0.9200559735428693,0.9214800866539687,0.9224519225078964,0.9182216278785726,495
2026-07-14 14:00:00,0.9206425311601643,0.9201455342561162,0.9220031983042052,0.918741176948767,4243
2026-07-14 15:00:00,0.9196166482709544,0.9205899900862836,0.9223968354500618,0.918055520704485,356
2026-07-14 16:00:00,0.919232935382101,0.9196900867944875,0.92083369401022,0.9178208208647813,1068
2026-07-14 17:00:00,0.9202405560007726,0.9192111396201255,0.9218686737171411,0.9177330298732373,262
2026-07-14 18:00:00,0.9193754140445728,0.9200887202770227,0.9205122682409462,0.918047889134247,1528
2026-07-14 19:00:00,0.9180972881549102,0.9192252454173828,0.9203814020651915,0.9166137049614262,4058
2026-07-14 20:00:00,0.9193489728198599,0.9181876750776466,0.9202011015732989,0.917009967758996,2927
2026-07-14 21:00:00,0.9189536422051963,0.9194321707919515,0.9211514054291873,0.9170293297063592,4681
2026-07-14 22:00:00,0.9198130883138996,0.918987032995158,0.9214353013223122,0.9182671580771615,3121
2026-07-14 23:00:00,0.918540789641838,0.9197591447272191,0.9208519327220722,0.9170056636593577,2185
2026-07-15 00:00:00,0.9197787986925913,0.9185145164087526,0.9212382881878168,0.9170466740712596,4796
2026-07-15 01:00:00,0.9196571514220329,0.9197338890992182,0.9214449230275248,0.9181752301130401,1015
2026-07-15 02:00:00,0.9197288965734904,0.9194161441717595,0.9214829644428756,0.9183629122329362,652
2026-07-15 03:00:00,0.9194368517472055,0.9197373443478267,0.9210045699591094,0.9185205811476568,1709
2026-07-15 04:00:00,0.9183802817688097,0.9195088235836029,0.9202778230180556,0.9168358117815631,4655
2026-07-15 05:00:00,0.9179282623962157,0.9183895907728875,0.9195190445974492,0.9161820871913677,4110
2026-07-15 06:00:00,0.9169471541106284,0.9181715948409878,0.9197577698039396,0.9155111518283581,2731
2026-07-15 07:00:00,0.9176486093858022,0.9168088788523417,0.9196028964958476,0.9152107195356465,4653
2026-07-15 08:00:00,0.9169549407853198,0.9175576790378656,0.9189181673754638,0.9157055377579878,3267
2026-07-15 09:00:00,0.9147091321119671,0.9169731918388342,0.9181787359083154,0.9132460803592831,1269
2026-07-15 10:00:00,0.91224382362998,0.9147424883270178,0.9167674948717781,0.9105400276902172,127
2026-07-15 11:00:00,0.9097217618471956,0.9119843880009804,0.9134597017913849,0.9084427514902402,249
2026-07-15 12:00:00,0.9100133267562602,0.90980403132898,0.9110431611721357,0.9081153055565069,4261
2026-07-15 13:00:00,0.9081815215826121,0.9100471542710376,0.9113770296424112,0.9072645957994669,1612
2026-07-15 14:00:00,0.9080916245136184,0.9078928311354099,0.9097261697267104,0.9066976925709578,2167
2026-07-15 15:00:00,0.9078055139346081,0.9080757321159452,0.9094182745650768,0.9062951299631927,1988
2026-07-15 16:00:00,0.9072778636207164,0.9076954781609071,0.9092726066888721,0.9053990334234715,533
2026-07-15 17:00:00,0.9073539498647752,0.9072161649225503,0.9082780878573706,0.9058512485497799,114
2026-07-15 18:00:00,0.9070939141092839,0.9071718824030384,0.9081422440832656,0.9060146313327603,3662
2026-07-15 19:00:00,0.9033922384179467,0.9071503113525885,0.9083062407362252,0.901527615468182,3438
2026-07-15 20:00:00,0.9025538881289284,0.9036307531362913,0.9049081755463114,0.9012342121957546,1204
2026-07-15 21:00:00,0.9026140118898046,0.9025897702276575,0.9040583609731312,0.9010558375919173,710
2026-07-15 22:00:00,0.9041323512627106,0.9023211565360236,0.9056612644508092,0.9010556672904558,2627
2026-07-15 23:00:00,0.9057061004026097,0.9041711511737001,0.907734731850508,0.9027739339775914,501
2026-07-16 00:00:00,0.9036203197863074,0.9056797184674622,0.9068349364694643,0.9024172714466043,1521
2026-07-16 01:00:00,0.9027506494271321,0.903471228819191,0.904740318661475,0.9007850966969232,3623
2026-07-16 02:00:00,0.9004213116506825,0.9027984109922459,0.9039570762219105,0.898748896540566,950
2026-07-16 03:00:00,0.9017951737408146,0.9005403167885604,0.903439882661218,0.898709278611471,3876
2026-07-16 04:00:00,0.9025606011905929,0.9017046703589782,0.9042214797768701,0.9005643198314822,4431
2026-07-16 05:00:00,0.9025313066548287,0.9023380731423629,0.9037638966786095,0.9014784184058785,1001
2026-07-16 06:00:00,0.902280620488341,0.9022590427233517,0.904193206148449,0.9009849198950187,3361
2026-07-16 07:00:00,0.9034873778087604,0.9021904047763936,0.9046504644868082,0.9001530935015418,3865
2026-07-16 08:00:00,0.9044909680424726,0.9034662800862437,0.9061271699217653,0.9021968830310212,2645
2026-07-16 09:00:00,0.90543062167846,0.9044208869567316,0.9071838583909733,0.902777044685161,1557
2026-07-16 10:00:00,0.9055286375101987,0.9053378119530995,0.9065170456178261,0.9042579266960711,4918
2026-07-16 11:00:00,0.9046595635507817,0.9056057008709516,0.9071194583892129,0.9035275649307679,1609
2026-07-16 12:00:00,0.9051301133492028,0.9047224012195231,0.9057478521495657,0.9033863727649438,1312
2026-07-16 13:00:00,0.9056593636355089,0.9051572278943223,0.9072417893722132,0.9032255396040737,699
2026-07-16 14:00:00,0.9049805986719985,0.9057701994760915,0.9068285908055628,0.9033244209619848,4540
2026-07-16 15:00:00,0.9041090999693975,0.9048915926544927,0.9064016726370379,0.9033098279033269,1209
2026-07-16 16:00:00,0.9050190758928673,0.9039605104212841,0.9065815882506856,0.9024219605829824,753
2026-07-16 17:00:00,0.9065660152233909,0.9049480463992181,0.9082305080895988,0.9039006185695097,289
2026-07-16 18:00:00,0.9052167402862932,0.9064857266482652,0.908085303109897,0.9040440034492672,1525
2026-07-16 19:00:00,0.9044506882757556,0.904938446762237,0.9063102890739688,0.9029555253573435,3392
2026-07-16 20:00:00,0.9044218079675013,0.9043766746494531,0.9056752073032197,0.9026406092114103,3449
2026-07-16 21:00:00,0.9045557267647996,0.9045717178020377,0.9059083646038457,0.9028327473948069,4271
2026-07-16 22:00:00,0.90347888713371,0.9046642598897373,0.9057169930784982,0.9020337997668635,3374
2026-07-16 23:00:00,0.905289111890123,0.9035502036178265,0.9065895539192236,0.9020984048352301,336
2026-07-17 00:00:00,0.9053456262087771,0.9053069858630892,0.9066246906379691,0.9035833312622303,4229
2026-07-17 01:00:00,0.9055332862989418,0.9055424300853608,0.9066866025898958,0.9046029986440076,1351
2026-07-17 02:00:00,0.907193947196756,0.9053890196143564,0.9080808581330452,0.9035308990308113,4788
2026-07-17 03:00:00,0.9062050732464625,0.9070627975118467,0.908074955325321,0.9050458507331971,1796
2026-07-17 04:00:00,0.9056489549947317,0.9063578057724208,0.906860410634765,0.904219674218996,180
2026-07-17 05:00:00,0.9036949683199058,0.9056526969556878,0.9069247707451985,0.9024739642783312,2023
2026-07-17 06:00:00,0.9030381477532016,0.9036040533776251,0.9050562738087433,0.901996766680399,2305
2026-07-17 07:00:00,0.9008014347244792,0.9031127239275478,0.9037389882248608,0.8993254921632013,4138
2026-07-17 08:00:00,0.9012488539495109,0.9007421595474717,0.9026647289076477,0.8993263330096279,2805
2026-07-17 09:00:00,0.9013028500495949,0.9011356243321021,0.9026216884315299,0.8998121673710185,310
2026-07-17 10:00:00,0.9005203668811487,0.9011859600097942,0.9022188328010345,0.8992108298657605,334
2026-07-17 11:00:00,0.8999498584317672,0.9005637736264388,0.9017972794944311,0.8981879508924671,3109
2026-07-17 12:00:00,0.900413618129994,0.8999776562931655,0.9020480860712938,0.8980347069366952,511
2026-07-17 13:00:00,0.8986006628257261,0.9006180605774724,0.9017033394910041,0.8969150041070824,2708
2026-07-17 14:00:00,0.8983956642666692,0.8985615705875166,0.89993041592329,0.8969733039766751,4494
2026-07-17 15:00:00,0.8987850760344197,0.8983542550655654,0.9002267082165294,0.8974475427396931,4208
2026-07-17 16:00:00,0.8961963471415311,0.8989786051811118,0.9001018419464408,0.894683436227392,3194
2026-07-17 17:00:00,0.8965682727483735,0.8963289020879794,0.8981843202956796,0.89480346549222,1598
2026-07-17 18:00:00,0.8941093977924596,0.8965877059886412,0.8980371934805138,0.8925613368894685,2624
2026-07-17 19:00:00,0.8935182844118378,0.8939001787809857,0.8951729300987643,0.8924838531855155,598
2026-07-17 20:00:00,0.8916722150869235,0.8934096981590307,0.8953793772415745,0.8901073132384865,3722
2026-07-17 21:00:00,0.8929397109820715,0.8915310286213645,0.8945503719976586,0.8897732983578049,739
2026-07-17 22:00:00,0.8911011657170886,0.8929445833152047,0.8938304730845333,0.8900271987313736,352
2026-07-17 23:00:00,0.8886709378467301,0.8910334035208378,0.8922626600649288,0.8871554009271105,3189
2026-07-18 00:00:00,0.8883809604166457,0.8888845363749541,0.8908745033142497,0.8872647390492894,2905
2026-07-18 01:00:00,0.8874345168406207,0.8881717782729631,0.8892414435250521,0.8861311248179352,2774
2026-07-18 02:00:00,0.885178990566224,0.8872803178128725,0.8886257014826556,0.8841031505366342,2429
2026-07-18 03:00:00,0.8853599688052097,0.8852114782462265,0.8870149704356763,0.8839765902854098,3002
2026-07-18 04:00:00,0.8825201699302702,0.8854289954798966,0.8869254818223212,0.8812871900553897,2258
2026-07-18 05:00:00,0.8808266807631704,0.8821783471374288,0.8837100525936098,0.8793964979104215,771
2026-07-18 06:00:00,0.8796864188386655,0.8805976882509505,0.8821118726120696,0.878131918370929,2892
2026-07-18 07:00:00,0.8801990857092516,0.8796516152792117,0.8815260895342515,0.8780101731233294,308
2026-07-18 08:00:00,0.8813036477496674,0.8803783486390919,0.8824161223519468,0.8792287671801984,412
2026-07-18 09:00:00,0.8821769864464605,0.8815534486309953,0.8836153136156737,0.8801349428353393,2875
2026-07-18 10:00:00,0.8815430578979058,0.8821221768387151,0.8833379719437129,0.8805111670717155,3549
2026-07-18 11:00:00,0.8781802880041516,0.881520579076139,0.8827110355672846,0.8768921787878607,497
2026-07-18 12:00:00,0.8781993116296138,0.8780700477643555,0.8799071823342963,0.8767414883005646,1944
2026-07-18 13:00:00,0.8795140001166833,0.8782828487136634,0.8807327437242843,0.8772069929378148,4655
2026-07-18 14:00:00,0.8805445486060597,0.8797158908756347,0.8823160625764839,0.8782473787963126,3928
2026-07-18 15:00:00,0.8806500874177522,0.8807104658218855,0.8820992773432457,0.8793702618815423,4036
2026-07-18 16:00:00,0.8787726841005461,0.8806462646758186,0.8819224672982227,0.8774138284434971,3315
2026-07-18 17:00:00,0.877692315696192,0.8786622881754363,0.8795002486614671,0.8760533547053868,981
2026-07-18 18:00:00,0.8795628929746868,0.8776933971633156,0.8814416012451752,0.8764869033886054,1998
2026-07-18 19:00:00,0.8774128175330899,0.8797446209675992,0.8810591688646102,0.875872905848093,3029
2026-07-18 20:00:00,0.8755854080593094,0.8773602144940412,0.878077114110235,0.8738930210189966,3366
2026-07-18 21:00:00,0.8762664699207078,0.8753467881212686,0.8778405228814669,0.8736691925693867,746
2026-07-18 22:00:00,0.8752990788269411,0.8762192025555381,0.8775189713197263,0.8740355325778937,4856
2026-07-18 23:00:00,0.8734309726802956,0.8752625223666504,0.876328634277018,0.8723756922030657,4687
2026-07-19 00:00:00,0.8748145380947632,0.873191977963843,0.8763711437385855,0.872066073717345,279
2026-07-19 01:00:00,0.8749178052685374,0.874844990133751,0.8755612025699309,0.8739490784657458,2988
2026-07-19 02:00:00,0.8740096438712848,0.8749841432118667,0.8761079198517286,0.8725187533137867,801
2026-07-19 03:00:00,0.8721847140682053,0.8742529693575527,0.8754829061715825,0.8706806963092413,1657
2026-07-19 04:00:00,0.8741916019448372,0.8720100011562607,0.8757263820117474,0.8706679250789903,4443
2026-07-19 05:00:00,0.8737122597623413,0.8742873417744177,0.8761851107359362,0.872762395410098,3433
2026-07-19 06:00:00,0.8749390534373047,0.8738391481683822,0.8761872146793719,0.8726226200422805,1826
2026-07-19 07:00:00,0.8755614136908361,0.8750072974428357,0.8769955686281982,0.8733314048255912,112
2026-07-19 08:00:00,0.8744863318168402,0.8754293485508201,0.877462106448042,0.873014659472918,4198
2026-07-19 09:00:00,0.8734208024788525,0.8743468124494289,0.8756581848211128,0.8719054920998692,1510
2026-07-19 10:00:00,0.8747063803563732,0.8734335552717584,0.8761413009373819,0.871253421521722,3067
2026-07-19 11:00:00,0.8760114011555171,0.8747182298550964,0.8770002380515349,0.8733179936088803,1247
2026-07-19 12:00:00,0.8733091019841722,0.8759381173578662,0.8777613685652136,0.8725646900093885,3970
2026-07-19 13:00:00,0.8735188382973509,0.8734783423737067,0.8746422770742415,0.8724566135814571,1796
2026-07-19 14:00:00,0.8729233805316825,0.8734663644834295,0.8748460822030978,0.871533977457553,3725
2026-07-19 15:00:00,0.8712333927361563,0.8726759022330637,0.8740455427541286,0.8699216448093747,518
2026-07-19 16:00:00,0.8710974880498169,0.8712041164761113,0.8725330641075686,0.8698357872336249,3115
2026-07-19 17:00:00,0.8690279719006332,0.8711600936958845,0.8723504064333324,0.8677646915849841,4843
2026-07-19 18:00:00,0.8680182254750579,0.8690724961774922,0.8704373661893902,0.8669204693967518,2420
2026-07-19 19:00:00,0.8666100569957339,0.8680616715733515,0.8698184671575411,0.8652129565177606,2392
2026-07-19 20:00:00,0.8655603074787467,0.8668040276343294,0.8686946538696065,0.8638998960190786,3462
2026-07-19 21:00:00,0.8650245332863523,0.8654156592996469,0.866667745234744,0.8632774418562595,4296
2026-07-19 22:00:00,0.8633558532920658,0.8649696616239567,0.8661482813754725,0.8616194762751406,4074
2026-07-19 23:00:00,0.8647936681267138,0.8635562762344136,0.8658810343221502,0.8625070999093466,391
2026-07-20 00:00:00,0.8649356080067867,0.8645384234811172,0.8669300117189628,0.8632462551727528,1550
2026-07-20 01:00:00,0.8666390836408452,0.8649286279508086,0.8679725382737667,0.8637102651485137,4239
2026-07-20 02:00:00,0.8659969876779515,0.8667987199384285,0.8683874024718596,0.8645441981121336,4875
2026-07-20 03:00:00,0.864888439723195,0.8661544859711119,0.8676325787512125,0.8636125640082866,3299
2026-07-20 04:00:00,0.8665485384605865,0.8649742431549106,0.8684224674475757,0.8637330754982068,122
2026-07-20 05:00:00,0.8654048667727378,0.8666375158367299,0.8678713148290429,0.8637291194739345,3425
2026-07-20 06:00:00,0.8647409163463509,0.8652698344793325,0.8662797476746504,0.8634182834174408,4738
2026-07-20 07:00:00,0.8651549732389476,0.8649191179938457,0.866935319877947,0.8635891541098756,4051
2026-07-20 08:00:00,0.8632197022689909,0.8649995857019795,0.8665283408314434,0.8618178581141617,3645
2026-07-20 09:00:00,0.8636232558907433,0.8630719691882632,0.8650369077841098,0.8616013413050098,2677
2026-07-20 10:00:00,0.8638732723701408,0.8636735170049867,0.8655669458420656,0.86220097006137,4520
2026-07-20 11:00:00,0.8649464627517862,0.8638093076985174,0.8663770834622232,0.8621091332932118,3206
2026-07-20 12:00:00,0.8655645161553984,0.8649732991510305,0.8672705180291432,0.8640087874601992,2604
2026-07-20 13:00:00,0.8666744901788515,0.8656205163812216,0.8680386163857164,0.864236143671726,4508
2026-07-20 14:00:00,0.8660919838982414,0.8669054911676162,0.8684389803375517,0.8648194469321989,116
2026-07-20 15:00:00,0.8646067795157929,0.8661482340808099,0.8675816807026808,0.8633879118869954,713
2026-07-20 16:00:00,0.866688762012693,0.8645263680062428,0.8679042192284271,0.86302930687684,4223
2026-07-20 17:00:00,0.8644067272740666,0.8667764761239893,0.8680198239506188,0.8627738950519966,372
2026-07-20 18:00:00,0.8622449115794181,0.8642991509000608,0.865490895233599,0.8611046166600617,4499
2026-07-20 19:00:00,0.8624730652280287,0.8623630473860389,0.8638354674665335,0.860632856340101,4915
2026-07-20 20:00:00,0.8639730484858416,0.8624814407451318,0.8651508677602013,0.861556552667784,1377
2026-07-20 21:00:00,0.8637505095009386,0.864024943974634,0.8654335222800612,0.862301932151216,4419
2026-07-20 22:00:00,0.8644996739405812,0.863519603283546,0.8659006565834956,0.8624538530489475,2779
2026-07-20 23:00:00,0.8616547106676149,0.8642087691088909,0.8655542827825742,0.8605281243498047,2618
2026-07-21 00:00:00,0.8606052567129975,0.8614608906295692,0.8628092487357065,0.8592988374071052,4621
2026-07-21 01:00:00,0.8579065193444255,0.8608299129427552,0.8619710594212926,0.8567223054007769,3925
2026-07-21 02:00:00,0.8583930124942999,0.8577586841328465,0.8596079880498877,0.8572084396142645,4456
2026-07-21 03:00:00,0.856086334902393,0.8584870505564596,0.859342124442738,0.8546451641793,4421
2026-07-21 04:00:00,0.8541029522871538,0.8560040966004712,0.8572545368001323,0.8526219991134668,3659
2026-07-21 05:00:00,0.8542697825331075,0.8540721947180546,0.8552985425833548,0.8528320675260528,2387
2026-07-21 06:00:00,0.8550939717555287,0.8542640465300287,0.8564022276766503,0.8530428796168015,1007
2026-07-21 07:00:00,0.8544532100256537,0.8553046515186609,0.856403182076447,0.8532671153518153,579
2026-07-21 08:00:00,0.8546874170305839,0.8545281454540065,0.8554436428849455,0.8536849446776408,1337
2026-07-21 09:00:00,0.8548827628308316,0.8547367907598007,0.8567427593783513,0.8539205371374633,2455
2026-07-21 10:00:00,0.8541742505995007,0.8550489037925569,0.8562708608649929,0.8526870567691329,772
2026-07-21 11:00:00,0.8524106040200372,0.8540932890413353,0.8557419511871442,0.8508597194632227,1821
2026-07-21 12:00:00,0.8526384737082988,0.8525472405688269,0.853782631911187,0.8511156189162552,3993
2026-07-21 13:00:00,0.852924188537229,0.8527537851259892,0.8546380841920083,0.8513773564517844,213
2026-07-21 14:00:00,0.8535470178209372,0.8530381241793775,0.8545324298646432,0.8515573772674125,1610
2026-07-21 15:00:00,0.8534714975298319,0.8535271724703009,0.854852451096393,0.8520079363818132,4799
2026-07-21 16:00:00,0.8516192976336566,0.8534156336591738,0.8544139981811124,0.850542464572123,1688
2026-07-21 17:00:00,0.8519977058272996,0.8515081344711328,0.8539404505550876,0.8501732770999051,3607
2026-07-21 18:00:00,0.8515460485310256,0.8518946028843,0.8531082446699372,0.8503443653195906,3085
2026-07-21 19:00:00,0.8505167635978376,0.8514290582724133,0.8529162172530503,0.8493131623093542,3950
2026-07-21 20:00:00,0.8497132005932051,0.8505635209057123,0.8519529491827118,0.8481479767083694,3673
2026-07-21 21:00:00,0.8484348919791367,0.8496841413189125,0.8509502991524646,0.8467614403387977,3024
2026-07-21 22:00:00,0.849051504513762,0.8484898341271698,0.8504569530195148,0.8478139065246607,4859
2026-07-21 23:00:00,0.846899766833466,0.8491134825890649,0.8507291572127678,0.8456942238818602,1418
2026-07-22 00:00:00,0.8452575837116983,0.8467654018072003,0.8482027300219905,0.8440676562998447,1471
2026-07-22 01:00:00,0.8444130562500923,0.8451195514951778,0.8464273247843674,0.8428522081281273,2965
2026-07-22 02:00:00,0.8458995572679792,0.8443840426925586,0.8473001951168756,0.8434832549571109,3602
2026-07-22 03:00:00,0.8467146939268906,0.8458011113520415,0.8484712133861246,0.8452904352004255,3433
2026-07-22 04:00:00,0.8442956849629939,0.8466031947013319,0.847764064868945,0.842821307846589,4786
2026-07-22 05:00:00,0.8454673014694969,0.8445107321509489,0.8462652821941504,0.8429982924518726,3026
2026-07-22 06:00:00,0.8466366057298773,0.8452725723275806,0.8476280592804821,0.8444557384717829,3832
2026-07-22 07:00:00,0.8447777957386502,0.8468929617160043,0.8479010882364517,0.8435421565871539,723
2026-07-22 08:00:00,0.8413020458139344,0.8448142505824963,0.8458537769429126,0.839653889321229,287
2026-07-22 09:00:00,0.8407653798671177,0.8414264250646336,0.8424739581134264,0.8397761463889659,4086
2026-07-22 10:00:00,0.8416622891582776,0.8408750063151356,0.842918823730282,0.8395869974840031,2291
2026-07-22 11:00:00,0.8431218035220378,0.841740314918413,0.8444490672624506,0.8403471499900523,1558
2026-07-22 12:00:00,0.8416268108048043,0.8433315998516189,0.8446537968486778,0.840724830489886,3777
2026-07-22 13:00:00,0.8432791857303998,0.8414898938852523,0.8443593560597131,0.8403676179347551,2043
2026-07-22 14:00:00,0.8401556668554198,0.8432594784033602,0.8447702211359172,0.8393216030820158,246
2026-07-22 15:00:00,0.8392640061188246,0.840048302297961,0.8414417631673631,0.8380465357816114,2798
2026-07-22 16:00:00,0.8383133533157656,0.839050729200952,0.840705888874874,0.8372548133777953,714
2026-07-22 17:00:00,0.8392461577456748,0.8382301117055516,0.8407182192672104,0.8369189526400553,4890
2026-07-22 18:00:00,0.8403541207048025,0.8394821982319218,0.8415265327497655,0.838061623655847,1708
2026-07-22 19:00:00,0.8410491890913226,0.8403322366010229,0.8426401568387011,0.8387202912794758,1631
2026-07-22 20:00:00,0.8389785290328275,0.8412988081556455,0.8426261358048723,0.8371330411941825,4233
2026-07-22 21:00:00,0.8395636718709862,0.8392412067396618,0.8410240035365952,0.8379295480570751,305
2026-07-22 22:00:00,0.8397245222332984,0.8399409345330384,0.8413820100708198,0.8385446849662253,3419
2026-07-22 23:00:00,0.8372690409709629,0.8399638337802,0.8411885105973813,0.8361072460675938,4865
2026-07-23 00:00:00,0.8343386243764008,0.837564163045456,0.8388415197221648,0.8333286240109589,246
2026-07-23 01:00:00,0.8351342115244258,0.8343793581571027,0.836353998206786,0.8330143760465001,4791
2026-07-23 02:00:00,0.8344680923632507,0.8351627914182653,0.836200966618199,0.8333402772574394,3123
2026-07-23 03:00:00,0.8324758738523048,0.8345049093614818,0.8352180011744327,0.8310977802431424,1071
2026-07-23 04:00:00,0.8317760675378543,0.8324758816133507,0.8335504184583625,0.8307612241763687,4279
2026-07-23 05:00:00,0.8317629168351901,0.8317947401747318,0.8330920821321913,0.8306315720619075,4162
2026-07-23 06:00:00,0.831213495483189,0.8318567004800735,0.8333742265639293,0.829858861841418,4912
2026-07-23 07:00:00,0.8289011120994377,0.8311555779424453,0.8325968687065879,0.8276888206668065,4606
2026-07-23 08:00:00,0.8307137803837147,0.828729450383657,0.8318901675189355,0.8279619509576907,3093
2026-07-23 09:00:00,0.8314688419465002,0.8307591310387938,0.8325463815060075,0.8295157174824497,163
2026-07-23 10:00:00,0.830616389004492,0.8313825236890344,0.8325836263371671,0.829570254341305,3761
2026-07-23 11:00:00,0.8298122754174092,0.830543041047225,0.8315450377607245,0.8282734475896798,3798
2026-07-23 12:00:00,0.829793660291065,0.829794507058584,0.8305126263510463,0.8283072232409279,3887
2026-07-23 13:00:00,0.8279881146161766,0.8297474407666587,0.8306056145231303,0.8273132042141524,981
2026-07-23 14:00:00,0.8279253263400209,0.8281259694601069,0.8297093124058936,0.8264843639801248,3697
2026-07-23 15:00:00,0.825878447415788,0.8279046701034537,0.8296036552468111,0.8245431755033006,4153
2026-07-23 16:00:00,0.8253438063555738,0.8260221129039693,0.8274468067674603,0.8244732443065841,466
2026-07-23 17:00:00,0.8234915205557456,0.8253692542506889,0.826590125073385,0.8220392957002478,202
2026-07-23 18:00:00,0.8216998197769535,0.8234806089160053,0.8243697751293229,0.8207827743295792,508
2026-07-23 19:00:00,0.8232246869132953,0.8217193574284966,0.824419729585286,0.8202016493361595,3487
2026-07-23 20:00:00,0.8228457579864368,0.8230652650901206,0.8244505685259556,0.8217710033558411,1575
2026-07-23 21:00:00,0.8226446457689182,0.8228874755949029,0.8243262517791886,0.8217853228452295,4102
2026-07-23 22:00:00,0.8197809899356205,0.8227490681552145,0.8241481418893559,0.8180297538058575,4791
2026-07-23 23:00:00,0.8186145878253953,0.819902658627686,0.821427631528978,0.8177664200641918,274
2026-07-24 00:00:00,0.8187180423678405,0.8184485304273772,0.820423338453643,0.8174184253112268,3718
2026-07-24 01:00:00,0.8185010058869775,0.8185315493443218,0.8196598474924605,0.8174230205183108,3809
2026-07-24 02:00:00,0.815466170101353,0.8184353422849744,0.8203448326616681,0.814354445486284,468
2026-07-24 03:00:00,0.8152647356013415,0.8156355000600309,0.8163643620080426,0.8138709309539433,681
2026-07-24 04:00:00,0.8152546061656011,0.8152917582824614,0.8163242835944037,0.8140175603646971,4047
2026-07-24 05:00:00,0.8163451205634396,0.8151597433637673,0.8176186190135807,0.8136892683568296,487
2026-07-24 06:00:00,0.8151088432207135,0.8161674749922156,0.8175243930224518,0.8137952340618779,1075
2026-07-24 07:00:00,0.8119683607565508,0.8150255365695667,0.8161992443894981,0.8111579351235014,4611
2026-07-24 08:00:00,0.8103222358543846,0.8118770109679284,0.8129719752722832,0.8089730840412478,3663
2026-07-24 09:00:00,0.8085557578077422,0.8104357107184122,0.8121828182906909,0.8072862104880454,4622
2026-07-24 10:00:00,0.8089898084610783,0.8086786285044978,0.8100713819063511,0.8076167392603568,1442
2026-07-24 11:00:00,0.8052797245550039,0.8088629887575111,0.8098246439900113,0.8035708262787989,3731
2026-07-24 12:00:00,0.8042916968029167,0.8053705893364504,0.8069850019916612,0.8029384724567793,3086
2026-07-24 13:00:00,0.8055526513712093,0.8043703296446856,0.806966191508801,0.8029344175252027,4462
2026-07-24 14:00:00,0.8051113063266098,0.805410185216936,0.8068822629401637,0.8036677643870361,1206
2026-07-24 15:00:00,0.8057368865060215,0.8051011759539961,0.8069928380401166,0.8039941064071792,181
2026-07-24 16:00:00,0.8033167285057602,0.8057779544657059,0.8066513236203815,0.8019591107486885,2057
2026-07-24 17:00:00,0.8009443410899126,0.8033363398784933,0.8045580890946501,0.7996669885902261,2607
2026-07-24 18:00:00,0.8022190320393269,0.8007385067988775,0.8030580678882742,0.7996692351683041,2913
2026-07-24 19:00:00,0.8018904904782356,0.8022348111337461,0.8034959379889662,0.8009815274557043,4371
